dx,source,ref
nv,real,ISIC_0024307
nv,real,ISIC_0024311
bkl,real,ISIC_0024312
mel,real,ISIC_0024313
nv,real,ISIC_0024314
mel,real,ISIC_0024315
nv,real,ISIC_0024316
nv,real,ISIC_0024317
df,real,ISIC_0024318
nv,real,ISIC_0024319
nv,real,ISIC_0024321
bkl,real,ISIC_0024324
nv,real,ISIC_0024325
nv,real,ISIC_0024326
nv,real,ISIC_0024327
akiec,real,ISIC_0024329
mel,real,ISIC_0024333
nv,real,ISIC_0024334
bkl,real,ISIC_0024336
bkl,real,ISIC_0024337
nv,real,ISIC_0024339
nv,real,ISIC_0024340
nv,real,ISIC_0024341
nv,real,ISIC_0024342
nv,real,ISIC_0024343
nv,real,ISIC_0024344
nv,real,ISIC_0024347
nv,real,ISIC_0024348
nv,real,ISIC_0024350
nv,real,ISIC_0024352
nv,real,ISIC_0024353
nv,real,ISIC_0024356
nv,real,ISIC_0024357
bkl,real,ISIC_0024358
nv,real,ISIC_0024359
nv,real,ISIC_0024361
nv,real,ISIC_0024364
mel,real,ISIC_0024367
nv,real,ISIC_0024368
nv,real,ISIC_0024369
bkl,real,ISIC_0024371
nv,real,ISIC_0024373
nv,real,ISIC_0024376
nv,real,ISIC_0024377
nv,real,ISIC_0024378
nv,real,ISIC_0024379
bkl,real,ISIC_0024381
bkl,real,ISIC_0024382
bkl,real,ISIC_0024383
nv,real,ISIC_0024384
df,real,ISIC_0024386
nv,real,ISIC_0024387
nv,real,ISIC_0024391
nv,real,ISIC_0024393
nv,real,ISIC_0024394
nv,real,ISIC_0024395
df,real,ISIC_0024396
nv,real,ISIC_0024397
nv,real,ISIC_0024399
mel,real,ISIC_0024400
nv,real,ISIC_0024401
vasc,real,ISIC_0024402
bcc,real,ISIC_0024403
nv,real,ISIC_0024404
nv,real,ISIC_0024405
nv,real,ISIC_0024407
mel,real,ISIC_0024410
bcc,real,ISIC_0024411
nv,real,ISIC_0024414
nv,real,ISIC_0024415
nv,real,ISIC_0024416
nv,real,ISIC_0024417
akiec,real,ISIC_0024418
nv,real,ISIC_0024419
nv,real,ISIC_0024421
bkl,real,ISIC_0024422
nv,real,ISIC_0024424
nv,real,ISIC_0024425
bkl,real,ISIC_0024426
nv,real,ISIC_0024427
nv,real,ISIC_0024428
nv,real,ISIC_0024429
nv,real,ISIC_0024430
bcc,real,ISIC_0024431
bcc,real,ISIC_0024432
nv,real,ISIC_0024433
nv,real,ISIC_0024434
nv,real,ISIC_0024437
nv,real,ISIC_0024438
nv,real,ISIC_0024440
nv,real,ISIC_0024441
nv,real,ISIC_0024442
nv,real,ISIC_0024444
bkl,real,ISIC_0024446
nv,real,ISIC_0024447
mel,real,ISIC_0024449
akiec,real,ISIC_0024450
nv,real,ISIC_0024451
bkl,real,ISIC_0024453
bcc,real,ISIC_0024454
nv,real,ISIC_0024455
nv,real,ISIC_0024456
bcc,real,ISIC_0024457
nv,real,ISIC_0024458
nv,real,ISIC_0024460
bcc,real,ISIC_0024461
nv,real,ISIC_0024462
nv,real,ISIC_0024464
nv,real,ISIC_0024466
nv,real,ISIC_0024467
akiec,real,ISIC_0024468
nv,real,ISIC_0024469
akiec,real,ISIC_0024470
bkl,real,ISIC_0024471
nv,real,ISIC_0024473
nv,real,ISIC_0024474
bkl,real,ISIC_0024477
nv,real,ISIC_0024478
nv,real,ISIC_0024479
mel,real,ISIC_0024481
mel,real,ISIC_0024482
nv,real,ISIC_0024485
nv,real,ISIC_0024486
nv,real,ISIC_0024487
nv,real,ISIC_0024488
bkl,real,ISIC_0024489
bkl,real,ISIC_0024490
nv,real,ISIC_0024491
nv,real,ISIC_0024492
nv,real,ISIC_0024493
bkl,real,ISIC_0024495
nv,real,ISIC_0024497
bkl,real,ISIC_0024498
nv,real,ISIC_0024499
nv,real,ISIC_0024500
nv,real,ISIC_0024502
nv,real,ISIC_0024503
bkl,real,ISIC_0024505
nv,real,ISIC_0024507
nv,real,ISIC_0024508
nv,real,ISIC_0024509
nv,real,ISIC_0024510
akiec,real,ISIC_0024511
bcc,real,ISIC_0024515
nv,real,ISIC_0024519
nv,real,ISIC_0024520
nv,real,ISIC_0024521
nv,real,ISIC_0024523
nv,real,ISIC_0024524
mel,real,ISIC_0024525
nv,real,ISIC_0024526
nv,real,ISIC_0024527
nv,real,ISIC_0024528
nv,real,ISIC_0024529
nv,real,ISIC_0024530
nv,real,ISIC_0024532
nv,real,ISIC_0024536
mel,real,ISIC_0024537
nv,real,ISIC_0024544
mel,real,ISIC_0024545
mel,real,ISIC_0024546
bkl,real,ISIC_0024547
nv,real,ISIC_0024551
mel,real,ISIC_0024552
df,real,ISIC_0024553
nv,real,ISIC_0024555
nv,real,ISIC_0024557
nv,real,ISIC_0024558
nv,real,ISIC_0024559
nv,real,ISIC_0024560
nv,real,ISIC_0024561
akiec,real,ISIC_0024562
nv,real,ISIC_0024563
bcc,real,ISIC_0024564
nv,real,ISIC_0024565
nv,real,ISIC_0024568
nv,real,ISIC_0024569
bcc,real,ISIC_0024573
nv,real,ISIC_0024574
akiec,real,ISIC_0024575
nv,real,ISIC_0024576
nv,real,ISIC_0024580
bkl,real,ISIC_0024581
bcc,real,ISIC_0024582
nv,real,ISIC_0024583
nv,real,ISIC_0024584
mel,real,ISIC_0024586
nv,real,ISIC_0024587
nv,real,ISIC_0024589
nv,real,ISIC_0024591
bcc,real,ISIC_0024595
nv,real,ISIC_0024596
nv,real,ISIC_0024597
nv,real,ISIC_0024599
bkl,real,ISIC_0024602
nv,real,ISIC_0024603
nv,real,ISIC_0024604
nv,real,ISIC_0024605
nv,real,ISIC_0024609
nv,real,ISIC_0024611
bkl,real,ISIC_0024612
nv,real,ISIC_0024615
nv,real,ISIC_0024616
nv,real,ISIC_0024617
nv,real,ISIC_0024618
nv,real,ISIC_0024619
nv,real,ISIC_0024620
nv,real,ISIC_0024621
nv,real,ISIC_0024622
bkl,real,ISIC_0024623
nv,real,ISIC_0024625
bkl,real,ISIC_0024626
nv,real,ISIC_0024627
nv,real,ISIC_0024628
nv,real,ISIC_0024629
mel,real,ISIC_0024630
nv,real,ISIC_0024631
nv,real,ISIC_0024633
bkl,real,ISIC_0024635
nv,real,ISIC_0024636
nv,real,ISIC_0024637
nv,real,ISIC_0024638
nv,real,ISIC_0024639
mel,real,ISIC_0024640
nv,real,ISIC_0024641
nv,real,ISIC_0024642
bkl,real,ISIC_0024643
nv,real,ISIC_0024645
akiec,real,ISIC_0024646
nv,real,ISIC_0024648
nv,real,ISIC_0024649
nv,real,ISIC_0024651
nv,real,ISIC_0024655
nv,real,ISIC_0024658
nv,real,ISIC_0024659
vasc,real,ISIC_0024662
nv,real,ISIC_0024663
nv,real,ISIC_0024664
bcc,real,ISIC_0024666
nv,real,ISIC_0024667
nv,real,ISIC_0024668
vasc,real,ISIC_0024669
nv,real,ISIC_0024671
bkl,real,ISIC_0024672
nv,real,ISIC_0024674
mel,real,ISIC_0024675
bkl,real,ISIC_0024676
nv,real,ISIC_0024678
mel,real,ISIC_0024679
nv,real,ISIC_0024680
nv,real,ISIC_0024681
nv,real,ISIC_0024683
nv,real,ISIC_0024685
nv,real,ISIC_0024687
nv,real,ISIC_0024689
nv,real,ISIC_0024690
nv,real,ISIC_0024691
nv,real,ISIC_0024693
nv,real,ISIC_0024694
nv,real,ISIC_0024695
bkl,real,ISIC_0024696
nv,real,ISIC_0024697
nv,real,ISIC_0024698
mel,real,ISIC_0024700
mel,real,ISIC_0024701
mel,real,ISIC_0024702
nv,real,ISIC_0024704
bkl,real,ISIC_0024705
vasc,real,ISIC_0024706
akiec,real,ISIC_0024707
bkl,real,ISIC_0024711
nv,real,ISIC_0024712
nv,real,ISIC_0024713
nv,real,ISIC_0024714
nv,real,ISIC_0024715
nv,real,ISIC_0024717
nv,real,ISIC_0024718
nv,real,ISIC_0024720
nv,real,ISIC_0024724
bkl,real,ISIC_0024726
nv,real,ISIC_0024727
nv,real,ISIC_0024728
mel,real,ISIC_0024729
nv,real,ISIC_0024730
mel,real,ISIC_0024732
mel,real,ISIC_0024733
nv,real,ISIC_0024735
nv,real,ISIC_0024736
mel,real,ISIC_0024739
bkl,real,ISIC_0024740
bkl,real,ISIC_0024741
nv,real,ISIC_0024742
nv,real,ISIC_0024744
nv,real,ISIC_0024745
nv,real,ISIC_0024746
vasc,real,ISIC_0024747
bkl,real,ISIC_0024748
nv,real,ISIC_0024750
nv,real,ISIC_0024753
nv,real,ISIC_0024754
nv,real,ISIC_0024755
mel,real,ISIC_0024756
nv,real,ISIC_0024759
bkl,real,ISIC_0024760
bkl,real,ISIC_0024761
nv,real,ISIC_0024762
akiec,real,ISIC_0024763
nv,real,ISIC_0024764
nv,real,ISIC_0024765
mel,real,ISIC_0024767
nv,real,ISIC_0024768
bkl,real,ISIC_0024770
akiec,real,ISIC_0024771
bkl,real,ISIC_0024774
nv,real,ISIC_0024779
nv,real,ISIC_0024780
bkl,real,ISIC_0024782
nv,real,ISIC_0024783
nv,real,ISIC_0024784
nv,real,ISIC_0024785
bkl,real,ISIC_0024786
bcc,real,ISIC_0024787
nv,real,ISIC_0024788
nv,real,ISIC_0024789
nv,real,ISIC_0024790
mel,real,ISIC_0024792
nv,real,ISIC_0024794
bcc,real,ISIC_0024795
nv,real,ISIC_0024796
bcc,real,ISIC_0024799
nv,real,ISIC_0024801
nv,real,ISIC_0024802
mel,real,ISIC_0024805
mel,real,ISIC_0024806
nv,real,ISIC_0024809
nv,real,ISIC_0024810
nv,real,ISIC_0024811
nv,real,ISIC_0024812
nv,real,ISIC_0024813
bkl,real,ISIC_0024814
nv,real,ISIC_0024815
nv,real,ISIC_0024816
nv,real,ISIC_0024818
nv,real,ISIC_0024822
bkl,real,ISIC_0024825
nv,real,ISIC_0024826
nv,real,ISIC_0024827
bcc,real,ISIC_0024829
nv,real,ISIC_0024830
nv,real,ISIC_0024831
bkl,real,ISIC_0024832
nv,real,ISIC_0024834
nv,real,ISIC_0024837
nv,real,ISIC_0024838
nv,real,ISIC_0024840
nv,real,ISIC_0024841
nv,real,ISIC_0024842
nv,real,ISIC_0024844
df,real,ISIC_0024845
nv,real,ISIC_0024847
bcc,real,ISIC_0024848
nv,real,ISIC_0024849
bkl,real,ISIC_0024850
bkl,real,ISIC_0024851
nv,real,ISIC_0024852
mel,real,ISIC_0024853
nv,real,ISIC_0024856
nv,real,ISIC_0024857
nv,real,ISIC_0024858
nv,real,ISIC_0024859
nv,real,ISIC_0024860
mel,real,ISIC_0024864
mel,real,ISIC_0024865
nv,real,ISIC_0024866
vasc,real,ISIC_0024867
nv,real,ISIC_0024870
nv,real,ISIC_0024872
nv,real,ISIC_0024873
mel,real,ISIC_0024875
nv,real,ISIC_0024876
bkl,real,ISIC_0024877
nv,real,ISIC_0024878
nv,real,ISIC_0024879
bkl,real,ISIC_0024881
nv,real,ISIC_0024882
bcc,real,ISIC_0024885
mel,real,ISIC_0024886
bkl,real,ISIC_0024890
nv,real,ISIC_0024891
nv,real,ISIC_0024892
bkl,real,ISIC_0024893
nv,real,ISIC_0024894
nv,real,ISIC_0024896
bcc,real,ISIC_0024897
mel,real,ISIC_0024898
nv,real,ISIC_0024899
mel,real,ISIC_0024900
nv,real,ISIC_0024901
nv,real,ISIC_0024902
nv,real,ISIC_0024903
nv,real,ISIC_0024905
nv,real,ISIC_0024907
bkl,real,ISIC_0024909
bkl,real,ISIC_0024910
mel,real,ISIC_0024911
akiec,real,ISIC_0024913
nv,real,ISIC_0024914
bkl,real,ISIC_0024915
nv,real,ISIC_0024917
mel,real,ISIC_0024918
nv,real,ISIC_0024919
nv,real,ISIC_0024920
nv,real,ISIC_0024921
nv,real,ISIC_0024922
nv,real,ISIC_0024924
nv,real,ISIC_0024928
mel,real,ISIC_0024929
mel,real,ISIC_0024930
mel,real,ISIC_0024932
nv,real,ISIC_0024933
nv,real,ISIC_0024935
nv,real,ISIC_0024936
nv,real,ISIC_0024937
nv,real,ISIC_0024938
mel,real,ISIC_0024940
nv,real,ISIC_0024941
nv,real,ISIC_0024942
bkl,real,ISIC_0024943
nv,real,ISIC_0024944
nv,real,ISIC_0024945
akiec,real,ISIC_0024946
bkl,real,ISIC_0024947
akiec,real,ISIC_0024948
bcc,real,ISIC_0024949
nv,real,ISIC_0024950
mel,real,ISIC_0024951
mel,real,ISIC_0024952
nv,real,ISIC_0024954
nv,real,ISIC_0024955
nv,real,ISIC_0024956
nv,real,ISIC_0024957
mel,real,ISIC_0024958
nv,real,ISIC_0024959
nv,real,ISIC_0024960
mel,real,ISIC_0024961
nv,real,ISIC_0024963
nv,real,ISIC_0024965
nv,real,ISIC_0024968
nv,real,ISIC_0024969
bkl,real,ISIC_0024970
bkl,real,ISIC_0024971
mel,real,ISIC_0024972
df,real,ISIC_0024973
nv,real,ISIC_0024974
nv,real,ISIC_0024975
nv,real,ISIC_0024976
nv,real,ISIC_0024977
nv,real,ISIC_0024978
nv,real,ISIC_0024979
bkl,real,ISIC_0024981
bcc,real,ISIC_0024984
nv,real,ISIC_0024985
nv,real,ISIC_0024986
nv,real,ISIC_0024988
nv,real,ISIC_0024990
nv,real,ISIC_0024991
nv,real,ISIC_0024992
nv,real,ISIC_0024993
nv,real,ISIC_0024995
nv,real,ISIC_0024996
bkl,real,ISIC_0024997
nv,real,ISIC_0024998
mel,real,ISIC_0024999
nv,real,ISIC_0025000
nv,real,ISIC_0025001
nv,real,ISIC_0025002
nv,real,ISIC_0025003
bkl,real,ISIC_0025005
nv,real,ISIC_0025007
nv,real,ISIC_0025010
nv,real,ISIC_0025011
nv,real,ISIC_0025012
nv,real,ISIC_0025013
nv,real,ISIC_0025014
nv,real,ISIC_0025015
bkl,real,ISIC_0025016
nv,real,ISIC_0025017
bcc,real,ISIC_0025019
nv,real,ISIC_0025021
nv,real,ISIC_0025023
nv,real,ISIC_0025025
nv,real,ISIC_0025027
nv,real,ISIC_0025028
akiec,real,ISIC_0025029
bkl,real,ISIC_0025030
bcc,real,ISIC_0025031
nv,real,ISIC_0025034
mel,real,ISIC_0025035
nv,real,ISIC_0025036
nv,real,ISIC_0025039
nv,real,ISIC_0025041
nv,real,ISIC_0025042
nv,real,ISIC_0025043
nv,real,ISIC_0025044
nv,real,ISIC_0025048
nv,real,ISIC_0025049
nv,real,ISIC_0025050
nv,real,ISIC_0025052
nv,real,ISIC_0025053
nv,real,ISIC_0025054
nv,real,ISIC_0025055
nv,real,ISIC_0025056
nv,real,ISIC_0025057
nv,real,ISIC_0025059
nv,real,ISIC_0025060
nv,real,ISIC_0025061
nv,real,ISIC_0025062
bkl,real,ISIC_0025063
bkl,real,ISIC_0025066
nv,real,ISIC_0025067
bkl,real,ISIC_0025068
nv,real,ISIC_0025070
nv,real,ISIC_0025071
nv,real,ISIC_0025072
nv,real,ISIC_0025074
bkl,real,ISIC_0025075
nv,real,ISIC_0025079
nv,real,ISIC_0025080
mel,real,ISIC_0025081
nv,real,ISIC_0025082
bkl,real,ISIC_0025083
mel,real,ISIC_0025085
bkl,real,ISIC_0025086
nv,real,ISIC_0025087
akiec,real,ISIC_0025089
nv,real,ISIC_0025090
nv,real,ISIC_0025091
nv,real,ISIC_0025092
nv,real,ISIC_0025093
nv,real,ISIC_0025094
nv,real,ISIC_0025095
nv,real,ISIC_0025101
bcc,real,ISIC_0025102
nv,real,ISIC_0025104
mel,real,ISIC_0025105
nv,real,ISIC_0025106
nv,real,ISIC_0025108
nv,real,ISIC_0025110
nv,real,ISIC_0025111
bkl,real,ISIC_0025113
nv,real,ISIC_0025115
nv,real,ISIC_0025116
nv,real,ISIC_0025117
nv,real,ISIC_0025119
nv,real,ISIC_0025120
mel,real,ISIC_0025121
nv,real,ISIC_0025123
nv,real,ISIC_0025124
nv,real,ISIC_0025125
mel,real,ISIC_0025127
mel,real,ISIC_0025128
bkl,real,ISIC_0025131
nv,real,ISIC_0025133
nv,real,ISIC_0025134
nv,real,ISIC_0025135
bkl,real,ISIC_0025136
nv,real,ISIC_0025137
nv,real,ISIC_0025138
nv,real,ISIC_0025139
bkl,real,ISIC_0025140
nv,real,ISIC_0025141
nv,real,ISIC_0025142
bcc,real,ISIC_0025144
nv,real,ISIC_0025146
nv,real,ISIC_0025147
nv,real,ISIC_0025148
nv,real,ISIC_0025150
mel,real,ISIC_0025153
df,real,ISIC_0025154
nv,real,ISIC_0025156
bkl,real,ISIC_0025157
nv,real,ISIC_0025159
nv,real,ISIC_0025160
nv,real,ISIC_0025163
nv,real,ISIC_0025164
nv,real,ISIC_0025165
nv,real,ISIC_0025167
nv,real,ISIC_0025168
nv,real,ISIC_0025170
nv,real,ISIC_0025171
nv,real,ISIC_0025173
nv,real,ISIC_0025174
nv,real,ISIC_0025175
nv,real,ISIC_0025176
nv,real,ISIC_0025179
nv,real,ISIC_0025181
akiec,real,ISIC_0025182
nv,real,ISIC_0025183
nv,real,ISIC_0025184
nv,real,ISIC_0025185
mel,real,ISIC_0025188
nv,real,ISIC_0025189
nv,real,ISIC_0025193
akiec,real,ISIC_0025196
nv,real,ISIC_0025198
nv,real,ISIC_0025202
nv,real,ISIC_0025204
nv,real,ISIC_0025205
bkl,real,ISIC_0025209
nv,real,ISIC_0025210
nv,real,ISIC_0025214
nv,real,ISIC_0025215
nv,real,ISIC_0025217
nv,real,ISIC_0025218
mel,real,ISIC_0025219
nv,real,ISIC_0025220
nv,real,ISIC_0025221
bkl,real,ISIC_0025222
df,real,ISIC_0025223
nv,real,ISIC_0025224
nv,real,ISIC_0025225
nv,real,ISIC_0025226
nv,real,ISIC_0025227
nv,real,ISIC_0025229
nv,real,ISIC_0025230
nv,real,ISIC_0025231
mel,real,ISIC_0025234
mel,real,ISIC_0025235
nv,real,ISIC_0025236
nv,real,ISIC_0025237
mel,real,ISIC_0025238
nv,real,ISIC_0025239
nv,real,ISIC_0025241
nv,real,ISIC_0025243
vasc,real,ISIC_0025244
nv,real,ISIC_0025246
akiec,real,ISIC_0025247
vasc,real,ISIC_0025249
nv,real,ISIC_0025251
nv,real,ISIC_0025252
nv,real,ISIC_0025254
nv,real,ISIC_0025255
nv,real,ISIC_0025257
nv,real,ISIC_0025258
nv,real,ISIC_0025259
nv,real,ISIC_0025261
nv,real,ISIC_0025262
akiec,real,ISIC_0025264
nv,real,ISIC_0025267
mel,real,ISIC_0025268
nv,real,ISIC_0025269
nv,real,ISIC_0025270
nv,real,ISIC_0025271
nv,real,ISIC_0025272
nv,real,ISIC_0025274
bkl,real,ISIC_0025275
mel,real,ISIC_0025277
nv,real,ISIC_0025279
nv,real,ISIC_0025280
nv,real,ISIC_0025281
nv,real,ISIC_0025282
nv,real,ISIC_0025283
nv,real,ISIC_0025287
nv,real,ISIC_0025289
nv,real,ISIC_0025291
bkl,real,ISIC_0025292
nv,real,ISIC_0025293
nv,real,ISIC_0025296
bkl,real,ISIC_0025297
nv,real,ISIC_0025298
bcc,real,ISIC_0025299
nv,real,ISIC_0025300
bcc,real,ISIC_0025301
df,real,ISIC_0025302
mel,real,ISIC_0025303
nv,real,ISIC_0025305
nv,real,ISIC_0025307
nv,real,ISIC_0025308
nv,real,ISIC_0025309
nv,real,ISIC_0025311
mel,real,ISIC_0025313
df,real,ISIC_0025314
nv,real,ISIC_0025315
mel,real,ISIC_0025317
nv,real,ISIC_0025318
akiec,real,ISIC_0025319
nv,real,ISIC_0025320
vasc,real,ISIC_0025321
bcc,real,ISIC_0025322
nv,real,ISIC_0025323
mel,real,ISIC_0025324
nv,real,ISIC_0025325
nv,real,ISIC_0025327
nv,real,ISIC_0025328
nv,real,ISIC_0025329
bkl,real,ISIC_0025330
akiec,real,ISIC_0025331
nv,real,ISIC_0025332
nv,real,ISIC_0025333
nv,real,ISIC_0025335
nv,real,ISIC_0025338
bkl,real,ISIC_0025339
nv,real,ISIC_0025340
nv,real,ISIC_0025341
nv,real,ISIC_0025342
nv,real,ISIC_0025343
nv,real,ISIC_0025344
bkl,real,ISIC_0025345
nv,real,ISIC_0025346
nv,real,ISIC_0025348
nv,real,ISIC_0025349
akiec,real,ISIC_0025350
nv,real,ISIC_0025353
nv,real,ISIC_0025354
nv,real,ISIC_0025355
nv,real,ISIC_0025356
nv,real,ISIC_0025357
nv,real,ISIC_0025359
nv,real,ISIC_0025360
nv,real,ISIC_0025361
bcc,real,ISIC_0025362
mel,real,ISIC_0025363
nv,real,ISIC_0025364
nv,real,ISIC_0025367
nv,real,ISIC_0025369
nv,real,ISIC_0025370
nv,real,ISIC_0025372
df,real,ISIC_0025373
bkl,real,ISIC_0025374
bkl,real,ISIC_0025376
nv,real,ISIC_0025381
nv,real,ISIC_0025382
nv,real,ISIC_0025384
nv,real,ISIC_0025385
nv,real,ISIC_0025386
bkl,real,ISIC_0025387
bkl,real,ISIC_0025389
nv,real,ISIC_0025390
bkl,real,ISIC_0025392
nv,real,ISIC_0025393
mel,real,ISIC_0025394
nv,real,ISIC_0025395
nv,real,ISIC_0025396
nv,real,ISIC_0025397
nv,real,ISIC_0025398
nv,real,ISIC_0025399
nv,real,ISIC_0025400
nv,real,ISIC_0025403
nv,real,ISIC_0025405
mel,real,ISIC_0025409
nv,real,ISIC_0025410
akiec,real,ISIC_0025411
mel,real,ISIC_0025413
mel,real,ISIC_0025414
nv,real,ISIC_0025415
nv,real,ISIC_0025416
bcc,real,ISIC_0025417
nv,real,ISIC_0025418
bkl,real,ISIC_0025419
nv,real,ISIC_0025420
nv,real,ISIC_0025421
nv,real,ISIC_0025422
nv,real,ISIC_0025423
vasc,real,ISIC_0025425
nv,real,ISIC_0025426
akiec,real,ISIC_0025427
nv,real,ISIC_0025428
nv,real,ISIC_0025429
nv,real,ISIC_0025430
nv,real,ISIC_0025432
bkl,real,ISIC_0025434
nv,real,ISIC_0025435
nv,real,ISIC_0025437
nv,real,ISIC_0025438
mel,real,ISIC_0025439
nv,real,ISIC_0025441
nv,real,ISIC_0025444
nv,real,ISIC_0025446
nv,real,ISIC_0025449
mel,real,ISIC_0025450
vasc,real,ISIC_0025452
nv,real,ISIC_0025453
bkl,real,ISIC_0025454
nv,real,ISIC_0025455
nv,real,ISIC_0025456
nv,real,ISIC_0025457
nv,real,ISIC_0025458
nv,real,ISIC_0025459
nv,real,ISIC_0025461
nv,real,ISIC_0025462
nv,real,ISIC_0025463
nv,real,ISIC_0025464
bkl,real,ISIC_0025466
bcc,real,ISIC_0025467
nv,real,ISIC_0025468
nv,real,ISIC_0025469
bkl,real,ISIC_0025470
mel,real,ISIC_0025472
nv,real,ISIC_0025475
nv,real,ISIC_0025477
nv,real,ISIC_0025478
nv,real,ISIC_0025480
nv,real,ISIC_0025481
nv,real,ISIC_0025482
nv,real,ISIC_0025483
bkl,real,ISIC_0025485
nv,real,ISIC_0025487
nv,real,ISIC_0025488
nv,real,ISIC_0025490
nv,real,ISIC_0025491
nv,real,ISIC_0025494
nv,real,ISIC_0025496
nv,real,ISIC_0025497
nv,real,ISIC_0025498
nv,real,ISIC_0025499
nv,real,ISIC_0025501
nv,real,ISIC_0025503
nv,real,ISIC_0025505
nv,real,ISIC_0025506
bkl,real,ISIC_0025507
nv,real,ISIC_0025508
bkl,real,ISIC_0025510
nv,real,ISIC_0025511
mel,real,ISIC_0025512
nv,real,ISIC_0025514
bkl,real,ISIC_0025515
nv,real,ISIC_0025518
mel,real,ISIC_0025520
nv,real,ISIC_0025522
mel,real,ISIC_0025524
nv,real,ISIC_0025525
nv,real,ISIC_0025528
bkl,real,ISIC_0025529
bcc,real,ISIC_0025530
mel,real,ISIC_0025531
nv,real,ISIC_0025532
nv,real,ISIC_0025533
nv,real,ISIC_0025536
nv,real,ISIC_0025537
nv,real,ISIC_0025540
nv,real,ISIC_0025541
nv,real,ISIC_0025542
nv,real,ISIC_0025545
mel,real,ISIC_0025546
nv,real,ISIC_0025547
bkl,real,ISIC_0025548
nv,real,ISIC_0025549
mel,real,ISIC_0025550
bkl,real,ISIC_0025554
nv,real,ISIC_0025555
nv,real,ISIC_0025556
bcc,real,ISIC_0025557
nv,real,ISIC_0025559
nv,real,ISIC_0025560
nv,real,ISIC_0025561
nv,real,ISIC_0025563
nv,real,ISIC_0025565
nv,real,ISIC_0025566
bkl,real,ISIC_0025567
nv,real,ISIC_0025569
nv,real,ISIC_0025571
nv,real,ISIC_0025572
mel,real,ISIC_0025573
bcc,real,ISIC_0025576
vasc,real,ISIC_0025578
nv,real,ISIC_0025579
nv,real,ISIC_0025580
nv,real,ISIC_0025581
nv,real,ISIC_0025582
bkl,real,ISIC_0025583
bcc,real,ISIC_0025584
nv,real,ISIC_0025586
nv,real,ISIC_0025587
nv,real,ISIC_0025590
nv,real,ISIC_0025591
nv,real,ISIC_0025593
nv,real,ISIC_0025595
vasc,real,ISIC_0025596
nv,real,ISIC_0025597
nv,real,ISIC_0025598
vasc,real,ISIC_0025599
nv,real,ISIC_0025602
mel,real,ISIC_0025603
akiec,real,ISIC_0025605
vasc,real,ISIC_0025606
nv,real,ISIC_0025610
vasc,real,ISIC_0025612
nv,real,ISIC_0025613
mel,real,ISIC_0025616
nv,real,ISIC_0025618
nv,real,ISIC_0025620
nv,real,ISIC_0025621
df,real,ISIC_0025622
bkl,real,ISIC_0025623
nv,real,ISIC_0025624
nv,real,ISIC_0025625
nv,real,ISIC_0025626
vasc,real,ISIC_0025628
bcc,real,ISIC_0025630
nv,real,ISIC_0025633
nv,real,ISIC_0025634
nv,real,ISIC_0025635
nv,real,ISIC_0025636
akiec,real,ISIC_0025637
nv,real,ISIC_0025640
nv,real,ISIC_0025641
bcc,real,ISIC_0025644
nv,real,ISIC_0025645
nv,real,ISIC_0025646
nv,real,ISIC_0025647
nv,real,ISIC_0025648
nv,real,ISIC_0025652
nv,real,ISIC_0025653
bkl,real,ISIC_0025654
nv,real,ISIC_0025655
bkl,real,ISIC_0025656
nv,real,ISIC_0025657
nv,real,ISIC_0025658
nv,real,ISIC_0025660
bkl,real,ISIC_0025661
mel,real,ISIC_0025663
nv,real,ISIC_0025664
nv,real,ISIC_0025665
df,real,ISIC_0025668
nv,real,ISIC_0025669
nv,real,ISIC_0025670
nv,real,ISIC_0025672
nv,real,ISIC_0025675
nv,real,ISIC_0025676
vasc,real,ISIC_0025677
nv,real,ISIC_0025678
nv,real,ISIC_0025681
nv,real,ISIC_0025682
nv,real,ISIC_0025683
nv,real,ISIC_0025685
nv,real,ISIC_0025686
nv,real,ISIC_0025687
nv,real,ISIC_0025688
nv,real,ISIC_0025689
nv,real,ISIC_0025690
bcc,real,ISIC_0025691
nv,real,ISIC_0025694
nv,real,ISIC_0025695
nv,real,ISIC_0025697
nv,real,ISIC_0025698
bkl,real,ISIC_0025699
bcc,real,ISIC_0025700
nv,real,ISIC_0025701
bkl,real,ISIC_0025703
nv,real,ISIC_0025704
nv,real,ISIC_0025705
nv,real,ISIC_0025706
vasc,real,ISIC_0025707
mel,real,ISIC_0025708
mel,real,ISIC_0025709
bcc,real,ISIC_0025711
akiec,real,ISIC_0025712
nv,real,ISIC_0025713
nv,real,ISIC_0025715
bkl,real,ISIC_0025716
nv,real,ISIC_0025717
bcc,real,ISIC_0025718
bkl,real,ISIC_0025719
nv,real,ISIC_0025722
mel,real,ISIC_0025724
nv,real,ISIC_0025725
nv,real,ISIC_0025727
bcc,real,ISIC_0025731
nv,real,ISIC_0025733
nv,real,ISIC_0025734
nv,real,ISIC_0025737
nv,real,ISIC_0025738
nv,real,ISIC_0025739
nv,real,ISIC_0025741
nv,real,ISIC_0025745
bkl,real,ISIC_0025746
nv,real,ISIC_0025747
nv,real,ISIC_0025749
mel,real,ISIC_0025751
bcc,real,ISIC_0025752
nv,real,ISIC_0025754
nv,real,ISIC_0025756
nv,real,ISIC_0025757
nv,real,ISIC_0025759
nv,real,ISIC_0025760
nv,real,ISIC_0025761
nv,real,ISIC_0025762
nv,real,ISIC_0025763
mel,real,ISIC_0025766
nv,real,ISIC_0025770
df,real,ISIC_0025771
nv,real,ISIC_0025772
nv,real,ISIC_0025775
nv,real,ISIC_0025776
bkl,real,ISIC_0025777
nv,real,ISIC_0025779
bkl,real,ISIC_0025781
nv,real,ISIC_0025782
nv,real,ISIC_0025784
nv,real,ISIC_0025786
nv,real,ISIC_0025788
nv,real,ISIC_0025789
nv,real,ISIC_0025792
bcc,real,ISIC_0025793
nv,real,ISIC_0025794
nv,real,ISIC_0025795
nv,real,ISIC_0025796
nv,real,ISIC_0025798
mel,real,ISIC_0025800
nv,real,ISIC_0025801
nv,real,ISIC_0025802
akiec,real,ISIC_0025803
bkl,real,ISIC_0025804
bkl,real,ISIC_0025805
vasc,real,ISIC_0025807
akiec,real,ISIC_0025808
nv,real,ISIC_0025809
akiec,real,ISIC_0025811
nv,real,ISIC_0025812
nv,real,ISIC_0025813
mel,real,ISIC_0025814
nv,real,ISIC_0025817
bcc,real,ISIC_0025818
nv,real,ISIC_0025820
nv,real,ISIC_0025822
nv,real,ISIC_0025823
bcc,real,ISIC_0025826
bkl,real,ISIC_0025830
nv,real,ISIC_0025834
nv,real,ISIC_0025836
bkl,real,ISIC_0025837
bkl,real,ISIC_0025838
nv,real,ISIC_0025839
nv,real,ISIC_0025840
nv,real,ISIC_0025841
bkl,real,ISIC_0025842
nv,real,ISIC_0025845
nv,real,ISIC_0025846
nv,real,ISIC_0025847
nv,real,ISIC_0025848
nv,real,ISIC_0025850
bkl,real,ISIC_0025851
nv,real,ISIC_0025852
nv,real,ISIC_0025853
nv,real,ISIC_0025854
nv,real,ISIC_0025855
bkl,real,ISIC_0025856
nv,real,ISIC_0025857
nv,real,ISIC_0025858
nv,real,ISIC_0025859
nv,real,ISIC_0025861
nv,real,ISIC_0025862
nv,real,ISIC_0025863
nv,real,ISIC_0025865
nv,real,ISIC_0025866
bkl,real,ISIC_0025867
nv,real,ISIC_0025868
nv,real,ISIC_0025869
nv,real,ISIC_0025870
nv,real,ISIC_0025871
nv,real,ISIC_0025875
bkl,real,ISIC_0025876
nv,real,ISIC_0025877
nv,real,ISIC_0025880
nv,real,ISIC_0025882
bkl,real,ISIC_0025883
nv,real,ISIC_0025884
bkl,real,ISIC_0025885
nv,real,ISIC_0025886
nv,real,ISIC_0025889
nv,real,ISIC_0025890
mel,real,ISIC_0025891
nv,real,ISIC_0025892
nv,real,ISIC_0025893
nv,real,ISIC_0025895
nv,real,ISIC_0025897
nv,real,ISIC_0025898
nv,real,ISIC_0025900
nv,real,ISIC_0025901
nv,real,ISIC_0025902
df,real,ISIC_0025903
mel,real,ISIC_0025904
nv,real,ISIC_0025905
nv,real,ISIC_0025907
nv,real,ISIC_0025908
nv,real,ISIC_0025912
nv,real,ISIC_0025913
nv,real,ISIC_0025914
bkl,real,ISIC_0025915
nv,real,ISIC_0025916
nv,real,ISIC_0025917
nv,real,ISIC_0025919
nv,real,ISIC_0025920
nv,real,ISIC_0025921
nv,real,ISIC_0025922
nv,real,ISIC_0025923
vasc,real,ISIC_0025924
nv,real,ISIC_0025925
nv,real,ISIC_0025926
mel,real,ISIC_0025927
bkl,real,ISIC_0025928
nv,real,ISIC_0025929
nv,real,ISIC_0025930
nv,real,ISIC_0025931
bcc,real,ISIC_0025932
nv,real,ISIC_0025933
nv,real,ISIC_0025934
nv,real,ISIC_0025935
nv,real,ISIC_0025936
bkl,real,ISIC_0025937
bkl,real,ISIC_0025939
bcc,real,ISIC_0025940
mel,real,ISIC_0025941
nv,real,ISIC_0025944
nv,real,ISIC_0025945
nv,real,ISIC_0025946
nv,real,ISIC_0025947
akiec,real,ISIC_0025948
nv,real,ISIC_0025949
nv,real,ISIC_0025951
nv,real,ISIC_0025952
akiec,real,ISIC_0025953
df,real,ISIC_0025954
nv,real,ISIC_0025956
akiec,real,ISIC_0025957
nv,real,ISIC_0025958
nv,real,ISIC_0025959
nv,real,ISIC_0025961
mel,real,ISIC_0025963
mel,real,ISIC_0025964
nv,real,ISIC_0025965
nv,real,ISIC_0025968
nv,real,ISIC_0025969
nv,real,ISIC_0025970
bcc,real,ISIC_0025971
nv,real,ISIC_0025972
bkl,real,ISIC_0025973
nv,real,ISIC_0025978
nv,real,ISIC_0025979
df,real,ISIC_0025980
nv,real,ISIC_0025981
bkl,real,ISIC_0025982
nv,real,ISIC_0025983
bkl,real,ISIC_0025984
bkl,real,ISIC_0025985
bkl,real,ISIC_0025986
nv,real,ISIC_0025988
nv,real,ISIC_0025989
nv,real,ISIC_0025991
nv,real,ISIC_0025993
nv,real,ISIC_0025994
nv,real,ISIC_0025995
mel,real,ISIC_0025996
nv,real,ISIC_0025997
nv,real,ISIC_0025998
nv,real,ISIC_0025999
nv,real,ISIC_0026001
nv,real,ISIC_0026002
nv,real,ISIC_0026003
nv,real,ISIC_0026004
nv,real,ISIC_0026006
nv,real,ISIC_0026007
mel,real,ISIC_0026009
nv,real,ISIC_0026010
nv,real,ISIC_0026011
nv,real,ISIC_0026013
akiec,real,ISIC_0026014
bkl,real,ISIC_0026015
bkl,real,ISIC_0026016
nv,real,ISIC_0026017
nv,real,ISIC_0026019
nv,real,ISIC_0026021
nv,real,ISIC_0026022
nv,real,ISIC_0026023
nv,real,ISIC_0026024
nv,real,ISIC_0026025
nv,real,ISIC_0026026
nv,real,ISIC_0026027
nv,real,ISIC_0026028
nv,real,ISIC_0026029
nv,real,ISIC_0026030
nv,real,ISIC_0026031
nv,real,ISIC_0026032
nv,real,ISIC_0026034
nv,real,ISIC_0026036
nv,real,ISIC_0026037
nv,real,ISIC_0026038
nv,real,ISIC_0026039
akiec,real,ISIC_0026040
nv,real,ISIC_0026041
bkl,real,ISIC_0026042
nv,real,ISIC_0026043
bkl,real,ISIC_0026044
mel,real,ISIC_0026045
bkl,real,ISIC_0026046
nv,real,ISIC_0026048
nv,real,ISIC_0026049
nv,real,ISIC_0026050
nv,real,ISIC_0026052
nv,real,ISIC_0026053
nv,real,ISIC_0026054
nv,real,ISIC_0026055
bcc,real,ISIC_0026056
nv,real,ISIC_0026057
bkl,real,ISIC_0026060
nv,real,ISIC_0026062
nv,real,ISIC_0026063
nv,real,ISIC_0026064
nv,real,ISIC_0026066
nv,real,ISIC_0026067
vasc,real,ISIC_0026068
bkl,real,ISIC_0026069
bkl,real,ISIC_0026070
bkl,real,ISIC_0026072
bcc,real,ISIC_0026074
nv,real,ISIC_0026075
nv,real,ISIC_0026076
nv,real,ISIC_0026077
nv,real,ISIC_0026078
nv,real,ISIC_0026079
nv,real,ISIC_0026080
mel,real,ISIC_0026081
nv,real,ISIC_0026082
akiec,real,ISIC_0026083
nv,real,ISIC_0026084
bkl,real,ISIC_0026085
mel,real,ISIC_0026086
nv,real,ISIC_0026087
nv,real,ISIC_0026088
mel,real,ISIC_0026089
bcc,real,ISIC_0026091
nv,real,ISIC_0026093
nv,real,ISIC_0026096
nv,real,ISIC_0026097
nv,real,ISIC_0026101
nv,real,ISIC_0026102
nv,real,ISIC_0026103
bkl,real,ISIC_0026104
nv,real,ISIC_0026108
nv,real,ISIC_0026110
nv,real,ISIC_0026111
mel,real,ISIC_0026113
nv,real,ISIC_0026114
mel,real,ISIC_0026115
nv,real,ISIC_0026116
bcc,real,ISIC_0026117
bcc,real,ISIC_0026118
nv,real,ISIC_0026119
mel,real,ISIC_0026120
nv,real,ISIC_0026121
nv,real,ISIC_0026122
nv,real,ISIC_0026125
nv,real,ISIC_0026127
nv,real,ISIC_0026129
nv,real,ISIC_0026130
mel,real,ISIC_0026131
nv,real,ISIC_0026133
nv,real,ISIC_0026134
bkl,real,ISIC_0026135
nv,real,ISIC_0026137
akiec,real,ISIC_0026138
bkl,real,ISIC_0026142
mel,real,ISIC_0026150
nv,real,ISIC_0026151
akiec,real,ISIC_0026152
bkl,real,ISIC_0026153
bcc,real,ISIC_0026156
mel,real,ISIC_0026158
bkl,real,ISIC_0026159
nv,real,ISIC_0026161
vasc,real,ISIC_0026163
nv,real,ISIC_0026165
nv,real,ISIC_0026166
mel,real,ISIC_0026167
nv,real,ISIC_0026168
nv,real,ISIC_0026169
nv,real,ISIC_0026170
akiec,real,ISIC_0026171
nv,real,ISIC_0026172
nv,real,ISIC_0026173
bkl,real,ISIC_0026174
nv,real,ISIC_0026175
nv,real,ISIC_0026176
nv,real,ISIC_0026177
akiec,real,ISIC_0026178
nv,real,ISIC_0026179
nv,real,ISIC_0026180
nv,real,ISIC_0026182
nv,real,ISIC_0026183
nv,real,ISIC_0026185
nv,real,ISIC_0026186
nv,real,ISIC_0026187
mel,real,ISIC_0026188
nv,real,ISIC_0026189
nv,real,ISIC_0026191
bcc,real,ISIC_0026192
nv,real,ISIC_0026193
akiec,real,ISIC_0026194
nv,real,ISIC_0026195
nv,real,ISIC_0026197
nv,real,ISIC_0026198
nv,real,ISIC_0026199
nv,real,ISIC_0026200
nv,real,ISIC_0026202
akiec,real,ISIC_0026203
nv,real,ISIC_0026204
akiec,real,ISIC_0026206
mel,real,ISIC_0026207
nv,real,ISIC_0026208
nv,real,ISIC_0026209
nv,real,ISIC_0026211
akiec,real,ISIC_0026212
bcc,real,ISIC_0026213
nv,real,ISIC_0026214
nv,real,ISIC_0026215
nv,real,ISIC_0026216
nv,real,ISIC_0026217
nv,real,ISIC_0026218
nv,real,ISIC_0026220
nv,real,ISIC_0026221
nv,real,ISIC_0026222
nv,real,ISIC_0026225
nv,real,ISIC_0026228
bcc,real,ISIC_0026230
nv,real,ISIC_0026231
nv,real,ISIC_0026232
nv,real,ISIC_0026233
nv,real,ISIC_0026235
mel,real,ISIC_0026236
nv,real,ISIC_0026237
nv,real,ISIC_0026238
nv,real,ISIC_0026240
nv,real,ISIC_0026241
nv,real,ISIC_0026242
nv,real,ISIC_0026243
nv,real,ISIC_0026244
bkl,real,ISIC_0026245
nv,real,ISIC_0026246
bkl,real,ISIC_0026248
bkl,real,ISIC_0026249
nv,real,ISIC_0026250
nv,real,ISIC_0026253
nv,real,ISIC_0026257
mel,real,ISIC_0026258
nv,real,ISIC_0026259
bkl,real,ISIC_0026262
bkl,real,ISIC_0026263
bkl,real,ISIC_0026265
mel,real,ISIC_0026266
nv,real,ISIC_0026267
nv,real,ISIC_0026269
nv,real,ISIC_0026271
nv,real,ISIC_0026272
bkl,real,ISIC_0026273
nv,real,ISIC_0026274
bcc,real,ISIC_0026275
bkl,real,ISIC_0026276
bkl,real,ISIC_0026277
nv,real,ISIC_0026278
bkl,real,ISIC_0026280
mel,real,ISIC_0026281
bcc,real,ISIC_0026282
nv,real,ISIC_0026284
nv,real,ISIC_0026285
nv,real,ISIC_0026287
nv,real,ISIC_0026288
nv,real,ISIC_0026289
bkl,real,ISIC_0026290
bkl,real,ISIC_0026291
nv,real,ISIC_0026293
nv,real,ISIC_0026294
nv,real,ISIC_0026295
nv,real,ISIC_0026297
bkl,real,ISIC_0026298
nv,real,ISIC_0026299
bkl,real,ISIC_0026301
nv,real,ISIC_0026305
nv,real,ISIC_0026306
nv,real,ISIC_0026308
nv,real,ISIC_0026309
nv,real,ISIC_0026310
bkl,real,ISIC_0026311
nv,real,ISIC_0026312
nv,real,ISIC_0026317
nv,real,ISIC_0026318
akiec,real,ISIC_0026319
bcc,real,ISIC_0026321
nv,real,ISIC_0026322
nv,real,ISIC_0026323
bcc,real,ISIC_0026324
nv,real,ISIC_0026325
akiec,real,ISIC_0026327
nv,real,ISIC_0026328
nv,real,ISIC_0026329
nv,real,ISIC_0026330
nv,real,ISIC_0026332
nv,real,ISIC_0026333
nv,real,ISIC_0026334
bkl,real,ISIC_0026335
vasc,real,ISIC_0026336
bcc,real,ISIC_0026337
nv,real,ISIC_0026338
nv,real,ISIC_0026339
nv,real,ISIC_0026341
nv,real,ISIC_0026342
bcc,real,ISIC_0026343
nv,real,ISIC_0026344
nv,real,ISIC_0026345
nv,real,ISIC_0026346
nv,real,ISIC_0026347
nv,real,ISIC_0026348
vasc,real,ISIC_0026349
bcc,real,ISIC_0026350
bkl,real,ISIC_0026351
nv,real,ISIC_0026354
nv,real,ISIC_0026356
nv,real,ISIC_0026358
nv,real,ISIC_0026359
mel,real,ISIC_0026360
nv,real,ISIC_0026361
akiec,real,ISIC_0026362
nv,real,ISIC_0026363
nv,real,ISIC_0026364
bkl,real,ISIC_0026365
nv,real,ISIC_0026366
nv,real,ISIC_0026368
mel,real,ISIC_0026369
nv,real,ISIC_0026371
nv,real,ISIC_0026372
nv,real,ISIC_0026373
nv,real,ISIC_0026375
nv,real,ISIC_0026376
nv,real,ISIC_0026377
bkl,real,ISIC_0026378
nv,real,ISIC_0026379
nv,real,ISIC_0026380
nv,real,ISIC_0026381
nv,real,ISIC_0026382
nv,real,ISIC_0026383
nv,real,ISIC_0026384
nv,real,ISIC_0026385
nv,real,ISIC_0026386
nv,real,ISIC_0026387
akiec,real,ISIC_0026388
nv,real,ISIC_0026389
nv,real,ISIC_0026392
vasc,real,ISIC_0026393
bcc,real,ISIC_0026395
nv,real,ISIC_0026397
nv,real,ISIC_0026398
nv,real,ISIC_0026401
nv,real,ISIC_0026402
nv,real,ISIC_0026403
nv,real,ISIC_0026404
nv,real,ISIC_0026407
bkl,real,ISIC_0026409
nv,real,ISIC_0026410
akiec,real,ISIC_0026411
nv,real,ISIC_0026412
nv,real,ISIC_0026413
nv,real,ISIC_0026414
nv,real,ISIC_0026415
nv,real,ISIC_0026418
mel,real,ISIC_0026420
nv,real,ISIC_0026421
bkl,real,ISIC_0026422
nv,real,ISIC_0026423
nv,real,ISIC_0026424
nv,real,ISIC_0026425
nv,real,ISIC_0026426
nv,real,ISIC_0026427
nv,real,ISIC_0026428
nv,real,ISIC_0026429
mel,real,ISIC_0026430
nv,real,ISIC_0026432
nv,real,ISIC_0026434
nv,real,ISIC_0026435
nv,real,ISIC_0026437
mel,real,ISIC_0026438
bkl,real,ISIC_0026441
bcc,real,ISIC_0026442
nv,real,ISIC_0026445
bkl,real,ISIC_0026446
nv,real,ISIC_0026448
nv,real,ISIC_0026450
nv,real,ISIC_0026451
nv,real,ISIC_0026452
bcc,real,ISIC_0026453
vasc,real,ISIC_0026456
akiec,real,ISIC_0026457
mel,real,ISIC_0026458
nv,real,ISIC_0026459
nv,real,ISIC_0026460
nv,real,ISIC_0026462
nv,real,ISIC_0026463
nv,real,ISIC_0026464
nv,real,ISIC_0026465
akiec,real,ISIC_0026466
akiec,real,ISIC_0026468
nv,real,ISIC_0026470
nv,real,ISIC_0026472
df,real,ISIC_0026473
nv,real,ISIC_0026474
mel,real,ISIC_0026475
nv,real,ISIC_0026478
nv,real,ISIC_0026479
nv,real,ISIC_0026480
bkl,real,ISIC_0026481
nv,real,ISIC_0026483
nv,real,ISIC_0026484
nv,real,ISIC_0026485
nv,real,ISIC_0026486
nv,real,ISIC_0026487
nv,real,ISIC_0026488
vasc,real,ISIC_0026490
akiec,real,ISIC_0026492
bkl,real,ISIC_0026493
nv,real,ISIC_0026494
nv,real,ISIC_0026495
bcc,real,ISIC_0026496
nv,real,ISIC_0026498
nv,real,ISIC_0026499
nv,real,ISIC_0026501
nv,real,ISIC_0026502
nv,real,ISIC_0026503
nv,real,ISIC_0026504
nv,real,ISIC_0026505
mel,real,ISIC_0026506
nv,real,ISIC_0026508
nv,real,ISIC_0026509
nv,real,ISIC_0026510
bkl,real,ISIC_0026511
nv,real,ISIC_0026512
bkl,real,ISIC_0026514
nv,real,ISIC_0026515
mel,real,ISIC_0026516
nv,real,ISIC_0026517
nv,real,ISIC_0026518
nv,real,ISIC_0026519
nv,real,ISIC_0026520
nv,real,ISIC_0026521
akiec,real,ISIC_0026522
bkl,real,ISIC_0026524
bkl,real,ISIC_0026526
bcc,real,ISIC_0026528
bkl,real,ISIC_0026532
nv,real,ISIC_0026533
nv,real,ISIC_0026534
nv,real,ISIC_0026535
nv,real,ISIC_0026536
nv,real,ISIC_0026537
bkl,real,ISIC_0026538
bkl,real,ISIC_0026539
nv,real,ISIC_0026540
nv,real,ISIC_0026543
mel,real,ISIC_0026545
nv,real,ISIC_0026546
nv,real,ISIC_0026547
nv,real,ISIC_0026548
nv,real,ISIC_0026551
nv,real,ISIC_0026552
bkl,real,ISIC_0026553
nv,real,ISIC_0026555
bkl,real,ISIC_0026556
nv,real,ISIC_0026557
mel,real,ISIC_0026558
nv,real,ISIC_0026559
nv,real,ISIC_0026561
nv,real,ISIC_0026564
bkl,real,ISIC_0026566
nv,real,ISIC_0026568
nv,real,ISIC_0026569
nv,real,ISIC_0026572
nv,real,ISIC_0026573
bcc,real,ISIC_0026574
akiec,real,ISIC_0026575
bkl,real,ISIC_0026576
nv,real,ISIC_0026577
nv,real,ISIC_0026578
nv,real,ISIC_0026579
nv,real,ISIC_0026580
nv,real,ISIC_0026581
nv,real,ISIC_0026582
nv,real,ISIC_0026583
nv,real,ISIC_0026584
nv,real,ISIC_0026587
nv,real,ISIC_0026589
nv,real,ISIC_0026591
nv,real,ISIC_0026592
bcc,real,ISIC_0026593
nv,real,ISIC_0026595
mel,real,ISIC_0026596
nv,real,ISIC_0026597
nv,real,ISIC_0026598
nv,real,ISIC_0026599
nv,real,ISIC_0026601
nv,real,ISIC_0026603
mel,real,ISIC_0026604
bkl,real,ISIC_0026606
bkl,real,ISIC_0026607
nv,real,ISIC_0026612
nv,real,ISIC_0026613
nv,real,ISIC_0026615
nv,real,ISIC_0026617
nv,real,ISIC_0026618
nv,real,ISIC_0026619
nv,real,ISIC_0026621
bkl,real,ISIC_0026623
nv,real,ISIC_0026624
akiec,real,ISIC_0026625
akiec,real,ISIC_0026626
nv,real,ISIC_0026627
nv,real,ISIC_0026628
nv,real,ISIC_0026630
bkl,real,ISIC_0026631
nv,real,ISIC_0026632
nv,real,ISIC_0026633
bkl,real,ISIC_0026634
nv,real,ISIC_0026636
nv,real,ISIC_0026638
nv,real,ISIC_0026639
nv,real,ISIC_0026641
nv,real,ISIC_0026642
bkl,real,ISIC_0026644
akiec,real,ISIC_0026645
nv,real,ISIC_0026646
nv,real,ISIC_0026648
akiec,real,ISIC_0026650
mel,real,ISIC_0026652
nv,real,ISIC_0026653
bcc,real,ISIC_0026656
nv,real,ISIC_0026658
nv,real,ISIC_0026659
nv,real,ISIC_0026660
bkl,real,ISIC_0026661
nv,real,ISIC_0026662
bkl,real,ISIC_0026663
mel,real,ISIC_0026664
nv,real,ISIC_0026665
nv,real,ISIC_0026666
nv,real,ISIC_0026667
nv,real,ISIC_0026669
nv,real,ISIC_0026670
nv,real,ISIC_0026671
nv,real,ISIC_0026672
nv,real,ISIC_0026674
nv,real,ISIC_0026676
nv,real,ISIC_0026677
bkl,real,ISIC_0026679
nv,real,ISIC_0026684
nv,real,ISIC_0026685
nv,real,ISIC_0026686
bcc,real,ISIC_0026687
nv,real,ISIC_0026688
nv,real,ISIC_0026689
mel,real,ISIC_0026690
nv,real,ISIC_0026692
vasc,real,ISIC_0026693
mel,real,ISIC_0026694
nv,real,ISIC_0026695
nv,real,ISIC_0026696
mel,real,ISIC_0026697
nv,real,ISIC_0026698
nv,real,ISIC_0026699
nv,real,ISIC_0026700
nv,real,ISIC_0026701
nv,real,ISIC_0026703
nv,real,ISIC_0026706
nv,real,ISIC_0026707
nv,real,ISIC_0026708
akiec,real,ISIC_0026709
vasc,real,ISIC_0026713
bkl,real,ISIC_0026714
nv,real,ISIC_0026715
bcc,real,ISIC_0026716
nv,real,ISIC_0026719
akiec,real,ISIC_0026720
nv,real,ISIC_0026721
nv,real,ISIC_0026722
nv,real,ISIC_0026723
nv,real,ISIC_0026724
nv,real,ISIC_0026725
nv,real,ISIC_0026727
bkl,real,ISIC_0026728
nv,real,ISIC_0026730
nv,real,ISIC_0026731
nv,real,ISIC_0026734
bkl,real,ISIC_0026737
mel,real,ISIC_0026738
nv,real,ISIC_0026739
nv,real,ISIC_0026741
nv,real,ISIC_0026742
nv,real,ISIC_0026743
bkl,real,ISIC_0026744
nv,real,ISIC_0026749
nv,real,ISIC_0026750
nv,real,ISIC_0026755
nv,real,ISIC_0026757
nv,real,ISIC_0026758
bcc,real,ISIC_0026760
nv,real,ISIC_0026762
nv,real,ISIC_0026763
akiec,real,ISIC_0026765
bcc,real,ISIC_0026766
nv,real,ISIC_0026767
bkl,real,ISIC_0026769
nv,real,ISIC_0026771
nv,real,ISIC_0026773
mel,real,ISIC_0026774
nv,real,ISIC_0026777
nv,real,ISIC_0026779
nv,real,ISIC_0026780
nv,real,ISIC_0026781
bkl,real,ISIC_0026783
nv,real,ISIC_0026785
nv,real,ISIC_0026786
nv,real,ISIC_0026788
df,real,ISIC_0026789
bkl,real,ISIC_0026790
nv,real,ISIC_0026792
bkl,real,ISIC_0026794
nv,real,ISIC_0026795
mel,real,ISIC_0026796
nv,real,ISIC_0026797
bcc,real,ISIC_0026798
nv,real,ISIC_0026799
nv,real,ISIC_0026800
mel,real,ISIC_0026802
bkl,real,ISIC_0026803
nv,real,ISIC_0026805
nv,real,ISIC_0026806
nv,real,ISIC_0026809
mel,real,ISIC_0026811
nv,real,ISIC_0026813
nv,real,ISIC_0026814
nv,real,ISIC_0026815
nv,real,ISIC_0026818
nv,real,ISIC_0026819
nv,real,ISIC_0026820
nv,real,ISIC_0026822
nv,real,ISIC_0026824
nv,real,ISIC_0026826
nv,real,ISIC_0026828
bcc,real,ISIC_0026829
nv,real,ISIC_0026830
nv,real,ISIC_0026833
nv,real,ISIC_0026834
bkl,real,ISIC_0026835
nv,real,ISIC_0026836
nv,real,ISIC_0026837
nv,real,ISIC_0026839
nv,real,ISIC_0026840
nv,real,ISIC_0026841
bkl,real,ISIC_0026843
bkl,real,ISIC_0026844
bcc,real,ISIC_0026845
bkl,real,ISIC_0026846
mel,real,ISIC_0026847
bkl,real,ISIC_0026849
nv,real,ISIC_0026852
mel,real,ISIC_0026853
nv,real,ISIC_0026854
bcc,real,ISIC_0026855
akiec,real,ISIC_0026857
nv,real,ISIC_0026858
nv,real,ISIC_0026859
nv,real,ISIC_0026862
nv,real,ISIC_0026864
nv,real,ISIC_0026866
mel,real,ISIC_0026868
nv,real,ISIC_0026869
mel,real,ISIC_0026870
bkl,real,ISIC_0026871
nv,real,ISIC_0026874
vasc,real,ISIC_0026876
mel,real,ISIC_0026877
nv,real,ISIC_0026879
nv,real,ISIC_0026880
nv,real,ISIC_0026881
nv,real,ISIC_0026883
nv,real,ISIC_0026884
nv,real,ISIC_0026885
nv,real,ISIC_0026888
nv,real,ISIC_0026889
nv,real,ISIC_0026890
nv,real,ISIC_0026891
bkl,real,ISIC_0026893
bkl,real,ISIC_0026895
mel,real,ISIC_0026897
nv,real,ISIC_0026900
bcc,real,ISIC_0026902
nv,real,ISIC_0026904
akiec,real,ISIC_0026905
bkl,real,ISIC_0026907
nv,real,ISIC_0026908
nv,real,ISIC_0026911
bkl,real,ISIC_0026912
nv,real,ISIC_0026913
nv,real,ISIC_0026914
mel,real,ISIC_0026916
nv,real,ISIC_0026917
nv,real,ISIC_0026918
nv,real,ISIC_0026919
nv,real,ISIC_0026920
nv,real,ISIC_0026921
nv,real,ISIC_0026922
nv,real,ISIC_0026924
nv,real,ISIC_0026925
nv,real,ISIC_0026928
nv,real,ISIC_0026929
mel,real,ISIC_0026930
nv,real,ISIC_0026931
nv,real,ISIC_0026932
nv,real,ISIC_0026934
nv,real,ISIC_0026936
nv,real,ISIC_0026937
nv,real,ISIC_0026938
nv,real,ISIC_0026939
bkl,real,ISIC_0026941
nv,real,ISIC_0026942
nv,real,ISIC_0026946
nv,real,ISIC_0026948
mel,real,ISIC_0026950
nv,real,ISIC_0026951
bcc,real,ISIC_0026952
nv,real,ISIC_0026953
mel,real,ISIC_0026954
bkl,real,ISIC_0026955
nv,real,ISIC_0026956
bcc,real,ISIC_0026957
bkl,real,ISIC_0026958
nv,real,ISIC_0026960
bkl,real,ISIC_0026961
nv,real,ISIC_0026962
mel,real,ISIC_0026963
nv,real,ISIC_0026964
nv,real,ISIC_0026965
bkl,real,ISIC_0026967
bcc,real,ISIC_0026968
bcc,real,ISIC_0026970
nv,real,ISIC_0026971
nv,real,ISIC_0026974
nv,real,ISIC_0026975
mel,real,ISIC_0026976
bcc,real,ISIC_0026978
nv,real,ISIC_0026979
nv,real,ISIC_0026983
akiec,real,ISIC_0026984
nv,real,ISIC_0026985
nv,real,ISIC_0026986
nv,real,ISIC_0026987
bcc,real,ISIC_0026988
mel,real,ISIC_0026989
nv,real,ISIC_0026990
akiec,real,ISIC_0026992
mel,real,ISIC_0026993
nv,real,ISIC_0026994
mel,real,ISIC_0026996
nv,real,ISIC_0026997
nv,real,ISIC_0026998
nv,real,ISIC_0026999
nv,real,ISIC_0027000
nv,real,ISIC_0027005
bkl,real,ISIC_0027006
nv,real,ISIC_0027007
df,real,ISIC_0027008
nv,real,ISIC_0027011
nv,real,ISIC_0027013
nv,real,ISIC_0027014
nv,real,ISIC_0027015
nv,real,ISIC_0027016
bkl,real,ISIC_0027017
bkl,real,ISIC_0027018
nv,real,ISIC_0027019
nv,real,ISIC_0027024
bkl,real,ISIC_0027025
bkl,real,ISIC_0027027
nv,real,ISIC_0027029
nv,real,ISIC_0027031
nv,real,ISIC_0027032
nv,real,ISIC_0027035
nv,real,ISIC_0027036
bcc,real,ISIC_0027038
nv,real,ISIC_0027039
nv,real,ISIC_0027040
bkl,real,ISIC_0027041
df,real,ISIC_0027044
nv,real,ISIC_0027045
bcc,real,ISIC_0027046
akiec,real,ISIC_0027047
nv,real,ISIC_0027048
nv,real,ISIC_0027050
bkl,real,ISIC_0027053
nv,real,ISIC_0027055
nv,real,ISIC_0027056
bcc,real,ISIC_0027057
bcc,real,ISIC_0027058
nv,real,ISIC_0027059
mel,real,ISIC_0027060
nv,real,ISIC_0027061
bkl,real,ISIC_0027064
mel,real,ISIC_0027065
nv,real,ISIC_0027066
bkl,real,ISIC_0027068
nv,real,ISIC_0027070
mel,real,ISIC_0027071
nv,real,ISIC_0027072
nv,real,ISIC_0027073
nv,real,ISIC_0027074
nv,real,ISIC_0027075
mel,real,ISIC_0027076
nv,real,ISIC_0027077
nv,real,ISIC_0027080
nv,real,ISIC_0027081
bkl,real,ISIC_0027083
akiec,real,ISIC_0027084
nv,real,ISIC_0027085
nv,real,ISIC_0027086
nv,real,ISIC_0027088
bcc,real,ISIC_0027090
nv,real,ISIC_0027091
bcc,real,ISIC_0027093
nv,real,ISIC_0027095
nv,real,ISIC_0027096
nv,real,ISIC_0027097
nv,real,ISIC_0027099
mel,real,ISIC_0027100
mel,real,ISIC_0027101
nv,real,ISIC_0027103
nv,real,ISIC_0027104
mel,real,ISIC_0027105
df,real,ISIC_0027107
nv,real,ISIC_0027108
nv,real,ISIC_0027109
nv,real,ISIC_0027110
nv,real,ISIC_0027111
nv,real,ISIC_0027112
nv,real,ISIC_0027113
nv,real,ISIC_0027114
nv,real,ISIC_0027115
df,real,ISIC_0027118
nv,real,ISIC_0027119
bcc,real,ISIC_0027120
nv,real,ISIC_0027123
nv,real,ISIC_0027124
nv,real,ISIC_0027128
nv,real,ISIC_0027129
mel,real,ISIC_0027130
nv,real,ISIC_0027131
nv,real,ISIC_0027132
nv,real,ISIC_0027133
nv,real,ISIC_0027134
nv,real,ISIC_0027136
bkl,real,ISIC_0027139
nv,real,ISIC_0027140
df,real,ISIC_0027141
bkl,real,ISIC_0027142
nv,real,ISIC_0027143
mel,real,ISIC_0027144
bcc,real,ISIC_0027146
nv,real,ISIC_0027148
mel,real,ISIC_0027149
nv,real,ISIC_0027150
bkl,real,ISIC_0027154
mel,real,ISIC_0027155
nv,real,ISIC_0027156
nv,real,ISIC_0027157
nv,real,ISIC_0027160
nv,real,ISIC_0027161
bkl,real,ISIC_0027162
mel,real,ISIC_0027163
nv,real,ISIC_0027164
nv,real,ISIC_0027165
nv,real,ISIC_0027166
bkl,real,ISIC_0027167
nv,real,ISIC_0027168
nv,real,ISIC_0027169
nv,real,ISIC_0027170
mel,real,ISIC_0027171
akiec,real,ISIC_0027172
bcc,real,ISIC_0027175
nv,real,ISIC_0027176
nv,real,ISIC_0027177
akiec,real,ISIC_0027178
nv,real,ISIC_0027180
nv,real,ISIC_0027181
nv,real,ISIC_0027183
akiec,real,ISIC_0027184
nv,real,ISIC_0027186
mel,real,ISIC_0027187
nv,real,ISIC_0027191
bkl,real,ISIC_0027192
bkl,real,ISIC_0027194
nv,real,ISIC_0027195
nv,real,ISIC_0027196
nv,real,ISIC_0027197
nv,real,ISIC_0027198
nv,real,ISIC_0027199
nv,real,ISIC_0027200
bkl,real,ISIC_0027202
nv,real,ISIC_0027203
mel,real,ISIC_0027204
nv,real,ISIC_0027205
nv,real,ISIC_0027206
nv,real,ISIC_0027207
nv,real,ISIC_0027208
vasc,real,ISIC_0027210
nv,real,ISIC_0027211
nv,real,ISIC_0027212
nv,real,ISIC_0027214
nv,real,ISIC_0027215
df,real,ISIC_0027216
bkl,real,ISIC_0027218
bkl,real,ISIC_0027219
nv,real,ISIC_0027220
nv,real,ISIC_0027225
nv,real,ISIC_0027226
nv,real,ISIC_0027227
nv,real,ISIC_0027230
akiec,real,ISIC_0027231
nv,real,ISIC_0027232
nv,real,ISIC_0027236
nv,real,ISIC_0027237
mel,real,ISIC_0027238
bkl,real,ISIC_0027239
nv,real,ISIC_0027241
nv,real,ISIC_0027244
nv,real,ISIC_0027246
nv,real,ISIC_0027248
nv,real,ISIC_0027250
nv,real,ISIC_0027251
nv,real,ISIC_0027252
akiec,real,ISIC_0027254
nv,real,ISIC_0027255
vasc,real,ISIC_0027256
nv,real,ISIC_0027257
nv,real,ISIC_0027258
nv,real,ISIC_0027259
mel,real,ISIC_0027261
mel,real,ISIC_0027263
nv,real,ISIC_0027264
nv,real,ISIC_0027265
nv,real,ISIC_0027266
nv,real,ISIC_0027267
nv,real,ISIC_0027268
nv,real,ISIC_0027271
nv,real,ISIC_0027273
nv,real,ISIC_0027274
bkl,real,ISIC_0027275
nv,real,ISIC_0027276
mel,real,ISIC_0027277
bkl,real,ISIC_0027279
nv,real,ISIC_0027280
bcc,real,ISIC_0027281
mel,real,ISIC_0027282
nv,real,ISIC_0027283
nv,real,ISIC_0027284
nv,real,ISIC_0027285
nv,real,ISIC_0027288
nv,real,ISIC_0027289
nv,real,ISIC_0027290
bcc,real,ISIC_0027291
nv,real,ISIC_0027293
akiec,real,ISIC_0027294
nv,real,ISIC_0027296
bcc,real,ISIC_0027297
nv,real,ISIC_0027301
mel,real,ISIC_0027302
akiec,real,ISIC_0027303
nv,real,ISIC_0027308
nv,real,ISIC_0027309
nv,real,ISIC_0027311
nv,real,ISIC_0027312
nv,real,ISIC_0027313
nv,real,ISIC_0027314
nv,real,ISIC_0027315
nv,real,ISIC_0027317
nv,real,ISIC_0027318
nv,real,ISIC_0027321
nv,real,ISIC_0027322
nv,real,ISIC_0027324
bkl,real,ISIC_0027326
nv,real,ISIC_0027329
nv,real,ISIC_0027331
bkl,real,ISIC_0027332
nv,real,ISIC_0027333
bcc,real,ISIC_0027337
nv,real,ISIC_0027339
nv,real,ISIC_0027342
akiec,real,ISIC_0027343
bkl,real,ISIC_0027344
nv,real,ISIC_0027346
nv,real,ISIC_0027347
nv,real,ISIC_0027348
nv,real,ISIC_0027349
mel,real,ISIC_0027350
nv,real,ISIC_0027351
nv,real,ISIC_0027353
bkl,real,ISIC_0027354
nv,real,ISIC_0027356
nv,real,ISIC_0027357
nv,real,ISIC_0027358
mel,real,ISIC_0027359
nv,real,ISIC_0027361
nv,real,ISIC_0027363
bcc,real,ISIC_0027365
nv,real,ISIC_0027366
nv,real,ISIC_0027368
bkl,real,ISIC_0027370
bcc,real,ISIC_0027371
nv,real,ISIC_0027373
nv,real,ISIC_0027375
nv,real,ISIC_0027376
nv,real,ISIC_0027377
nv,real,ISIC_0027379
nv,real,ISIC_0027380
nv,real,ISIC_0027381
nv,real,ISIC_0027382
vasc,real,ISIC_0027385
nv,real,ISIC_0027386
mel,real,ISIC_0027387
nv,real,ISIC_0027391
nv,real,ISIC_0027393
bkl,real,ISIC_0027394
nv,real,ISIC_0027395
nv,real,ISIC_0027397
nv,real,ISIC_0027399
nv,real,ISIC_0027400
nv,real,ISIC_0027401
mel,real,ISIC_0027402
nv,real,ISIC_0027404
nv,real,ISIC_0027405
nv,real,ISIC_0027406
mel,real,ISIC_0027407
nv,real,ISIC_0027408
nv,real,ISIC_0027409
nv,real,ISIC_0027410
nv,real,ISIC_0027412
nv,real,ISIC_0027413
nv,real,ISIC_0027414
nv,real,ISIC_0027415
nv,real,ISIC_0027416
nv,real,ISIC_0027417
nv,real,ISIC_0027418
bkl,real,ISIC_0027419
mel,real,ISIC_0027420
nv,real,ISIC_0027421
nv,real,ISIC_0027423
nv,real,ISIC_0027424
bcc,real,ISIC_0027425
nv,real,ISIC_0027427
bkl,real,ISIC_0027428
nv,real,ISIC_0027429
nv,real,ISIC_0027431
nv,real,ISIC_0027432
nv,real,ISIC_0027434
bkl,real,ISIC_0027435
bkl,real,ISIC_0027437
nv,real,ISIC_0027438
nv,real,ISIC_0027439
nv,real,ISIC_0027440
nv,real,ISIC_0027441
mel,real,ISIC_0027442
nv,real,ISIC_0027446
akiec,real,ISIC_0027447
nv,real,ISIC_0027448
nv,real,ISIC_0027449
nv,real,ISIC_0027450
akiec,real,ISIC_0027452
nv,real,ISIC_0027456
nv,real,ISIC_0027457
nv,real,ISIC_0027458
nv,real,ISIC_0027459
nv,real,ISIC_0027460
nv,real,ISIC_0027462
nv,real,ISIC_0027465
nv,real,ISIC_0027466
nv,real,ISIC_0027467
nv,real,ISIC_0027468
nv,real,ISIC_0027469
bkl,real,ISIC_0027470
nv,real,ISIC_0027472
bcc,real,ISIC_0027473
nv,real,ISIC_0027475
nv,real,ISIC_0027476
nv,real,ISIC_0027477
bcc,real,ISIC_0027478
nv,real,ISIC_0027479
nv,real,ISIC_0027481
nv,real,ISIC_0027484
nv,real,ISIC_0027486
mel,real,ISIC_0027487
df,real,ISIC_0027488
nv,real,ISIC_0027489
nv,real,ISIC_0027490
nv,real,ISIC_0027491
nv,real,ISIC_0027492
nv,real,ISIC_0027493
nv,real,ISIC_0027494
nv,real,ISIC_0027495
nv,real,ISIC_0027497
nv,real,ISIC_0027498
nv,real,ISIC_0027500
nv,real,ISIC_0027501
mel,real,ISIC_0027502
nv,real,ISIC_0027505
akiec,real,ISIC_0027506
mel,real,ISIC_0027507
nv,real,ISIC_0027511
nv,real,ISIC_0027512
bkl,real,ISIC_0027513
nv,real,ISIC_0027515
nv,real,ISIC_0027516
mel,real,ISIC_0027517
nv,real,ISIC_0027518
nv,real,ISIC_0027519
nv,real,ISIC_0027520
nv,real,ISIC_0027521
vasc,real,ISIC_0027522
nv,real,ISIC_0027523
nv,real,ISIC_0027524
bcc,real,ISIC_0027526
bkl,real,ISIC_0027527
nv,real,ISIC_0027528
nv,real,ISIC_0027532
nv,real,ISIC_0027534
nv,real,ISIC_0027535
akiec,real,ISIC_0027536
nv,real,ISIC_0027543
bcc,real,ISIC_0027544
bcc,real,ISIC_0027545
nv,real,ISIC_0027547
nv,real,ISIC_0027548
nv,real,ISIC_0027549
nv,real,ISIC_0027551
nv,real,ISIC_0027553
nv,real,ISIC_0027554
nv,real,ISIC_0027556
nv,real,ISIC_0027557
nv,real,ISIC_0027558
mel,real,ISIC_0027560
mel,real,ISIC_0027561
vasc,real,ISIC_0027563
nv,real,ISIC_0027564
nv,real,ISIC_0027565
nv,real,ISIC_0027566
nv,real,ISIC_0027567
nv,real,ISIC_0027568
nv,real,ISIC_0027569
nv,real,ISIC_0027570
nv,real,ISIC_0027571
nv,real,ISIC_0027572
mel,real,ISIC_0027573
nv,real,ISIC_0027574
nv,real,ISIC_0027575
nv,real,ISIC_0027576
nv,real,ISIC_0027578
nv,real,ISIC_0027579
akiec,real,ISIC_0027580
nv,real,ISIC_0027582
nv,real,ISIC_0027583
bkl,real,ISIC_0027584
nv,real,ISIC_0027585
nv,real,ISIC_0027587
akiec,real,ISIC_0027588
nv,real,ISIC_0027591
nv,real,ISIC_0027593
nv,real,ISIC_0027594
bcc,real,ISIC_0027595
nv,real,ISIC_0027596
nv,real,ISIC_0027597
nv,real,ISIC_0027599
nv,real,ISIC_0027600
bcc,real,ISIC_0027601
nv,real,ISIC_0027603
nv,real,ISIC_0027605
bkl,real,ISIC_0027606
nv,real,ISIC_0027607
bcc,real,ISIC_0027609
nv,real,ISIC_0027611
bkl,real,ISIC_0027612
df,real,ISIC_0027613
nv,real,ISIC_0027614
akiec,real,ISIC_0027615
mel,real,ISIC_0027616
nv,real,ISIC_0027618
nv,real,ISIC_0027619
mel,real,ISIC_0027620
mel,real,ISIC_0027622
nv,real,ISIC_0027624
df,real,ISIC_0027626
nv,real,ISIC_0027627
nv,real,ISIC_0027628
bcc,real,ISIC_0027629
nv,real,ISIC_0027630
nv,real,ISIC_0027632
nv,real,ISIC_0027633
nv,real,ISIC_0027634
nv,real,ISIC_0027636
nv,real,ISIC_0027637
nv,real,ISIC_0027638
nv,real,ISIC_0027641
nv,real,ISIC_0027645
nv,real,ISIC_0027646
df,real,ISIC_0027648
bkl,real,ISIC_0027649
mel,real,ISIC_0027651
bkl,real,ISIC_0027652
nv,real,ISIC_0027653
nv,real,ISIC_0027654
nv,real,ISIC_0027655
nv,real,ISIC_0027657
nv,real,ISIC_0027658
mel,real,ISIC_0027659
nv,real,ISIC_0027660
nv,real,ISIC_0027661
nv,real,ISIC_0027662
nv,real,ISIC_0027664
vasc,real,ISIC_0027665
nv,real,ISIC_0027666
nv,real,ISIC_0027667
akiec,real,ISIC_0027668
mel,real,ISIC_0027669
nv,real,ISIC_0027670
nv,real,ISIC_0027671
vasc,real,ISIC_0027672
mel,real,ISIC_0027673
nv,real,ISIC_0027674
bcc,real,ISIC_0027675
nv,real,ISIC_0027676
akiec,real,ISIC_0027678
nv,real,ISIC_0027679
bkl,real,ISIC_0027681
nv,real,ISIC_0027682
nv,real,ISIC_0027684
nv,real,ISIC_0027685
nv,real,ISIC_0027688
nv,real,ISIC_0027689
mel,real,ISIC_0027693
nv,real,ISIC_0027694
nv,real,ISIC_0027695
nv,real,ISIC_0027696
nv,real,ISIC_0027697
nv,real,ISIC_0027698
nv,real,ISIC_0027699
akiec,real,ISIC_0027700
nv,real,ISIC_0027701
mel,real,ISIC_0027702
nv,real,ISIC_0027703
bcc,real,ISIC_0027704
nv,real,ISIC_0027705
bkl,real,ISIC_0027706
nv,real,ISIC_0027707
akiec,real,ISIC_0027708
nv,real,ISIC_0027709
bkl,real,ISIC_0027710
nv,real,ISIC_0027712
bkl,real,ISIC_0027713
nv,real,ISIC_0027714
nv,real,ISIC_0027715
nv,real,ISIC_0027720
mel,real,ISIC_0027721
bcc,real,ISIC_0027722
nv,real,ISIC_0027724
nv,real,ISIC_0027725
nv,real,ISIC_0027726
df,real,ISIC_0027727
nv,real,ISIC_0027729
nv,real,ISIC_0027730
nv,real,ISIC_0027731
nv,real,ISIC_0027732
nv,real,ISIC_0027733
bkl,real,ISIC_0027735
nv,real,ISIC_0027736
bkl,real,ISIC_0027737
nv,real,ISIC_0027738
bkl,real,ISIC_0027739
nv,real,ISIC_0027741
mel,real,ISIC_0027742
nv,real,ISIC_0027743
bcc,real,ISIC_0027744
df,real,ISIC_0027745
nv,real,ISIC_0027746
bkl,real,ISIC_0027747
nv,real,ISIC_0027749
nv,real,ISIC_0027750
nv,real,ISIC_0027752
akiec,real,ISIC_0027753
bkl,real,ISIC_0027754
nv,real,ISIC_0027755
nv,real,ISIC_0027757
nv,real,ISIC_0027758
bcc,real,ISIC_0027759
bkl,real,ISIC_0027760
nv,real,ISIC_0027761
nv,real,ISIC_0027762
nv,real,ISIC_0027763
nv,real,ISIC_0027764
nv,real,ISIC_0027765
akiec,real,ISIC_0027767
nv,real,ISIC_0027768
mel,real,ISIC_0027769
bkl,real,ISIC_0027771
nv,real,ISIC_0027773
bcc,real,ISIC_0027774
nv,real,ISIC_0027775
mel,real,ISIC_0027776
nv,real,ISIC_0027777
nv,real,ISIC_0027779
bkl,real,ISIC_0027780
bkl,real,ISIC_0027781
nv,real,ISIC_0027784
nv,real,ISIC_0027785
bcc,real,ISIC_0027786
nv,real,ISIC_0027787
bcc,real,ISIC_0027788
nv,real,ISIC_0027791
nv,real,ISIC_0027792
mel,real,ISIC_0027793
nv,real,ISIC_0027794
akiec,real,ISIC_0027795
mel,real,ISIC_0027797
nv,real,ISIC_0027798
nv,real,ISIC_0027799
nv,real,ISIC_0027805
nv,real,ISIC_0027807
nv,real,ISIC_0027810
bkl,real,ISIC_0027811
nv,real,ISIC_0027812
bkl,real,ISIC_0027815
nv,real,ISIC_0027816
nv,real,ISIC_0027817
bkl,real,ISIC_0027820
nv,real,ISIC_0027821
nv,real,ISIC_0027823
nv,real,ISIC_0027824
bkl,real,ISIC_0027826
nv,real,ISIC_0027827
akiec,real,ISIC_0027829
nv,real,ISIC_0027830
bkl,real,ISIC_0027831
nv,real,ISIC_0027835
nv,real,ISIC_0027836
mel,real,ISIC_0027838
nv,real,ISIC_0027840
nv,real,ISIC_0027842
nv,real,ISIC_0027843
nv,real,ISIC_0027845
bcc,real,ISIC_0027846
nv,real,ISIC_0027848
nv,real,ISIC_0027849
bkl,real,ISIC_0027850
bcc,real,ISIC_0027851
nv,real,ISIC_0027852
nv,real,ISIC_0027854
nv,real,ISIC_0027855
nv,real,ISIC_0027857
bcc,real,ISIC_0027858
nv,real,ISIC_0027861
nv,real,ISIC_0027862
mel,real,ISIC_0027863
nv,real,ISIC_0027864
bcc,real,ISIC_0027865
nv,real,ISIC_0027867
nv,real,ISIC_0027868
nv,real,ISIC_0027869
nv,real,ISIC_0027870
nv,real,ISIC_0027871
nv,real,ISIC_0027873
nv,real,ISIC_0027874
df,real,ISIC_0027876
nv,real,ISIC_0027877
nv,real,ISIC_0027880
nv,real,ISIC_0027881
nv,real,ISIC_0027883
akiec,real,ISIC_0027884
nv,real,ISIC_0027885
nv,real,ISIC_0027886
nv,real,ISIC_0027887
vasc,real,ISIC_0027888
nv,real,ISIC_0027889
nv,real,ISIC_0027891
nv,real,ISIC_0027892
nv,real,ISIC_0027895
akiec,real,ISIC_0027896
nv,real,ISIC_0027899
mel,real,ISIC_0027900
nv,real,ISIC_0027902
vasc,real,ISIC_0027903
mel,real,ISIC_0027904
bkl,real,ISIC_0027905
nv,real,ISIC_0027906
nv,real,ISIC_0027907
nv,real,ISIC_0027908
nv,real,ISIC_0027909
nv,real,ISIC_0027910
nv,real,ISIC_0027912
nv,real,ISIC_0027913
nv,real,ISIC_0027914
bcc,real,ISIC_0027915
bkl,real,ISIC_0027916
nv,real,ISIC_0027917
nv,real,ISIC_0027918
nv,real,ISIC_0027919
bcc,real,ISIC_0027920
nv,real,ISIC_0027921
nv,real,ISIC_0027922
nv,real,ISIC_0027923
nv,real,ISIC_0027924
nv,real,ISIC_0027925
nv,real,ISIC_0027927
nv,real,ISIC_0027928
nv,real,ISIC_0027929
nv,real,ISIC_0027932
nv,real,ISIC_0027933
nv,real,ISIC_0027934
nv,real,ISIC_0027938
nv,real,ISIC_0027940
nv,real,ISIC_0027943
nv,real,ISIC_0027944
nv,real,ISIC_0027945
nv,real,ISIC_0027949
akiec,real,ISIC_0027950
nv,real,ISIC_0027951
bkl,real,ISIC_0027953
nv,real,ISIC_0027955
mel,real,ISIC_0027956
akiec,real,ISIC_0027958
nv,real,ISIC_0027959
bkl,real,ISIC_0027960
nv,real,ISIC_0027962
nv,real,ISIC_0027963
nv,real,ISIC_0027965
nv,real,ISIC_0027968
bkl,real,ISIC_0027969
nv,real,ISIC_0027971
nv,real,ISIC_0027974
bcc,real,ISIC_0027976
nv,real,ISIC_0027978
nv,real,ISIC_0027979
bkl,real,ISIC_0027982
vasc,real,ISIC_0027983
nv,real,ISIC_0027984
nv,real,ISIC_0027985
bkl,real,ISIC_0027990
nv,real,ISIC_0027993
nv,real,ISIC_0027995
bkl,real,ISIC_0027996
bcc,real,ISIC_0027998
nv,real,ISIC_0027999
nv,real,ISIC_0028001
mel,real,ISIC_0028003
nv,real,ISIC_0028006
nv,real,ISIC_0028007
nv,real,ISIC_0028009
nv,real,ISIC_0028010
nv,real,ISIC_0028012
nv,real,ISIC_0028013
nv,real,ISIC_0028014
nv,real,ISIC_0028015
nv,real,ISIC_0028016
mel,real,ISIC_0028017
bkl,real,ISIC_0028020
nv,real,ISIC_0028021
mel,real,ISIC_0028022
nv,real,ISIC_0028024
mel,real,ISIC_0028026
nv,real,ISIC_0028028
mel,real,ISIC_0028029
nv,real,ISIC_0028030
nv,real,ISIC_0028031
nv,real,ISIC_0028032
mel,real,ISIC_0028033
nv,real,ISIC_0028034
bcc,real,ISIC_0028035
nv,real,ISIC_0028037
nv,real,ISIC_0028038
nv,real,ISIC_0028039
nv,real,ISIC_0028040
nv,real,ISIC_0028042
bkl,real,ISIC_0028043
nv,real,ISIC_0028044
nv,real,ISIC_0028048
bcc,real,ISIC_0028050
bkl,real,ISIC_0028052
nv,real,ISIC_0028054
mel,real,ISIC_0028056
nv,real,ISIC_0028057
nv,real,ISIC_0028058
bcc,real,ISIC_0028059
nv,real,ISIC_0028060
nv,real,ISIC_0028061
nv,real,ISIC_0028062
nv,real,ISIC_0028064
mel,real,ISIC_0028065
nv,real,ISIC_0028066
nv,real,ISIC_0028068
mel,real,ISIC_0028069
nv,real,ISIC_0028070
nv,real,ISIC_0028071
nv,real,ISIC_0028072
nv,real,ISIC_0028074
akiec,real,ISIC_0028076
nv,real,ISIC_0028077
nv,real,ISIC_0028078
bcc,real,ISIC_0028079
nv,real,ISIC_0028081
nv,real,ISIC_0028083
bcc,real,ISIC_0028084
bcc,real,ISIC_0028085
mel,real,ISIC_0028086
mel,real,ISIC_0028087
nv,real,ISIC_0028088
nv,real,ISIC_0028089
nv,real,ISIC_0028090
nv,real,ISIC_0028092
bkl,real,ISIC_0028094
nv,real,ISIC_0028096
nv,real,ISIC_0028098
nv,real,ISIC_0028099
nv,real,ISIC_0028102
mel,real,ISIC_0028103
bkl,real,ISIC_0028104
bcc,real,ISIC_0028106
bcc,real,ISIC_0028107
mel,real,ISIC_0028109
nv,real,ISIC_0028110
mel,real,ISIC_0028114
nv,real,ISIC_0028115
nv,real,ISIC_0028116
nv,real,ISIC_0028117
nv,real,ISIC_0028118
bkl,real,ISIC_0028120
bkl,real,ISIC_0028121
bcc,real,ISIC_0028122
bkl,real,ISIC_0028123
bkl,real,ISIC_0028124
mel,real,ISIC_0028126
mel,real,ISIC_0028127
nv,real,ISIC_0028129
nv,real,ISIC_0028130
nv,real,ISIC_0028131
akiec,real,ISIC_0028132
nv,real,ISIC_0028134
nv,real,ISIC_0028135
nv,real,ISIC_0028138
nv,real,ISIC_0028139
nv,real,ISIC_0028140
nv,real,ISIC_0028141
nv,real,ISIC_0028145
nv,real,ISIC_0028149
nv,real,ISIC_0028150
nv,real,ISIC_0028151
bcc,real,ISIC_0028155
mel,real,ISIC_0028156
nv,real,ISIC_0028157
akiec,real,ISIC_0028158
nv,real,ISIC_0028159
nv,real,ISIC_0028160
nv,real,ISIC_0028161
vasc,real,ISIC_0028163
nv,real,ISIC_0028164
bkl,real,ISIC_0028165
bcc,real,ISIC_0028168
nv,real,ISIC_0028169
nv,real,ISIC_0028171
nv,real,ISIC_0028172
nv,real,ISIC_0028175
nv,real,ISIC_0028176
nv,real,ISIC_0028177
nv,real,ISIC_0028178
nv,real,ISIC_0028179
bkl,real,ISIC_0028180
nv,real,ISIC_0028181
nv,real,ISIC_0028183
nv,real,ISIC_0028185
nv,real,ISIC_0028189
akiec,real,ISIC_0028190
nv,real,ISIC_0028191
nv,real,ISIC_0028193
nv,real,ISIC_0028195
mel,real,ISIC_0028198
nv,real,ISIC_0028199
bkl,real,ISIC_0028201
nv,real,ISIC_0028202
nv,real,ISIC_0028203
nv,real,ISIC_0028204
nv,real,ISIC_0028206
nv,real,ISIC_0028207
bkl,real,ISIC_0028209
mel,real,ISIC_0028211
nv,real,ISIC_0028212
nv,real,ISIC_0028213
nv,real,ISIC_0028214
nv,real,ISIC_0028216
nv,real,ISIC_0028217
mel,real,ISIC_0028218
mel,real,ISIC_0028220
nv,real,ISIC_0028222
bkl,real,ISIC_0028223
akiec,real,ISIC_0028224
mel,real,ISIC_0028227
mel,real,ISIC_0028228
akiec,real,ISIC_0028231
bkl,real,ISIC_0028233
nv,real,ISIC_0028234
bkl,real,ISIC_0028236
bkl,real,ISIC_0028237
bcc,real,ISIC_0028238
nv,real,ISIC_0028240
nv,real,ISIC_0028241
nv,real,ISIC_0028244
nv,real,ISIC_0028245
nv,real,ISIC_0028246
nv,real,ISIC_0028248
nv,real,ISIC_0028249
nv,real,ISIC_0028250
nv,real,ISIC_0028251
nv,real,ISIC_0028252
bkl,real,ISIC_0028254
nv,real,ISIC_0028255
nv,real,ISIC_0028256
nv,real,ISIC_0028257
bkl,real,ISIC_0028258
nv,real,ISIC_0028261
nv,real,ISIC_0028262
nv,real,ISIC_0028263
nv,real,ISIC_0028266
nv,real,ISIC_0028267
nv,real,ISIC_0028268
nv,real,ISIC_0028269
nv,real,ISIC_0028270
nv,real,ISIC_0028272
nv,real,ISIC_0028273
nv,real,ISIC_0028274
nv,real,ISIC_0028275
nv,real,ISIC_0028276
nv,real,ISIC_0028277
nv,real,ISIC_0028278
nv,real,ISIC_0028279
nv,real,ISIC_0028280
nv,real,ISIC_0028281
nv,real,ISIC_0028282
bcc,real,ISIC_0028283
mel,real,ISIC_0028285
nv,real,ISIC_0028287
mel,real,ISIC_0028288
nv,real,ISIC_0028289
nv,real,ISIC_0028290
nv,real,ISIC_0028292
bkl,real,ISIC_0028294
nv,real,ISIC_0028295
nv,real,ISIC_0028297
nv,real,ISIC_0028298
nv,real,ISIC_0028299
nv,real,ISIC_0028301
nv,real,ISIC_0028302
bcc,real,ISIC_0028303
mel,real,ISIC_0028306
nv,real,ISIC_0028307
bkl,real,ISIC_0028309
nv,real,ISIC_0028311
nv,real,ISIC_0028312
nv,real,ISIC_0028313
akiec,real,ISIC_0028314
nv,real,ISIC_0028315
bcc,real,ISIC_0028316
mel,real,ISIC_0028317
nv,real,ISIC_0028319
nv,real,ISIC_0028320
nv,real,ISIC_0028321
nv,real,ISIC_0028322
bcc,real,ISIC_0028323
nv,real,ISIC_0028324
mel,real,ISIC_0028325
mel,real,ISIC_0028326
nv,real,ISIC_0028328
bcc,real,ISIC_0028329
nv,real,ISIC_0028330
nv,real,ISIC_0028333
nv,real,ISIC_0028334
akiec,real,ISIC_0028335
bkl,real,ISIC_0028336
nv,real,ISIC_0028337
nv,real,ISIC_0028338
nv,real,ISIC_0028339
nv,real,ISIC_0028340
nv,real,ISIC_0028342
bkl,real,ISIC_0028343
nv,real,ISIC_0028344
nv,real,ISIC_0028345
df,real,ISIC_0028346
bkl,real,ISIC_0028347
nv,real,ISIC_0028348
nv,real,ISIC_0028349
mel,real,ISIC_0028352
nv,real,ISIC_0028353
bkl,real,ISIC_0028354
nv,real,ISIC_0028355
nv,real,ISIC_0028356
mel,real,ISIC_0028361
nv,real,ISIC_0028363
nv,real,ISIC_0028364
nv,real,ISIC_0028365
nv,real,ISIC_0028366
nv,real,ISIC_0028367
nv,real,ISIC_0028368
akiec,real,ISIC_0028370
nv,real,ISIC_0028371
akiec,real,ISIC_0028372
nv,real,ISIC_0028373
nv,real,ISIC_0028374
nv,real,ISIC_0028375
bkl,real,ISIC_0028376
nv,real,ISIC_0028377
nv,real,ISIC_0028378
nv,real,ISIC_0028379
nv,real,ISIC_0028380
akiec,real,ISIC_0028381
nv,real,ISIC_0028387
bkl,real,ISIC_0028388
nv,real,ISIC_0028391
nv,real,ISIC_0028392
nv,real,ISIC_0028394
nv,real,ISIC_0028397
nv,real,ISIC_0028400
nv,real,ISIC_0028403
bkl,real,ISIC_0028404
nv,real,ISIC_0028405
vasc,real,ISIC_0028406
nv,real,ISIC_0028407
mel,real,ISIC_0028410
bkl,real,ISIC_0028411
mel,real,ISIC_0028412
nv,real,ISIC_0028413
nv,real,ISIC_0028417
nv,real,ISIC_0028420
nv,real,ISIC_0028423
nv,real,ISIC_0028424
nv,real,ISIC_0028427
nv,real,ISIC_0028428
nv,real,ISIC_0028429
nv,real,ISIC_0028430
nv,real,ISIC_0028433
nv,real,ISIC_0028434
nv,real,ISIC_0028436
nv,real,ISIC_0028437
nv,real,ISIC_0028438
nv,real,ISIC_0028439
nv,real,ISIC_0028440
nv,real,ISIC_0028441
nv,real,ISIC_0028444
mel,real,ISIC_0028445
nv,real,ISIC_0028446
bkl,real,ISIC_0028449
nv,real,ISIC_0028450
nv,real,ISIC_0028454
nv,real,ISIC_0028455
bcc,real,ISIC_0028457
nv,real,ISIC_0028458
nv,real,ISIC_0028459
mel,real,ISIC_0028460
nv,real,ISIC_0028462
mel,real,ISIC_0028463
nv,real,ISIC_0028464
nv,real,ISIC_0028466
nv,real,ISIC_0028468
nv,real,ISIC_0028469
nv,real,ISIC_0028471
nv,real,ISIC_0028472
bkl,real,ISIC_0028473
nv,real,ISIC_0028474
nv,real,ISIC_0028475
nv,real,ISIC_0028478
bkl,real,ISIC_0028479
nv,real,ISIC_0028480
mel,real,ISIC_0028481
nv,real,ISIC_0028483
bcc,real,ISIC_0028486
nv,real,ISIC_0028487
mel,real,ISIC_0028489
bkl,real,ISIC_0028490
nv,real,ISIC_0028492
mel,real,ISIC_0028493
bcc,real,ISIC_0028495
bkl,real,ISIC_0028496
bkl,real,ISIC_0028497
nv,real,ISIC_0028498
akiec,real,ISIC_0028499
nv,real,ISIC_0028500
nv,real,ISIC_0028501
nv,real,ISIC_0028502
bkl,real,ISIC_0028503
mel,real,ISIC_0028505
mel,real,ISIC_0028508
nv,real,ISIC_0028509
nv,real,ISIC_0028510
bkl,real,ISIC_0028511
nv,real,ISIC_0028513
nv,real,ISIC_0028514
nv,real,ISIC_0028516
akiec,real,ISIC_0028517
nv,real,ISIC_0028518
mel,real,ISIC_0028519
nv,real,ISIC_0028522
nv,real,ISIC_0028524
bkl,real,ISIC_0028525
nv,real,ISIC_0028526
nv,real,ISIC_0028527
nv,real,ISIC_0028529
nv,real,ISIC_0028531
nv,real,ISIC_0028532
nv,real,ISIC_0028534
nv,real,ISIC_0028535
mel,real,ISIC_0028537
nv,real,ISIC_0028538
nv,real,ISIC_0028540
nv,real,ISIC_0028541
bcc,real,ISIC_0028542
nv,real,ISIC_0028544
mel,real,ISIC_0028548
bkl,real,ISIC_0028550
nv,real,ISIC_0028551
nv,real,ISIC_0028553
bkl,real,ISIC_0028555
akiec,real,ISIC_0028558
bkl,real,ISIC_0028560
nv,real,ISIC_0028563
nv,real,ISIC_0028564
mel,real,ISIC_0028565
mel,real,ISIC_0028567
nv,real,ISIC_0028571
nv,real,ISIC_0028573
nv,real,ISIC_0028574
nv,real,ISIC_0028575
bcc,real,ISIC_0028577
nv,real,ISIC_0028578
mel,real,ISIC_0028579
nv,real,ISIC_0028580
mel,real,ISIC_0028582
bcc,real,ISIC_0028583
mel,real,ISIC_0028584
nv,real,ISIC_0028585
bkl,real,ISIC_0028587
nv,real,ISIC_0028588
nv,real,ISIC_0028589
nv,real,ISIC_0028590
nv,real,ISIC_0028591
bkl,real,ISIC_0028593
nv,real,ISIC_0028594
nv,real,ISIC_0028596
nv,real,ISIC_0028597
nv,real,ISIC_0028598
nv,real,ISIC_0028599
nv,real,ISIC_0028600
nv,real,ISIC_0028601
nv,real,ISIC_0028602
nv,real,ISIC_0028604
nv,real,ISIC_0028605
nv,real,ISIC_0028606
bkl,real,ISIC_0028607
nv,real,ISIC_0028608
nv,real,ISIC_0028610
bkl,real,ISIC_0028611
nv,real,ISIC_0028613
nv,real,ISIC_0028614
bkl,real,ISIC_0028615
nv,real,ISIC_0028616
nv,real,ISIC_0028618
akiec,real,ISIC_0028619
nv,real,ISIC_0028620
nv,real,ISIC_0028621
bkl,real,ISIC_0028623
nv,real,ISIC_0028625
nv,real,ISIC_0028626
nv,real,ISIC_0028627
bkl,real,ISIC_0028628
nv,real,ISIC_0028629
nv,real,ISIC_0028630
nv,real,ISIC_0028632
nv,real,ISIC_0028633
nv,real,ISIC_0028634
nv,real,ISIC_0028636
nv,real,ISIC_0028637
nv,real,ISIC_0028639
nv,real,ISIC_0028641
mel,real,ISIC_0028642
akiec,real,ISIC_0028644
bkl,real,ISIC_0028646
nv,real,ISIC_0028647
nv,real,ISIC_0028648
nv,real,ISIC_0028649
df,real,ISIC_0028651
bcc,real,ISIC_0028652
bcc,real,ISIC_0028653
nv,real,ISIC_0028654
mel,real,ISIC_0028655
bkl,real,ISIC_0028656
nv,real,ISIC_0028658
akiec,real,ISIC_0028659
nv,real,ISIC_0028660
nv,real,ISIC_0028661
bkl,real,ISIC_0028662
nv,real,ISIC_0028663
nv,real,ISIC_0028664
nv,real,ISIC_0028665
mel,real,ISIC_0028666
nv,real,ISIC_0028667
bcc,real,ISIC_0028670
nv,real,ISIC_0028674
nv,real,ISIC_0028675
nv,real,ISIC_0028676
bcc,real,ISIC_0028677
nv,real,ISIC_0028678
nv,real,ISIC_0028679
bkl,real,ISIC_0028681
nv,real,ISIC_0028682
nv,real,ISIC_0028683
nv,real,ISIC_0028684
mel,real,ISIC_0028685
nv,real,ISIC_0028686
bcc,real,ISIC_0028687
bcc,real,ISIC_0028688
nv,real,ISIC_0028689
nv,real,ISIC_0028692
bcc,real,ISIC_0028693
nv,real,ISIC_0028694
nv,real,ISIC_0028695
mel,real,ISIC_0028696
nv,real,ISIC_0028698
nv,real,ISIC_0028699
nv,real,ISIC_0028700
bkl,real,ISIC_0028701
nv,real,ISIC_0028703
nv,real,ISIC_0028704
nv,real,ISIC_0028705
nv,real,ISIC_0028706
nv,real,ISIC_0028708
nv,real,ISIC_0028711
nv,real,ISIC_0028712
nv,real,ISIC_0028713
vasc,real,ISIC_0028714
nv,real,ISIC_0028715
bcc,real,ISIC_0028719
nv,real,ISIC_0028720
nv,real,ISIC_0028721
nv,real,ISIC_0028722
nv,real,ISIC_0028723
nv,real,ISIC_0028724
nv,real,ISIC_0028726
nv,real,ISIC_0028727
bcc,real,ISIC_0028728
nv,real,ISIC_0028729
nv,real,ISIC_0028733
nv,real,ISIC_0028734
nv,real,ISIC_0028736
nv,real,ISIC_0028737
nv,real,ISIC_0028738
bcc,real,ISIC_0028739
nv,real,ISIC_0028740
nv,real,ISIC_0028741
nv,real,ISIC_0028742
nv,real,ISIC_0028743
nv,real,ISIC_0028744
mel,real,ISIC_0028746
bcc,real,ISIC_0028747
bkl,real,ISIC_0028749
nv,real,ISIC_0028751
nv,real,ISIC_0028752
nv,real,ISIC_0028753
nv,real,ISIC_0028756
nv,real,ISIC_0028757
nv,real,ISIC_0028758
nv,real,ISIC_0028759
mel,real,ISIC_0028760
nv,real,ISIC_0028762
akiec,real,ISIC_0028763
mel,real,ISIC_0028764
nv,real,ISIC_0028766
nv,real,ISIC_0028767
nv,real,ISIC_0028768
nv,real,ISIC_0028770
nv,real,ISIC_0028772
mel,real,ISIC_0028773
bkl,real,ISIC_0028774
nv,real,ISIC_0028776
nv,real,ISIC_0028778
nv,real,ISIC_0028779
nv,real,ISIC_0028780
nv,real,ISIC_0028781
nv,real,ISIC_0028782
nv,real,ISIC_0028788
nv,real,ISIC_0028789
df,real,ISIC_0028790
nv,real,ISIC_0028791
bkl,real,ISIC_0028792
nv,real,ISIC_0028794
bkl,real,ISIC_0028797
nv,real,ISIC_0028798
nv,real,ISIC_0028799
nv,real,ISIC_0028800
nv,real,ISIC_0028801
nv,real,ISIC_0028802
nv,real,ISIC_0028803
nv,real,ISIC_0028804
nv,real,ISIC_0028805
nv,real,ISIC_0028806
nv,real,ISIC_0028811
nv,real,ISIC_0028812
bcc,real,ISIC_0028814
bcc,real,ISIC_0028815
nv,real,ISIC_0028817
bcc,real,ISIC_0028818
nv,real,ISIC_0028819
akiec,real,ISIC_0028820
nv,real,ISIC_0028821
bkl,real,ISIC_0028822
nv,real,ISIC_0028823
nv,real,ISIC_0028824
bkl,real,ISIC_0028826
nv,real,ISIC_0028827
nv,real,ISIC_0028828
nv,real,ISIC_0028829
nv,real,ISIC_0028832
nv,real,ISIC_0028833
nv,real,ISIC_0028834
nv,real,ISIC_0028836
nv,real,ISIC_0028837
bkl,real,ISIC_0028842
nv,real,ISIC_0028843
nv,real,ISIC_0028844
nv,real,ISIC_0028845
bkl,real,ISIC_0028846
mel,real,ISIC_0028847
nv,real,ISIC_0028848
nv,real,ISIC_0028850
nv,real,ISIC_0028851
nv,real,ISIC_0028852
nv,real,ISIC_0028853
akiec,real,ISIC_0028854
nv,real,ISIC_0028855
bkl,real,ISIC_0028856
bcc,real,ISIC_0028858
mel,real,ISIC_0028860
nv,real,ISIC_0028861
nv,real,ISIC_0028862
nv,real,ISIC_0028863
nv,real,ISIC_0028864
nv,real,ISIC_0028865
nv,real,ISIC_0028866
nv,real,ISIC_0028867
nv,real,ISIC_0028868
nv,real,ISIC_0028870
akiec,real,ISIC_0028872
nv,real,ISIC_0028875
bkl,real,ISIC_0028876
bcc,real,ISIC_0028877
mel,real,ISIC_0028878
bkl,real,ISIC_0028881
nv,real,ISIC_0028883
vasc,real,ISIC_0028885
nv,real,ISIC_0028888
nv,real,ISIC_0028889
bcc,real,ISIC_0028890
nv,real,ISIC_0028891
nv,real,ISIC_0028892
nv,real,ISIC_0028894
nv,real,ISIC_0028895
mel,real,ISIC_0028897
mel,real,ISIC_0028898
mel,real,ISIC_0028900
nv,real,ISIC_0028905
nv,real,ISIC_0028906
nv,real,ISIC_0028907
nv,real,ISIC_0028908
nv,real,ISIC_0028909
nv,real,ISIC_0028910
nv,real,ISIC_0028911
nv,real,ISIC_0028912
bkl,real,ISIC_0028913
nv,real,ISIC_0028914
nv,real,ISIC_0028918
bkl,real,ISIC_0028920
nv,real,ISIC_0028921
nv,real,ISIC_0028923
nv,real,ISIC_0028924
bkl,real,ISIC_0028925
df,real,ISIC_0028926
nv,real,ISIC_0028927
bcc,real,ISIC_0028928
mel,real,ISIC_0028930
nv,real,ISIC_0028932
nv,real,ISIC_0028933
nv,real,ISIC_0028934
nv,real,ISIC_0028935
nv,real,ISIC_0028936
bcc,real,ISIC_0028937
nv,real,ISIC_0028939
nv,real,ISIC_0028940
akiec,real,ISIC_0028941
bkl,real,ISIC_0028943
nv,real,ISIC_0028944
nv,real,ISIC_0028945
nv,real,ISIC_0028946
nv,real,ISIC_0028948
nv,real,ISIC_0028949
nv,real,ISIC_0028950
bkl,real,ISIC_0028952
nv,real,ISIC_0028953
nv,real,ISIC_0028954
nv,real,ISIC_0028955
nv,real,ISIC_0028956
nv,real,ISIC_0028957
bkl,real,ISIC_0028958
nv,real,ISIC_0028959
nv,real,ISIC_0028960
nv,real,ISIC_0028961
nv,real,ISIC_0028962
bcc,real,ISIC_0028964
nv,real,ISIC_0028967
mel,real,ISIC_0028968
bkl,real,ISIC_0028970
nv,real,ISIC_0028971
bcc,real,ISIC_0028973
nv,real,ISIC_0028974
nv,real,ISIC_0028975
bkl,real,ISIC_0028977
bcc,real,ISIC_0028978
nv,real,ISIC_0028979
bcc,real,ISIC_0028980
nv,real,ISIC_0028983
mel,real,ISIC_0028984
nv,real,ISIC_0028985
nv,real,ISIC_0028987
akiec,real,ISIC_0028990
nv,real,ISIC_0028991
bkl,real,ISIC_0028992
nv,real,ISIC_0028993
bkl,real,ISIC_0028995
nv,real,ISIC_0028996
nv,real,ISIC_0028997
nv,real,ISIC_0028998
nv,real,ISIC_0028999
nv,real,ISIC_0029001
akiec,real,ISIC_0029002
bkl,real,ISIC_0029003
nv,real,ISIC_0029004
nv,real,ISIC_0029005
nv,real,ISIC_0029006
nv,real,ISIC_0029007
nv,real,ISIC_0029008
bkl,real,ISIC_0029010
nv,real,ISIC_0029011
mel,real,ISIC_0029013
bkl,real,ISIC_0029014
nv,real,ISIC_0029015
nv,real,ISIC_0029016
mel,real,ISIC_0029017
nv,real,ISIC_0029019
bcc,real,ISIC_0029020
mel,real,ISIC_0029021
nv,real,ISIC_0029023
nv,real,ISIC_0029026
nv,real,ISIC_0029027
bkl,real,ISIC_0029029
nv,real,ISIC_0029030
bkl,real,ISIC_0029032
mel,real,ISIC_0029033
bcc,real,ISIC_0029034
bcc,real,ISIC_0029035
bkl,real,ISIC_0029040
akiec,real,ISIC_0029041
nv,real,ISIC_0029042
akiec,real,ISIC_0029043
nv,real,ISIC_0029044
nv,real,ISIC_0029046
nv,real,ISIC_0029047
nv,real,ISIC_0029050
bkl,real,ISIC_0029051
bcc,real,ISIC_0029053
nv,real,ISIC_0029055
mel,real,ISIC_0029056
nv,real,ISIC_0029058
akiec,real,ISIC_0029059
bkl,real,ISIC_0029060
bkl,real,ISIC_0029061
nv,real,ISIC_0029063
nv,real,ISIC_0029065
nv,real,ISIC_0029066
akiec,real,ISIC_0029067
bkl,real,ISIC_0029068
nv,real,ISIC_0029069
bkl,real,ISIC_0029070
nv,real,ISIC_0029073
nv,real,ISIC_0029074
nv,real,ISIC_0029077
nv,real,ISIC_0029078
nv,real,ISIC_0029079
bkl,real,ISIC_0029080
bcc,real,ISIC_0029082
nv,real,ISIC_0029084
nv,real,ISIC_0029085
nv,real,ISIC_0029086
nv,real,ISIC_0029087
nv,real,ISIC_0029088
mel,real,ISIC_0029089
nv,real,ISIC_0029090
nv,real,ISIC_0029091
mel,real,ISIC_0029092
mel,real,ISIC_0029094
nv,real,ISIC_0029095
nv,real,ISIC_0029096
nv,real,ISIC_0029097
nv,real,ISIC_0029098
vasc,real,ISIC_0029099
bkl,real,ISIC_0029100
bkl,real,ISIC_0029102
nv,real,ISIC_0029104
nv,real,ISIC_0029105
nv,real,ISIC_0029106
bkl,real,ISIC_0029107
bkl,real,ISIC_0029108
nv,real,ISIC_0029109
nv,real,ISIC_0029110
nv,real,ISIC_0029112
bkl,real,ISIC_0029115
nv,real,ISIC_0029117
nv,real,ISIC_0029118
nv,real,ISIC_0029119
nv,real,ISIC_0029120
nv,real,ISIC_0029121
nv,real,ISIC_0029122
nv,real,ISIC_0029124
nv,real,ISIC_0029128
akiec,real,ISIC_0029133
nv,real,ISIC_0029134
bkl,real,ISIC_0029135
nv,real,ISIC_0029136
nv,real,ISIC_0029138
bkl,real,ISIC_0029139
nv,real,ISIC_0029140
akiec,real,ISIC_0029141
nv,real,ISIC_0029143
nv,real,ISIC_0029145
bkl,real,ISIC_0029147
nv,real,ISIC_0029148
nv,real,ISIC_0029151
nv,real,ISIC_0029152
nv,real,ISIC_0029153
nv,real,ISIC_0029154
nv,real,ISIC_0029155
mel,real,ISIC_0029157
nv,real,ISIC_0029159
nv,real,ISIC_0029160
bkl,real,ISIC_0029161
nv,real,ISIC_0029162
mel,real,ISIC_0029163
nv,real,ISIC_0029164
nv,real,ISIC_0029165
bkl,real,ISIC_0029166
nv,real,ISIC_0029168
mel,real,ISIC_0029170
mel,real,ISIC_0029172
nv,real,ISIC_0029173
nv,real,ISIC_0029174
bkl,real,ISIC_0029176
df,real,ISIC_0029177
nv,real,ISIC_0029178
nv,real,ISIC_0029180
nv,real,ISIC_0029181
nv,real,ISIC_0029182
nv,real,ISIC_0029183
nv,real,ISIC_0029184
nv,real,ISIC_0029185
nv,real,ISIC_0029186
nv,real,ISIC_0029187
nv,real,ISIC_0029189
nv,real,ISIC_0029190
bcc,real,ISIC_0029192
bcc,real,ISIC_0029193
nv,real,ISIC_0029194
bkl,real,ISIC_0029195
nv,real,ISIC_0029197
nv,real,ISIC_0029198
bkl,real,ISIC_0029202
nv,real,ISIC_0029204
nv,real,ISIC_0029205
nv,real,ISIC_0029211
mel,real,ISIC_0029212
nv,real,ISIC_0029214
bkl,real,ISIC_0029217
nv,real,ISIC_0029219
nv,real,ISIC_0029221
nv,real,ISIC_0029222
nv,real,ISIC_0029223
nv,real,ISIC_0029224
nv,real,ISIC_0029225
bkl,real,ISIC_0029227
nv,real,ISIC_0029228
nv,real,ISIC_0029229
bcc,real,ISIC_0029230
nv,real,ISIC_0029231
bkl,real,ISIC_0029232
bkl,real,ISIC_0029233
bkl,real,ISIC_0029235
nv,real,ISIC_0029236
mel,real,ISIC_0029238
nv,real,ISIC_0029239
nv,real,ISIC_0029240
mel,real,ISIC_0029242
bkl,real,ISIC_0029243
nv,real,ISIC_0029244
nv,real,ISIC_0029246
bkl,real,ISIC_0029249
nv,real,ISIC_0029250
bkl,real,ISIC_0029251
nv,real,ISIC_0029252
nv,real,ISIC_0029253
nv,real,ISIC_0029254
nv,real,ISIC_0029255
nv,real,ISIC_0029256
nv,real,ISIC_0029257
nv,real,ISIC_0029258
nv,real,ISIC_0029259
bkl,real,ISIC_0029260
nv,real,ISIC_0029261
nv,real,ISIC_0029262
bcc,real,ISIC_0029263
nv,real,ISIC_0029264
mel,real,ISIC_0029265
nv,real,ISIC_0029266
akiec,real,ISIC_0029268
bkl,real,ISIC_0029270
mel,real,ISIC_0029271
mel,real,ISIC_0029272
nv,real,ISIC_0029273
nv,real,ISIC_0029276
nv,real,ISIC_0029277
bcc,real,ISIC_0029278
mel,real,ISIC_0029281
nv,real,ISIC_0029283
nv,real,ISIC_0029284
nv,real,ISIC_0029285
nv,real,ISIC_0029286
nv,real,ISIC_0029287
bkl,real,ISIC_0029288
bkl,real,ISIC_0029289
nv,real,ISIC_0029290
nv,real,ISIC_0029292
nv,real,ISIC_0029294
nv,real,ISIC_0029295
nv,real,ISIC_0029296
df,real,ISIC_0029297
nv,real,ISIC_0029298
nv,real,ISIC_0029299
nv,real,ISIC_0029300
bkl,real,ISIC_0029302
nv,real,ISIC_0029303
nv,real,ISIC_0029304
nv,real,ISIC_0029305
nv,real,ISIC_0029307
bkl,real,ISIC_0029308
nv,real,ISIC_0029310
nv,real,ISIC_0029312
nv,real,ISIC_0029313
nv,real,ISIC_0029314
mel,real,ISIC_0029316
nv,real,ISIC_0029317
bkl,real,ISIC_0029320
nv,real,ISIC_0029321
nv,real,ISIC_0029322
bcc,real,ISIC_0029323
nv,real,ISIC_0029324
nv,real,ISIC_0029325
nv,real,ISIC_0029326
nv,real,ISIC_0029327
nv,real,ISIC_0029328
bkl,real,ISIC_0029329
nv,real,ISIC_0029333
nv,real,ISIC_0029334
nv,real,ISIC_0029336
bcc,real,ISIC_0029337
nv,real,ISIC_0029338
nv,real,ISIC_0029339
bcc,real,ISIC_0029341
bcc,real,ISIC_0029342
mel,real,ISIC_0029343
bkl,real,ISIC_0029345
nv,real,ISIC_0029346
nv,real,ISIC_0029347
nv,real,ISIC_0029350
nv,real,ISIC_0029357
nv,real,ISIC_0029359
akiec,real,ISIC_0029360
nv,real,ISIC_0029361
akiec,real,ISIC_0029362
mel,real,ISIC_0029363
nv,real,ISIC_0029364
nv,real,ISIC_0029366
nv,real,ISIC_0029368
nv,real,ISIC_0029369
mel,real,ISIC_0029370
akiec,real,ISIC_0029371
nv,real,ISIC_0029373
nv,real,ISIC_0029374
nv,real,ISIC_0029377
nv,real,ISIC_0029380
nv,real,ISIC_0029381
nv,real,ISIC_0029383
bkl,real,ISIC_0029384
nv,real,ISIC_0029386
nv,real,ISIC_0029387
nv,real,ISIC_0029389
nv,real,ISIC_0029390
bcc,real,ISIC_0029391
bcc,real,ISIC_0029392
nv,real,ISIC_0029393
bkl,real,ISIC_0029394
nv,real,ISIC_0029395
bkl,real,ISIC_0029396
mel,real,ISIC_0029397
nv,real,ISIC_0029400
nv,real,ISIC_0029401
nv,real,ISIC_0029402
nv,real,ISIC_0029403
vasc,real,ISIC_0029404
nv,real,ISIC_0029405
bkl,real,ISIC_0029406
nv,real,ISIC_0029409
nv,real,ISIC_0029411
bkl,real,ISIC_0029413
nv,real,ISIC_0029414
nv,real,ISIC_0029415
nv,real,ISIC_0029416
akiec,real,ISIC_0029417
nv,real,ISIC_0029419
bkl,real,ISIC_0029420
nv,real,ISIC_0029422
nv,real,ISIC_0029423
nv,real,ISIC_0029424
bkl,real,ISIC_0029425
bkl,real,ISIC_0029427
nv,real,ISIC_0029429
nv,real,ISIC_0029430
nv,real,ISIC_0029431
nv,real,ISIC_0029432
nv,real,ISIC_0029437
nv,real,ISIC_0029438
nv,real,ISIC_0029440
nv,real,ISIC_0029441
nv,real,ISIC_0029442
bkl,real,ISIC_0029443
nv,real,ISIC_0029444
nv,real,ISIC_0029445
nv,real,ISIC_0029446
nv,real,ISIC_0029447
vasc,real,ISIC_0029448
nv,real,ISIC_0029449
nv,real,ISIC_0029450
nv,real,ISIC_0029452
mel,real,ISIC_0029453
mel,real,ISIC_0029454
bkl,real,ISIC_0029455
nv,real,ISIC_0029456
nv,real,ISIC_0029458
nv,real,ISIC_0029459
akiec,real,ISIC_0029460
nv,real,ISIC_0029461
akiec,real,ISIC_0029462
bkl,real,ISIC_0029464
nv,real,ISIC_0029465
bcc,real,ISIC_0029466
nv,real,ISIC_0029467
nv,real,ISIC_0029468
nv,real,ISIC_0029470
nv,real,ISIC_0029471
mel,real,ISIC_0029473
nv,real,ISIC_0029475
nv,real,ISIC_0029476
nv,real,ISIC_0029477
nv,real,ISIC_0029478
mel,real,ISIC_0029480
nv,real,ISIC_0029482
nv,real,ISIC_0029483
nv,real,ISIC_0029484
vasc,real,ISIC_0029486
nv,real,ISIC_0029487
nv,real,ISIC_0029488
bcc,real,ISIC_0029489
nv,real,ISIC_0029491
nv,real,ISIC_0029492
nv,real,ISIC_0029493
nv,real,ISIC_0029494
mel,real,ISIC_0029495
nv,real,ISIC_0029496
nv,real,ISIC_0029498
akiec,real,ISIC_0029500
bcc,real,ISIC_0029501
mel,real,ISIC_0029502
nv,real,ISIC_0029504
bkl,real,ISIC_0029505
nv,real,ISIC_0029506
nv,real,ISIC_0029507
nv,real,ISIC_0029509
nv,real,ISIC_0029511
mel,real,ISIC_0029513
vasc,real,ISIC_0029514
nv,real,ISIC_0029516
nv,real,ISIC_0029517
bkl,real,ISIC_0029518
bkl,real,ISIC_0029519
nv,real,ISIC_0029520
bkl,real,ISIC_0029522
nv,real,ISIC_0029523
bcc,real,ISIC_0029524
nv,real,ISIC_0029526
bkl,real,ISIC_0029527
nv,real,ISIC_0029528
nv,real,ISIC_0029529
nv,real,ISIC_0029530
nv,real,ISIC_0029532
nv,real,ISIC_0029534
nv,real,ISIC_0029537
mel,real,ISIC_0029538
akiec,real,ISIC_0029541
nv,real,ISIC_0029543
nv,real,ISIC_0029544
bcc,real,ISIC_0029545
akiec,real,ISIC_0029549
nv,real,ISIC_0029550
nv,real,ISIC_0029552
nv,real,ISIC_0029553
bkl,real,ISIC_0029555
bkl,real,ISIC_0029557
bkl,real,ISIC_0029559
nv,real,ISIC_0029560
nv,real,ISIC_0029561
mel,real,ISIC_0029562
akiec,real,ISIC_0029563
bcc,real,ISIC_0029564
nv,real,ISIC_0029565
nv,real,ISIC_0029566
bkl,real,ISIC_0029568
nv,real,ISIC_0029569
mel,real,ISIC_0029570
mel,real,ISIC_0029571
nv,real,ISIC_0029572
akiec,real,ISIC_0029573
mel,real,ISIC_0029575
bkl,real,ISIC_0029576
nv,real,ISIC_0029577
nv,real,ISIC_0029579
nv,real,ISIC_0029581
nv,real,ISIC_0029583
nv,real,ISIC_0029584
bkl,real,ISIC_0029585
nv,real,ISIC_0029586
nv,real,ISIC_0029587
bkl,real,ISIC_0029588
nv,real,ISIC_0029589
nv,real,ISIC_0029592
nv,real,ISIC_0029594
nv,real,ISIC_0029595
bkl,real,ISIC_0029596
nv,real,ISIC_0029597
akiec,real,ISIC_0029598
bkl,real,ISIC_0029600
nv,real,ISIC_0029601
bcc,real,ISIC_0029602
nv,real,ISIC_0029604
nv,real,ISIC_0029605
nv,real,ISIC_0029607
nv,real,ISIC_0029609
akiec,real,ISIC_0029610
bkl,real,ISIC_0029612
bkl,real,ISIC_0029613
nv,real,ISIC_0029614
nv,real,ISIC_0029615
bkl,real,ISIC_0029617
nv,real,ISIC_0029618
nv,real,ISIC_0029619
nv,real,ISIC_0029620
nv,real,ISIC_0029623
nv,real,ISIC_0029626
nv,real,ISIC_0029628
mel,real,ISIC_0029630
nv,real,ISIC_0029633
nv,real,ISIC_0029635
nv,real,ISIC_0029639
nv,real,ISIC_0029640
nv,real,ISIC_0029641
mel,real,ISIC_0029642
nv,real,ISIC_0029643
nv,real,ISIC_0029646
bcc,real,ISIC_0029647
nv,real,ISIC_0029650
mel,real,ISIC_0029651
nv,real,ISIC_0029653
nv,real,ISIC_0029654
bcc,real,ISIC_0029655
nv,real,ISIC_0029656
nv,real,ISIC_0029657
nv,real,ISIC_0029658
akiec,real,ISIC_0029659
nv,real,ISIC_0029662
nv,real,ISIC_0029663
nv,real,ISIC_0029664
nv,real,ISIC_0029665
nv,real,ISIC_0029666
nv,real,ISIC_0029667
nv,real,ISIC_0029668
nv,real,ISIC_0029670
nv,real,ISIC_0029671
nv,real,ISIC_0029672
nv,real,ISIC_0029673
bkl,real,ISIC_0029674
nv,real,ISIC_0029675
nv,real,ISIC_0029677
bkl,real,ISIC_0029678
bcc,real,ISIC_0029680
nv,real,ISIC_0029681
bkl,real,ISIC_0029683
nv,real,ISIC_0029684
nv,real,ISIC_0029685
nv,real,ISIC_0029686
nv,real,ISIC_0029689
nv,real,ISIC_0029695
nv,real,ISIC_0029697
mel,real,ISIC_0029698
nv,real,ISIC_0029699
nv,real,ISIC_0029701
nv,real,ISIC_0029702
mel,real,ISIC_0029705
nv,real,ISIC_0029708
nv,real,ISIC_0029710
nv,real,ISIC_0029712
nv,real,ISIC_0029714
akiec,real,ISIC_0029715
nv,real,ISIC_0029716
nv,real,ISIC_0029717
nv,real,ISIC_0029718
nv,real,ISIC_0029719
nv,real,ISIC_0029721
nv,real,ISIC_0029722
nv,real,ISIC_0029723
nv,real,ISIC_0029724
nv,real,ISIC_0029725
mel,real,ISIC_0029726
nv,real,ISIC_0029727
nv,real,ISIC_0029728
nv,real,ISIC_0029729
nv,real,ISIC_0029730
bkl,real,ISIC_0029731
nv,real,ISIC_0029732
nv,real,ISIC_0029733
nv,real,ISIC_0029734
nv,real,ISIC_0029735
nv,real,ISIC_0029736
nv,real,ISIC_0029738
nv,real,ISIC_0029739
bkl,real,ISIC_0029741
vasc,real,ISIC_0029742
nv,real,ISIC_0029743
nv,real,ISIC_0029746
bcc,real,ISIC_0029747
nv,real,ISIC_0029749
nv,real,ISIC_0029751
nv,real,ISIC_0029753
nv,real,ISIC_0029754
bcc,real,ISIC_0029755
nv,real,ISIC_0029756
nv,real,ISIC_0029758
nv,real,ISIC_0029759
df,real,ISIC_0029760
nv,real,ISIC_0029761
nv,real,ISIC_0029762
nv,real,ISIC_0029763
bkl,real,ISIC_0029764
nv,real,ISIC_0029765
nv,real,ISIC_0029766
nv,real,ISIC_0029767
nv,real,ISIC_0029768
bkl,real,ISIC_0029770
nv,real,ISIC_0029771
nv,real,ISIC_0029774
nv,real,ISIC_0029775
bkl,real,ISIC_0029778
mel,real,ISIC_0029780
akiec,real,ISIC_0029781
nv,real,ISIC_0029782
df,real,ISIC_0029783
nv,real,ISIC_0029784
nv,real,ISIC_0029787
nv,real,ISIC_0029788
bkl,real,ISIC_0029789
bkl,real,ISIC_0029791
bkl,real,ISIC_0029793
nv,real,ISIC_0029794
nv,real,ISIC_0029795
nv,real,ISIC_0029796
nv,real,ISIC_0029797
nv,real,ISIC_0029798
nv,real,ISIC_0029799
nv,real,ISIC_0029800
bkl,real,ISIC_0029802
nv,real,ISIC_0029803
nv,real,ISIC_0029804
nv,real,ISIC_0029806
nv,real,ISIC_0029807
nv,real,ISIC_0029808
bkl,real,ISIC_0029810
akiec,real,ISIC_0029811
nv,real,ISIC_0029812
nv,real,ISIC_0029814
nv,real,ISIC_0029815
nv,real,ISIC_0029816
nv,real,ISIC_0029817
nv,real,ISIC_0029818
mel,real,ISIC_0029819
bcc,real,ISIC_0029820
nv,real,ISIC_0029821
nv,real,ISIC_0029822
bkl,real,ISIC_0029823
df,real,ISIC_0029824
nv,real,ISIC_0029825
akiec,real,ISIC_0029827
nv,real,ISIC_0029828
nv,real,ISIC_0029829
akiec,real,ISIC_0029830
nv,real,ISIC_0029834
bkl,real,ISIC_0029837
nv,real,ISIC_0029838
mel,real,ISIC_0029839
bkl,real,ISIC_0029841
nv,real,ISIC_0029842
nv,real,ISIC_0029844
nv,real,ISIC_0029846
bcc,real,ISIC_0029847
bkl,real,ISIC_0029849
nv,real,ISIC_0029850
nv,real,ISIC_0029852
nv,real,ISIC_0029854
bcc,real,ISIC_0029856
bcc,real,ISIC_0029857
nv,real,ISIC_0029858
mel,real,ISIC_0029859
nv,real,ISIC_0029864
nv,real,ISIC_0029865
nv,real,ISIC_0029866
nv,real,ISIC_0029867
nv,real,ISIC_0029870
nv,real,ISIC_0029871
bkl,real,ISIC_0029872
nv,real,ISIC_0029873
nv,real,ISIC_0029874
nv,real,ISIC_0029875
nv,real,ISIC_0029876
vasc,real,ISIC_0029877
bkl,real,ISIC_0029878
nv,real,ISIC_0029879
nv,real,ISIC_0029881
nv,real,ISIC_0029882
mel,real,ISIC_0029884
mel,real,ISIC_0029885
nv,real,ISIC_0029886
nv,real,ISIC_0029888
vasc,real,ISIC_0029889
nv,real,ISIC_0029890
df,real,ISIC_0029891
nv,real,ISIC_0029892
nv,real,ISIC_0029894
nv,real,ISIC_0029895
nv,real,ISIC_0029896
nv,real,ISIC_0029898
akiec,real,ISIC_0029900
nv,real,ISIC_0029902
nv,real,ISIC_0029903
nv,real,ISIC_0029904
nv,real,ISIC_0029906
nv,real,ISIC_0029908
nv,real,ISIC_0029910
bkl,real,ISIC_0029912
mel,real,ISIC_0029914
nv,real,ISIC_0029916
bcc,real,ISIC_0029917
nv,real,ISIC_0029920
nv,real,ISIC_0029921
nv,real,ISIC_0029923
nv,real,ISIC_0029925
bkl,real,ISIC_0029929
akiec,real,ISIC_0029930
bkl,real,ISIC_0029931
akiec,real,ISIC_0029932
mel,real,ISIC_0029933
nv,real,ISIC_0029934
mel,real,ISIC_0029937
nv,real,ISIC_0029940
nv,real,ISIC_0029941
nv,real,ISIC_0029942
nv,real,ISIC_0029943
nv,real,ISIC_0029944
bkl,real,ISIC_0029947
nv,real,ISIC_0029948
nv,real,ISIC_0029949
nv,real,ISIC_0029950
nv,real,ISIC_0029952
nv,real,ISIC_0029953
nv,real,ISIC_0029954
nv,real,ISIC_0029955
nv,real,ISIC_0029956
nv,real,ISIC_0029957
nv,real,ISIC_0029959
nv,real,ISIC_0029960
df,real,ISIC_0029962
nv,real,ISIC_0029963
nv,real,ISIC_0029965
nv,real,ISIC_0029966
df,real,ISIC_0029967
nv,real,ISIC_0029968
nv,real,ISIC_0029969
nv,real,ISIC_0029970
nv,real,ISIC_0029971
df,real,ISIC_0029973
nv,real,ISIC_0029975
nv,real,ISIC_0029976
nv,real,ISIC_0029978
nv,real,ISIC_0029979
nv,real,ISIC_0029984
nv,real,ISIC_0029985
nv,real,ISIC_0029987
nv,real,ISIC_0029988
nv,real,ISIC_0029989
bkl,real,ISIC_0029991
nv,real,ISIC_0029993
nv,real,ISIC_0029994
mel,real,ISIC_0029995
nv,real,ISIC_0029996
nv,real,ISIC_0029998
nv,real,ISIC_0030000
nv,real,ISIC_0030001
nv,real,ISIC_0030003
nv,real,ISIC_0030004
nv,real,ISIC_0030006
df,real,ISIC_0030011
nv,real,ISIC_0030013
mel,real,ISIC_0030014
nv,real,ISIC_0030016
nv,real,ISIC_0030017
nv,real,ISIC_0030018
nv,real,ISIC_0030019
df,real,ISIC_0030021
nv,real,ISIC_0030022
nv,real,ISIC_0030023
nv,real,ISIC_0030025
bkl,real,ISIC_0030026
nv,real,ISIC_0030027
nv,real,ISIC_0030028
nv,real,ISIC_0030029
nv,real,ISIC_0030030
mel,real,ISIC_0030031
mel,real,ISIC_0030032
nv,real,ISIC_0030033
mel,real,ISIC_0030034
nv,real,ISIC_0030035
nv,real,ISIC_0030037
nv,real,ISIC_0030038
nv,real,ISIC_0030039
nv,real,ISIC_0030040
nv,real,ISIC_0030041
nv,real,ISIC_0030043
nv,real,ISIC_0030045
nv,real,ISIC_0030046
mel,real,ISIC_0030047
nv,real,ISIC_0030049
nv,real,ISIC_0030050
nv,real,ISIC_0030052
nv,real,ISIC_0030053
nv,real,ISIC_0030054
nv,real,ISIC_0030055
nv,real,ISIC_0030057
nv,real,ISIC_0030058
mel,real,ISIC_0030060
nv,real,ISIC_0030061
nv,real,ISIC_0030062
nv,real,ISIC_0030063
nv,real,ISIC_0030064
nv,real,ISIC_0030065
nv,real,ISIC_0030066
bkl,real,ISIC_0030067
nv,real,ISIC_0030068
nv,real,ISIC_0030069
vasc,real,ISIC_0030070
nv,real,ISIC_0030071
nv,real,ISIC_0030073
nv,real,ISIC_0030074
nv,real,ISIC_0030075
nv,real,ISIC_0030077
nv,real,ISIC_0030078
mel,real,ISIC_0030080
bkl,real,ISIC_0030081
nv,real,ISIC_0030086
nv,real,ISIC_0030087
bkl,real,ISIC_0030088
mel,real,ISIC_0030089
nv,real,ISIC_0030090
nv,real,ISIC_0030091
nv,real,ISIC_0030092
bcc,real,ISIC_0030094
bkl,real,ISIC_0030095
bcc,real,ISIC_0030096
nv,real,ISIC_0030097
nv,real,ISIC_0030098
nv,real,ISIC_0030099
nv,real,ISIC_0030101
nv,real,ISIC_0030102
nv,real,ISIC_0030103
vasc,real,ISIC_0030104
bkl,real,ISIC_0030105
mel,real,ISIC_0030106
mel,real,ISIC_0030107
nv,real,ISIC_0030108
nv,real,ISIC_0030109
mel,real,ISIC_0030110
nv,real,ISIC_0030111
nv,real,ISIC_0030113
bcc,real,ISIC_0030114
nv,real,ISIC_0030115
nv,real,ISIC_0030117
bkl,real,ISIC_0030118
nv,real,ISIC_0030121
mel,real,ISIC_0030122
bkl,real,ISIC_0030123
nv,real,ISIC_0030126
nv,real,ISIC_0030127
nv,real,ISIC_0030128
mel,real,ISIC_0030129
bkl,real,ISIC_0030130
nv,real,ISIC_0030131
nv,real,ISIC_0030132
akiec,real,ISIC_0030133
mel,real,ISIC_0030134
nv,real,ISIC_0030135
nv,real,ISIC_0030136
bcc,real,ISIC_0030138
nv,real,ISIC_0030139
nv,real,ISIC_0030140
nv,real,ISIC_0030141
akiec,real,ISIC_0030142
nv,real,ISIC_0030144
bcc,real,ISIC_0030145
nv,real,ISIC_0030146
nv,real,ISIC_0030148
mel,real,ISIC_0030150
nv,real,ISIC_0030151
nv,real,ISIC_0030152
nv,real,ISIC_0030153
nv,real,ISIC_0030156
nv,real,ISIC_0030157
akiec,real,ISIC_0030158
nv,real,ISIC_0030159
bkl,real,ISIC_0030160
nv,real,ISIC_0030161
nv,real,ISIC_0030163
mel,real,ISIC_0030165
nv,real,ISIC_0030166
nv,real,ISIC_0030167
nv,real,ISIC_0030169
nv,real,ISIC_0030170
nv,real,ISIC_0030174
akiec,real,ISIC_0030175
nv,real,ISIC_0030176
nv,real,ISIC_0030178
nv,real,ISIC_0030180
bcc,real,ISIC_0030181
nv,real,ISIC_0030184
nv,real,ISIC_0030185
nv,real,ISIC_0030186
mel,real,ISIC_0030187
bkl,real,ISIC_0030188
bkl,real,ISIC_0030189
akiec,real,ISIC_0030191
nv,real,ISIC_0030194
nv,real,ISIC_0030196
bcc,real,ISIC_0030197
nv,real,ISIC_0030198
nv,real,ISIC_0030199
nv,real,ISIC_0030200
nv,real,ISIC_0030202
bkl,real,ISIC_0030203
nv,real,ISIC_0030204
nv,real,ISIC_0030206
bkl,real,ISIC_0030208
nv,real,ISIC_0030209
mel,real,ISIC_0030211
nv,real,ISIC_0030212
nv,real,ISIC_0030213
nv,real,ISIC_0030215
nv,real,ISIC_0030216
nv,real,ISIC_0030217
nv,real,ISIC_0030218
nv,real,ISIC_0030220
nv,real,ISIC_0030221
nv,real,ISIC_0030222
mel,real,ISIC_0030223
nv,real,ISIC_0030224
nv,real,ISIC_0030225
bkl,real,ISIC_0030226
bkl,real,ISIC_0030227
nv,real,ISIC_0030228
nv,real,ISIC_0030229
bcc,real,ISIC_0030230
bkl,real,ISIC_0030231
nv,real,ISIC_0030232
bcc,real,ISIC_0030233
nv,real,ISIC_0030234
nv,real,ISIC_0030235
nv,real,ISIC_0030236
nv,real,ISIC_0030237
mel,real,ISIC_0030238
nv,real,ISIC_0030239
bkl,real,ISIC_0030240
bkl,real,ISIC_0030241
akiec,real,ISIC_0030242
nv,real,ISIC_0030243
df,real,ISIC_0030244
mel,real,ISIC_0030246
nv,real,ISIC_0030247
bcc,real,ISIC_0030249
nv,real,ISIC_0030250
nv,real,ISIC_0030252
nv,real,ISIC_0030253
mel,real,ISIC_0030255
nv,real,ISIC_0030256
nv,real,ISIC_0030257
nv,real,ISIC_0030259
nv,real,ISIC_0030260
nv,real,ISIC_0030262
nv,real,ISIC_0030263
nv,real,ISIC_0030264
nv,real,ISIC_0030265
nv,real,ISIC_0030266
nv,real,ISIC_0030268
nv,real,ISIC_0030269
nv,real,ISIC_0030270
nv,real,ISIC_0030273
nv,real,ISIC_0030274
vasc,real,ISIC_0030275
bkl,real,ISIC_0030276
nv,real,ISIC_0030278
mel,real,ISIC_0030281
nv,real,ISIC_0030282
vasc,real,ISIC_0030283
nv,real,ISIC_0030284
nv,real,ISIC_0030285
nv,real,ISIC_0030287
nv,real,ISIC_0030290
nv,real,ISIC_0030291
nv,real,ISIC_0030292
nv,real,ISIC_0030293
nv,real,ISIC_0030294
nv,real,ISIC_0030296
akiec,real,ISIC_0030297
nv,real,ISIC_0030298
nv,real,ISIC_0030299
nv,real,ISIC_0030302
nv,real,ISIC_0030303
nv,real,ISIC_0030305
nv,real,ISIC_0030307
nv,real,ISIC_0030308
nv,real,ISIC_0030309
nv,real,ISIC_0030311
nv,real,ISIC_0030312
nv,real,ISIC_0030313
bcc,real,ISIC_0030314
bkl,real,ISIC_0030316
nv,real,ISIC_0030317
bkl,real,ISIC_0030318
bkl,real,ISIC_0030319
nv,real,ISIC_0030320
nv,real,ISIC_0030322
nv,real,ISIC_0030325
nv,real,ISIC_0030327
nv,real,ISIC_0030328
nv,real,ISIC_0030331
nv,real,ISIC_0030332
bcc,real,ISIC_0030335
nv,real,ISIC_0030337
nv,real,ISIC_0030338
bcc,real,ISIC_0030339
akiec,real,ISIC_0030341
nv,real,ISIC_0030343
akiec,real,ISIC_0030344
nv,real,ISIC_0030345
bkl,real,ISIC_0030346
nv,real,ISIC_0030348
bcc,real,ISIC_0030349
nv,real,ISIC_0030351
nv,real,ISIC_0030355
nv,real,ISIC_0030357
nv,real,ISIC_0030358
mel,real,ISIC_0030360
nv,real,ISIC_0030361
nv,real,ISIC_0030362
nv,real,ISIC_0030363
mel,real,ISIC_0030366
nv,real,ISIC_0030367
bkl,real,ISIC_0030369
nv,real,ISIC_0030370
bkl,real,ISIC_0030372
nv,real,ISIC_0030373
akiec,real,ISIC_0030375
bkl,real,ISIC_0030377
nv,real,ISIC_0030378
nv,real,ISIC_0030379
nv,real,ISIC_0030380
mel,real,ISIC_0030382
nv,real,ISIC_0030384
nv,real,ISIC_0030386
nv,real,ISIC_0030388
nv,real,ISIC_0030389
mel,real,ISIC_0030390
mel,real,ISIC_0030391
nv,real,ISIC_0030395
nv,real,ISIC_0030397
nv,real,ISIC_0030399
nv,real,ISIC_0030400
nv,real,ISIC_0030401
nv,real,ISIC_0030402
bcc,real,ISIC_0030403
nv,real,ISIC_0030404
nv,real,ISIC_0030405
nv,real,ISIC_0030406
nv,real,ISIC_0030409
nv,real,ISIC_0030410
nv,real,ISIC_0030411
nv,real,ISIC_0030412
nv,real,ISIC_0030413
nv,real,ISIC_0030414
nv,real,ISIC_0030416
mel,real,ISIC_0030417
nv,real,ISIC_0030420
nv,real,ISIC_0030421
df,real,ISIC_0030427
nv,real,ISIC_0030428
nv,real,ISIC_0030429
nv,real,ISIC_0030431
nv,real,ISIC_0030432
nv,real,ISIC_0030433
nv,real,ISIC_0030434
nv,real,ISIC_0030435
nv,real,ISIC_0030438
nv,real,ISIC_0030439
mel,real,ISIC_0030440
nv,real,ISIC_0030441
nv,real,ISIC_0030444
mel,real,ISIC_0030445
bcc,real,ISIC_0030446
nv,real,ISIC_0030447
nv,real,ISIC_0030449
nv,real,ISIC_0030450
nv,real,ISIC_0030451
nv,real,ISIC_0030454
nv,real,ISIC_0030456
nv,real,ISIC_0030457
bkl,real,ISIC_0030458
nv,real,ISIC_0030460
nv,real,ISIC_0030461
nv,real,ISIC_0030462
akiec,real,ISIC_0030463
nv,real,ISIC_0030464
nv,real,ISIC_0030466
nv,real,ISIC_0030468
nv,real,ISIC_0030469
nv,real,ISIC_0030470
nv,real,ISIC_0030471
nv,real,ISIC_0030472
nv,real,ISIC_0030473
nv,real,ISIC_0030474
nv,real,ISIC_0030475
nv,real,ISIC_0030477
nv,real,ISIC_0030478
nv,real,ISIC_0030479
nv,real,ISIC_0030480
nv,real,ISIC_0030482
nv,real,ISIC_0030483
nv,real,ISIC_0030484
nv,real,ISIC_0030485
mel,real,ISIC_0030486
akiec,real,ISIC_0030487
bkl,real,ISIC_0030488
nv,real,ISIC_0030489
nv,real,ISIC_0030490
akiec,real,ISIC_0030491
nv,real,ISIC_0030495
nv,real,ISIC_0030496
nv,real,ISIC_0030499
mel,real,ISIC_0030501
nv,real,ISIC_0030502
nv,real,ISIC_0030504
nv,real,ISIC_0030505
mel,real,ISIC_0030507
nv,real,ISIC_0030508
bcc,real,ISIC_0030511
mel,real,ISIC_0030512
nv,real,ISIC_0030513
nv,real,ISIC_0030516
nv,real,ISIC_0030520
mel,real,ISIC_0030521
bkl,real,ISIC_0030522
nv,real,ISIC_0030523
nv,real,ISIC_0030524
nv,real,ISIC_0030525
bcc,real,ISIC_0030526
nv,real,ISIC_0030527
bcc,real,ISIC_0030528
nv,real,ISIC_0030529
nv,real,ISIC_0030530
nv,real,ISIC_0030531
nv,real,ISIC_0030532
bkl,real,ISIC_0030533
nv,real,ISIC_0030534
nv,real,ISIC_0030536
nv,real,ISIC_0030537
nv,real,ISIC_0030538
mel,real,ISIC_0030539
nv,real,ISIC_0030540
nv,real,ISIC_0030541
nv,real,ISIC_0030544
nv,real,ISIC_0030546
akiec,real,ISIC_0030549
nv,real,ISIC_0030550
nv,real,ISIC_0030551
df,real,ISIC_0030555
nv,real,ISIC_0030556
nv,real,ISIC_0030557
nv,real,ISIC_0030558
nv,real,ISIC_0030559
nv,real,ISIC_0030560
nv,real,ISIC_0030562
nv,real,ISIC_0030563
mel,real,ISIC_0030564
bkl,real,ISIC_0030565
nv,real,ISIC_0030568
nv,real,ISIC_0030569
nv,real,ISIC_0030571
nv,real,ISIC_0030573
bcc,real,ISIC_0030574
mel,real,ISIC_0030575
nv,real,ISIC_0030576
nv,real,ISIC_0030577
nv,real,ISIC_0030578
df,real,ISIC_0030579
nv,real,ISIC_0030580
nv,real,ISIC_0030582
bkl,real,ISIC_0030583
nv,real,ISIC_0030585
akiec,real,ISIC_0030586
nv,real,ISIC_0030588
nv,real,ISIC_0030589
nv,real,ISIC_0030590
nv,real,ISIC_0030593
bcc,real,ISIC_0030594
nv,real,ISIC_0030596
nv,real,ISIC_0030597
nv,real,ISIC_0030598
nv,real,ISIC_0030599
nv,real,ISIC_0030600
nv,real,ISIC_0030601
nv,real,ISIC_0030603
mel,real,ISIC_0030604
bkl,real,ISIC_0030605
vasc,real,ISIC_0030606
bkl,real,ISIC_0030607
bkl,real,ISIC_0030608
nv,real,ISIC_0030609
nv,real,ISIC_0030610
nv,real,ISIC_0030611
nv,real,ISIC_0030612
nv,real,ISIC_0030613
nv,real,ISIC_0030614
nv,real,ISIC_0030615
nv,real,ISIC_0030618
nv,real,ISIC_0030619
nv,real,ISIC_0030620
nv,real,ISIC_0030621
nv,real,ISIC_0030622
mel,real,ISIC_0030623
nv,real,ISIC_0030625
nv,real,ISIC_0030626
nv,real,ISIC_0030627
nv,real,ISIC_0030628
nv,real,ISIC_0030629
bkl,real,ISIC_0030630
nv,real,ISIC_0030631
nv,real,ISIC_0030634
nv,real,ISIC_0030635
bkl,real,ISIC_0030636
nv,real,ISIC_0030637
nv,real,ISIC_0030638
nv,real,ISIC_0030639
nv,real,ISIC_0030641
bcc,real,ISIC_0030644
nv,real,ISIC_0030645
nv,real,ISIC_0030646
nv,real,ISIC_0030647
nv,real,ISIC_0030648
bkl,real,ISIC_0030649
nv,real,ISIC_0030650
mel,real,ISIC_0030653
nv,real,ISIC_0030654
akiec,real,ISIC_0030655
nv,real,ISIC_0030656
nv,real,ISIC_0030658
nv,real,ISIC_0030660
bkl,real,ISIC_0030661
nv,real,ISIC_0030662
nv,real,ISIC_0030663
nv,real,ISIC_0030664
df,real,ISIC_0030665
nv,real,ISIC_0030669
nv,real,ISIC_0030670
nv,real,ISIC_0030671
nv,real,ISIC_0030672
nv,real,ISIC_0030674
nv,real,ISIC_0030678
nv,real,ISIC_0030679
nv,real,ISIC_0030680
bkl,real,ISIC_0030683
nv,real,ISIC_0030684
bcc,real,ISIC_0030687
nv,real,ISIC_0030688
mel,real,ISIC_0030689
bcc,real,ISIC_0030690
nv,real,ISIC_0030691
nv,real,ISIC_0030693
nv,real,ISIC_0030694
nv,real,ISIC_0030696
nv,real,ISIC_0030697
bkl,real,ISIC_0030698
bkl,real,ISIC_0030700
nv,real,ISIC_0030701
nv,real,ISIC_0030702
nv,real,ISIC_0030703
nv,real,ISIC_0030704
bkl,real,ISIC_0030705
bkl,real,ISIC_0030706
akiec,real,ISIC_0030707
nv,real,ISIC_0030710
nv,real,ISIC_0030711
bcc,real,ISIC_0030712
akiec,real,ISIC_0030714
nv,real,ISIC_0030715
nv,real,ISIC_0030716
nv,real,ISIC_0030717
nv,real,ISIC_0030718
nv,real,ISIC_0030720
bkl,real,ISIC_0030721
vasc,real,ISIC_0030722
nv,real,ISIC_0030724
nv,real,ISIC_0030725
nv,real,ISIC_0030727
nv,real,ISIC_0030729
akiec,real,ISIC_0030730
bkl,real,ISIC_0030731
nv,real,ISIC_0030732
nv,real,ISIC_0030733
nv,real,ISIC_0030735
nv,real,ISIC_0030736
bcc,real,ISIC_0030737
nv,real,ISIC_0030738
nv,real,ISIC_0030739
nv,real,ISIC_0030741
nv,real,ISIC_0030742
nv,real,ISIC_0030743
nv,real,ISIC_0030745
bcc,real,ISIC_0030746
nv,real,ISIC_0030748
nv,real,ISIC_0030749
nv,real,ISIC_0030750
nv,real,ISIC_0030751
nv,real,ISIC_0030752
mel,real,ISIC_0030754
df,real,ISIC_0030757
bkl,real,ISIC_0030758
mel,real,ISIC_0030759
mel,real,ISIC_0030760
nv,real,ISIC_0030761
nv,real,ISIC_0030762
nv,real,ISIC_0030763
nv,real,ISIC_0030765
bcc,real,ISIC_0030767
bkl,real,ISIC_0030768
nv,real,ISIC_0030769
vasc,real,ISIC_0030770
nv,real,ISIC_0030771
nv,real,ISIC_0030772
nv,real,ISIC_0030773
nv,real,ISIC_0030775
nv,real,ISIC_0030776
nv,real,ISIC_0030777
bcc,real,ISIC_0030778
nv,real,ISIC_0030779
nv,real,ISIC_0030781
bkl,real,ISIC_0030783
mel,real,ISIC_0030784
nv,real,ISIC_0030786
nv,real,ISIC_0030787
bkl,real,ISIC_0030789
nv,real,ISIC_0030790
nv,real,ISIC_0030791
nv,real,ISIC_0030792
nv,real,ISIC_0030793
akiec,real,ISIC_0030794
mel,real,ISIC_0030795
nv,real,ISIC_0030796
nv,real,ISIC_0030797
mel,real,ISIC_0030798
nv,real,ISIC_0030799
bcc,real,ISIC_0030800
nv,real,ISIC_0030802
nv,real,ISIC_0030804
nv,real,ISIC_0030805
bkl,real,ISIC_0030806
nv,real,ISIC_0030808
nv,real,ISIC_0030810
nv,real,ISIC_0030811
bkl,real,ISIC_0030812
nv,real,ISIC_0030814
nv,real,ISIC_0030815
nv,real,ISIC_0030816
nv,real,ISIC_0030817
mel,real,ISIC_0030818
nv,real,ISIC_0030819
nv,real,ISIC_0030820
akiec,real,ISIC_0030821
bkl,real,ISIC_0030822
nv,real,ISIC_0030823
mel,real,ISIC_0030824
nv,real,ISIC_0030829
nv,real,ISIC_0030831
nv,real,ISIC_0030832
nv,real,ISIC_0030834
bkl,real,ISIC_0030835
nv,real,ISIC_0030836
nv,real,ISIC_0030837
nv,real,ISIC_0030838
nv,real,ISIC_0030839
nv,real,ISIC_0030840
mel,real,ISIC_0030843
akiec,real,ISIC_0030844
nv,real,ISIC_0030845
nv,real,ISIC_0030846
nv,real,ISIC_0030847
bkl,real,ISIC_0030849
nv,real,ISIC_0030850
nv,real,ISIC_0030851
nv,real,ISIC_0030854
nv,real,ISIC_0030855
nv,real,ISIC_0030856
nv,real,ISIC_0030857
nv,real,ISIC_0030858
nv,real,ISIC_0030861
nv,real,ISIC_0030862
nv,real,ISIC_0030863
nv,real,ISIC_0030864
nv,real,ISIC_0030866
nv,real,ISIC_0030867
df,real,ISIC_0030870
nv,real,ISIC_0030871
nv,real,ISIC_0030872
nv,real,ISIC_0030875
akiec,real,ISIC_0030877
nv,real,ISIC_0030878
nv,real,ISIC_0030879
nv,real,ISIC_0030880
nv,real,ISIC_0030881
vasc,real,ISIC_0030882
mel,real,ISIC_0030883
nv,real,ISIC_0030884
nv,real,ISIC_0030885
nv,real,ISIC_0030886
nv,real,ISIC_0030887
nv,real,ISIC_0030888
nv,real,ISIC_0030889
nv,real,ISIC_0030890
nv,real,ISIC_0030892
bcc,real,ISIC_0030893
nv,real,ISIC_0030894
mel,real,ISIC_0030898
nv,real,ISIC_0030900
mel,real,ISIC_0030901
nv,real,ISIC_0030902
nv,real,ISIC_0030903
nv,real,ISIC_0030904
nv,real,ISIC_0030905
nv,real,ISIC_0030906
nv,real,ISIC_0030907
nv,real,ISIC_0030909
mel,real,ISIC_0030910
nv,real,ISIC_0030912
nv,real,ISIC_0030914
bcc,real,ISIC_0030915
nv,real,ISIC_0030916
nv,real,ISIC_0030917
nv,real,ISIC_0030918
nv,real,ISIC_0030919
nv,real,ISIC_0030920
nv,real,ISIC_0030921
nv,real,ISIC_0030922
nv,real,ISIC_0030923
nv,real,ISIC_0030924
mel,real,ISIC_0030925
nv,real,ISIC_0030927
mel,real,ISIC_0030929
nv,real,ISIC_0030931
nv,real,ISIC_0030933
nv,real,ISIC_0030934
nv,real,ISIC_0030937
nv,real,ISIC_0030938
nv,real,ISIC_0030939
nv,real,ISIC_0030940
nv,real,ISIC_0030941
nv,real,ISIC_0030942
nv,real,ISIC_0030944
nv,real,ISIC_0030945
nv,real,ISIC_0030946
nv,real,ISIC_0030947
nv,real,ISIC_0030948
mel,real,ISIC_0030951
nv,real,ISIC_0030952
akiec,real,ISIC_0030953
bcc,real,ISIC_0030954
nv,real,ISIC_0030955
vasc,real,ISIC_0030956
nv,real,ISIC_0030958
bkl,real,ISIC_0030959
nv,real,ISIC_0030960
nv,real,ISIC_0030962
nv,real,ISIC_0030963
bcc,real,ISIC_0030964
bkl,real,ISIC_0030965
nv,real,ISIC_0030966
nv,real,ISIC_0030967
nv,real,ISIC_0030968
mel,real,ISIC_0030970
nv,real,ISIC_0030972
nv,real,ISIC_0030973
nv,real,ISIC_0030974
nv,real,ISIC_0030975
nv,real,ISIC_0030977
nv,real,ISIC_0030979
nv,real,ISIC_0030980
nv,real,ISIC_0030982
nv,real,ISIC_0030985
akiec,real,ISIC_0030986
nv,real,ISIC_0030987
bkl,real,ISIC_0030988
nv,real,ISIC_0030990
akiec,real,ISIC_0030991
nv,real,ISIC_0030994
mel,real,ISIC_0030995
nv,real,ISIC_0030996
bkl,real,ISIC_0030998
nv,real,ISIC_0031001
df,real,ISIC_0031002
nv,real,ISIC_0031003
nv,real,ISIC_0031004
mel,real,ISIC_0031005
bcc,real,ISIC_0031007
bkl,real,ISIC_0031008
nv,real,ISIC_0031010
mel,real,ISIC_0031013
nv,real,ISIC_0031014
nv,real,ISIC_0031015
nv,real,ISIC_0031018
nv,real,ISIC_0031019
nv,real,ISIC_0031020
nv,real,ISIC_0031022
mel,real,ISIC_0031023
mel,real,ISIC_0031025
bcc,real,ISIC_0031026
bkl,real,ISIC_0031029
nv,real,ISIC_0031030
nv,real,ISIC_0031031
nv,real,ISIC_0031032
mel,real,ISIC_0031034
nv,real,ISIC_0031036
bkl,real,ISIC_0031037
nv,real,ISIC_0031038
nv,real,ISIC_0031039
akiec,real,ISIC_0031040
nv,real,ISIC_0031042
akiec,real,ISIC_0031043
akiec,real,ISIC_0031044
nv,real,ISIC_0031045
nv,real,ISIC_0031047
nv,real,ISIC_0031048
nv,real,ISIC_0031049
nv,real,ISIC_0031051
nv,real,ISIC_0031052
nv,real,ISIC_0031053
nv,real,ISIC_0031054
nv,real,ISIC_0031055
bcc,real,ISIC_0031056
nv,real,ISIC_0031058
nv,real,ISIC_0031059
bkl,real,ISIC_0031061
bcc,real,ISIC_0031062
bcc,real,ISIC_0031063
vasc,real,ISIC_0031065
nv,real,ISIC_0031066
nv,real,ISIC_0031068
nv,real,ISIC_0031072
nv,real,ISIC_0031073
nv,real,ISIC_0031075
nv,real,ISIC_0031076
mel,real,ISIC_0031077
bkl,real,ISIC_0031078
nv,real,ISIC_0031079
nv,real,ISIC_0031080
nv,real,ISIC_0031081
nv,real,ISIC_0031082
nv,real,ISIC_0031084
nv,real,ISIC_0031086
mel,real,ISIC_0031087
bkl,real,ISIC_0031088
nv,real,ISIC_0031089
vasc,real,ISIC_0031090
nv,real,ISIC_0031092
bcc,real,ISIC_0031095
nv,real,ISIC_0031096
nv,real,ISIC_0031098
nv,real,ISIC_0031100
nv,real,ISIC_0031101
nv,real,ISIC_0031102
nv,real,ISIC_0031104
nv,real,ISIC_0031105
nv,real,ISIC_0031106
nv,real,ISIC_0031107
nv,real,ISIC_0031109
nv,real,ISIC_0031111
nv,real,ISIC_0031113
nv,real,ISIC_0031114
nv,real,ISIC_0031115
nv,real,ISIC_0031116
nv,real,ISIC_0031117
mel,real,ISIC_0031118
akiec,real,ISIC_0031119
nv,real,ISIC_0031120
nv,real,ISIC_0031121
bcc,real,ISIC_0031122
df,real,ISIC_0031123
nv,real,ISIC_0031124
bkl,real,ISIC_0031125
nv,real,ISIC_0031126
nv,real,ISIC_0031127
nv,real,ISIC_0031128
bkl,real,ISIC_0031130
nv,real,ISIC_0031131
bkl,real,ISIC_0031132
bkl,real,ISIC_0031133
nv,real,ISIC_0031135
nv,real,ISIC_0031137
nv,real,ISIC_0031139
bcc,real,ISIC_0031140
nv,real,ISIC_0031141
nv,real,ISIC_0031142
nv,real,ISIC_0031143
nv,real,ISIC_0031144
nv,real,ISIC_0031145
mel,real,ISIC_0031146
nv,real,ISIC_0031147
nv,real,ISIC_0031149
bkl,real,ISIC_0031150
nv,real,ISIC_0031151
nv,real,ISIC_0031152
nv,real,ISIC_0031153
bcc,real,ISIC_0031154
nv,real,ISIC_0031155
nv,real,ISIC_0031156
nv,real,ISIC_0031158
nv,real,ISIC_0031161
nv,real,ISIC_0031163
nv,real,ISIC_0031164
nv,real,ISIC_0031165
bcc,real,ISIC_0031166
nv,real,ISIC_0031167
bcc,real,ISIC_0031171
nv,real,ISIC_0031172
nv,real,ISIC_0031173
nv,real,ISIC_0031174
mel,real,ISIC_0031177
nv,real,ISIC_0031178
nv,real,ISIC_0031180
bkl,real,ISIC_0031181
nv,real,ISIC_0031182
nv,real,ISIC_0031183
nv,real,ISIC_0031184
nv,real,ISIC_0031185
nv,real,ISIC_0031188
mel,real,ISIC_0031189
akiec,real,ISIC_0031191
nv,real,ISIC_0031193
nv,real,ISIC_0031195
bkl,real,ISIC_0031196
nv,real,ISIC_0031199
vasc,real,ISIC_0031201
nv,real,ISIC_0031202
nv,real,ISIC_0031205
nv,real,ISIC_0031206
nv,real,ISIC_0031207
mel,real,ISIC_0031208
nv,real,ISIC_0031210
akiec,real,ISIC_0031211
nv,real,ISIC_0031213
nv,real,ISIC_0031214
vasc,real,ISIC_0031215
nv,real,ISIC_0031216
vasc,real,ISIC_0031217
bkl,real,ISIC_0031218
nv,real,ISIC_0031219
nv,real,ISIC_0031220
nv,real,ISIC_0031221
bkl,real,ISIC_0031223
nv,real,ISIC_0031224
nv,real,ISIC_0031227
akiec,real,ISIC_0031228
nv,real,ISIC_0031229
nv,real,ISIC_0031230
nv,real,ISIC_0031232
mel,real,ISIC_0031233
nv,real,ISIC_0031234
nv,real,ISIC_0031235
bcc,real,ISIC_0031236
nv,real,ISIC_0031237
mel,real,ISIC_0031239
nv,real,ISIC_0031240
nv,real,ISIC_0031241
nv,real,ISIC_0031242
nv,real,ISIC_0031244
bcc,real,ISIC_0031245
nv,real,ISIC_0031247
nv,real,ISIC_0031248
nv,real,ISIC_0031249
nv,real,ISIC_0031250
nv,real,ISIC_0031251
nv,real,ISIC_0031254
nv,real,ISIC_0031255
nv,real,ISIC_0031256
df,real,ISIC_0031257
nv,real,ISIC_0031260
nv,real,ISIC_0031262
bcc,real,ISIC_0031263
nv,real,ISIC_0031265
bcc,real,ISIC_0031266
nv,real,ISIC_0031268
df,real,ISIC_0031271
bcc,real,ISIC_0031272
nv,real,ISIC_0031274
nv,real,ISIC_0031275
vasc,real,ISIC_0031276
bkl,real,ISIC_0031277
nv,real,ISIC_0031279
nv,real,ISIC_0031283
bcc,real,ISIC_0031284
nv,real,ISIC_0031285
nv,real,ISIC_0031288
nv,real,ISIC_0031291
nv,real,ISIC_0031293
bcc,real,ISIC_0031294
nv,real,ISIC_0031297
bcc,real,ISIC_0031298
nv,real,ISIC_0031299
nv,real,ISIC_0031300
nv,real,ISIC_0031301
mel,real,ISIC_0031303
nv,real,ISIC_0031304
nv,real,ISIC_0031305
nv,real,ISIC_0031306
nv,real,ISIC_0031307
mel,real,ISIC_0031310
nv,real,ISIC_0031311
nv,real,ISIC_0031312
nv,real,ISIC_0031315
nv,real,ISIC_0031316
nv,real,ISIC_0031317
bcc,real,ISIC_0031318
nv,real,ISIC_0031319
bkl,real,ISIC_0031321
nv,real,ISIC_0031322
nv,real,ISIC_0031323
nv,real,ISIC_0031325
bkl,real,ISIC_0031326
nv,real,ISIC_0031328
nv,real,ISIC_0031332
nv,real,ISIC_0031333
bkl,real,ISIC_0031334
akiec,real,ISIC_0031335
nv,real,ISIC_0031338
nv,real,ISIC_0031341
nv,real,ISIC_0031342
nv,real,ISIC_0031343
df,real,ISIC_0031344
bkl,real,ISIC_0031345
vasc,real,ISIC_0031346
nv,real,ISIC_0031347
bkl,real,ISIC_0031349
bcc,real,ISIC_0031351
bkl,real,ISIC_0031352
nv,real,ISIC_0031353
nv,real,ISIC_0031354
nv,real,ISIC_0031355
nv,real,ISIC_0031356
nv,real,ISIC_0031357
df,real,ISIC_0031358
nv,real,ISIC_0031359
nv,real,ISIC_0031360
bkl,real,ISIC_0031362
nv,real,ISIC_0031363
nv,real,ISIC_0031366
nv,real,ISIC_0031367
mel,real,ISIC_0031368
nv,real,ISIC_0031370
nv,real,ISIC_0031374
nv,real,ISIC_0031375
bcc,real,ISIC_0031378
akiec,real,ISIC_0031381
nv,real,ISIC_0031383
bcc,real,ISIC_0031384
nv,real,ISIC_0031385
nv,real,ISIC_0031387
nv,real,ISIC_0031388
mel,real,ISIC_0031389
nv,real,ISIC_0031390
nv,real,ISIC_0031392
bkl,real,ISIC_0031394
bkl,real,ISIC_0031396
nv,real,ISIC_0031398
nv,real,ISIC_0031399
mel,real,ISIC_0031401
nv,real,ISIC_0031402
nv,real,ISIC_0031403
nv,real,ISIC_0031404
mel,real,ISIC_0031406
bcc,real,ISIC_0031407
nv,real,ISIC_0031411
nv,real,ISIC_0031412
nv,real,ISIC_0031414
nv,real,ISIC_0031416
akiec,real,ISIC_0031421
nv,real,ISIC_0031423
bkl,real,ISIC_0031424
nv,real,ISIC_0031425
nv,real,ISIC_0031427
bkl,real,ISIC_0031428
df,real,ISIC_0031429
akiec,real,ISIC_0031431
nv,real,ISIC_0031432
nv,real,ISIC_0031433
nv,real,ISIC_0031435
nv,real,ISIC_0031437
nv,real,ISIC_0031439
nv,real,ISIC_0031440
nv,real,ISIC_0031441
bcc,real,ISIC_0031442
df,real,ISIC_0031443
nv,real,ISIC_0031445
nv,real,ISIC_0031446
nv,real,ISIC_0031447
nv,real,ISIC_0031448
bcc,real,ISIC_0031450
nv,real,ISIC_0031452
nv,real,ISIC_0031454
nv,real,ISIC_0031455
nv,real,ISIC_0031456
df,real,ISIC_0031457
nv,real,ISIC_0031458
bkl,real,ISIC_0031459
nv,real,ISIC_0031460
nv,real,ISIC_0031461
nv,real,ISIC_0031462
nv,real,ISIC_0031463
bkl,real,ISIC_0031464
bkl,real,ISIC_0031465
nv,real,ISIC_0031466
nv,real,ISIC_0031469
bcc,real,ISIC_0031470
nv,real,ISIC_0031471
nv,real,ISIC_0031472
nv,real,ISIC_0031473
nv,real,ISIC_0031476
nv,real,ISIC_0031477
nv,real,ISIC_0031478
mel,real,ISIC_0031479
nv,real,ISIC_0031480
nv,real,ISIC_0031481
nv,real,ISIC_0031482
nv,real,ISIC_0031483
nv,real,ISIC_0031484
nv,real,ISIC_0031486
nv,real,ISIC_0031487
nv,real,ISIC_0031488
bcc,real,ISIC_0031489
nv,real,ISIC_0031490
nv,real,ISIC_0031493
mel,real,ISIC_0031494
bkl,real,ISIC_0031495
nv,real,ISIC_0031497
nv,real,ISIC_0031501
nv,real,ISIC_0031502
nv,real,ISIC_0031503
nv,real,ISIC_0031505
akiec,real,ISIC_0031506
nv,real,ISIC_0031507
nv,real,ISIC_0031508
nv,real,ISIC_0031509
nv,real,ISIC_0031510
bcc,real,ISIC_0031513
nv,real,ISIC_0031514
nv,real,ISIC_0031515
nv,real,ISIC_0031516
mel,real,ISIC_0031517
nv,real,ISIC_0031518
bkl,real,ISIC_0031519
bcc,real,ISIC_0031520
nv,real,ISIC_0031521
bkl,real,ISIC_0031522
nv,real,ISIC_0031523
nv,real,ISIC_0031525
bcc,real,ISIC_0031526
bcc,real,ISIC_0031527
bkl,real,ISIC_0031528
nv,real,ISIC_0031530
nv,real,ISIC_0031532
nv,real,ISIC_0031535
bkl,real,ISIC_0031537
nv,real,ISIC_0031538
bcc,real,ISIC_0031539
nv,real,ISIC_0031540
nv,real,ISIC_0031541
mel,real,ISIC_0031543
mel,real,ISIC_0031545
nv,real,ISIC_0031546
nv,real,ISIC_0031547
nv,real,ISIC_0031548
mel,real,ISIC_0031550
nv,real,ISIC_0031551
bcc,real,ISIC_0031552
nv,real,ISIC_0031553
mel,real,ISIC_0031554
nv,real,ISIC_0031555
bkl,real,ISIC_0031556
nv,real,ISIC_0031560
nv,real,ISIC_0031564
mel,real,ISIC_0031565
nv,real,ISIC_0031566
nv,real,ISIC_0031567
nv,real,ISIC_0031568
bcc,real,ISIC_0031569
nv,real,ISIC_0031571
nv,real,ISIC_0031572
nv,real,ISIC_0031573
nv,real,ISIC_0031574
nv,real,ISIC_0031575
nv,real,ISIC_0031576
bkl,real,ISIC_0031577
akiec,real,ISIC_0031578
nv,real,ISIC_0031579
nv,real,ISIC_0031581
nv,real,ISIC_0031582
bkl,real,ISIC_0031584
bcc,real,ISIC_0031585
mel,real,ISIC_0031586
nv,real,ISIC_0031587
nv,real,ISIC_0031588
nv,real,ISIC_0031590
bkl,real,ISIC_0031591
nv,real,ISIC_0031592
bkl,real,ISIC_0031593
nv,real,ISIC_0031594
nv,real,ISIC_0031595
nv,real,ISIC_0031596
mel,real,ISIC_0031598
bkl,real,ISIC_0031601
nv,real,ISIC_0031602
nv,real,ISIC_0031603
nv,real,ISIC_0031604
nv,real,ISIC_0031607
nv,real,ISIC_0031608
akiec,real,ISIC_0031609
nv,real,ISIC_0031610
nv,real,ISIC_0031613
bcc,real,ISIC_0031614
nv,real,ISIC_0031615
nv,real,ISIC_0031617
nv,real,ISIC_0031618
bkl,real,ISIC_0031619
bkl,real,ISIC_0031620
nv,real,ISIC_0031621
nv,real,ISIC_0031623
bkl,real,ISIC_0031624
nv,real,ISIC_0031625
nv,real,ISIC_0031628
bkl,real,ISIC_0031630
nv,real,ISIC_0031631
nv,real,ISIC_0031632
bkl,real,ISIC_0031633
nv,real,ISIC_0031634
nv,real,ISIC_0031635
nv,real,ISIC_0031637
nv,real,ISIC_0031638
bkl,real,ISIC_0031639
nv,real,ISIC_0031641
mel,real,ISIC_0031642
bcc,real,ISIC_0031643
nv,real,ISIC_0031644
nv,real,ISIC_0031645
nv,real,ISIC_0031646
nv,real,ISIC_0031647
vasc,real,ISIC_0031648
nv,real,ISIC_0031649
bkl,real,ISIC_0031650
nv,real,ISIC_0031653
nv,real,ISIC_0031654
nv,real,ISIC_0031657
nv,real,ISIC_0031658
akiec,real,ISIC_0031659
nv,real,ISIC_0031660
nv,real,ISIC_0031661
nv,real,ISIC_0031664
nv,real,ISIC_0031667
nv,real,ISIC_0031668
nv,real,ISIC_0031669
nv,real,ISIC_0031671
akiec,real,ISIC_0031672
nv,real,ISIC_0031674
nv,real,ISIC_0031675
nv,real,ISIC_0031676
bkl,real,ISIC_0031677
nv,real,ISIC_0031679
nv,real,ISIC_0031680
nv,real,ISIC_0031681
nv,real,ISIC_0031683
nv,real,ISIC_0031685
nv,real,ISIC_0031687
nv,real,ISIC_0031688
nv,real,ISIC_0031689
nv,real,ISIC_0031690
bkl,real,ISIC_0031691
akiec,real,ISIC_0031692
nv,real,ISIC_0031693
nv,real,ISIC_0031694
nv,real,ISIC_0031695
bcc,real,ISIC_0031698
nv,real,ISIC_0031699
nv,real,ISIC_0031700
bkl,real,ISIC_0031702
nv,real,ISIC_0031704
nv,real,ISIC_0031705
vasc,real,ISIC_0031706
bkl,real,ISIC_0031707
nv,real,ISIC_0031708
mel,real,ISIC_0031709
nv,real,ISIC_0031710
mel,real,ISIC_0031711
bcc,real,ISIC_0031712
nv,real,ISIC_0031713
nv,real,ISIC_0031715
bkl,real,ISIC_0031716
nv,real,ISIC_0031717
vasc,real,ISIC_0031719
nv,real,ISIC_0031720
bcc,real,ISIC_0031721
nv,real,ISIC_0031722
nv,real,ISIC_0031723
nv,real,ISIC_0031724
nv,real,ISIC_0031725
nv,real,ISIC_0031726
nv,real,ISIC_0031727
bcc,real,ISIC_0031728
nv,real,ISIC_0031729
nv,real,ISIC_0031730
nv,real,ISIC_0031731
nv,real,ISIC_0031732
df,real,ISIC_0031735
nv,real,ISIC_0031736
akiec,real,ISIC_0031738
nv,real,ISIC_0031739
mel,real,ISIC_0031741
nv,real,ISIC_0031742
akiec,real,ISIC_0031743
nv,real,ISIC_0031744
mel,real,ISIC_0031745
mel,real,ISIC_0031746
nv,real,ISIC_0031747
bcc,real,ISIC_0031749
nv,real,ISIC_0031750
nv,real,ISIC_0031752
bkl,real,ISIC_0031753
nv,real,ISIC_0031754
nv,real,ISIC_0031755
nv,real,ISIC_0031756
nv,real,ISIC_0031758
vasc,real,ISIC_0031759
bcc,real,ISIC_0031762
nv,real,ISIC_0031763
nv,real,ISIC_0031765
nv,real,ISIC_0031767
nv,real,ISIC_0031768
nv,real,ISIC_0031769
bkl,real,ISIC_0031770
nv,real,ISIC_0031771
nv,real,ISIC_0031773
nv,real,ISIC_0031774
nv,real,ISIC_0031775
nv,real,ISIC_0031776
nv,real,ISIC_0031777
mel,real,ISIC_0031779
nv,real,ISIC_0031780
nv,real,ISIC_0031781
nv,real,ISIC_0031782
mel,real,ISIC_0031784
nv,real,ISIC_0031785
nv,real,ISIC_0031786
nv,real,ISIC_0031787
bcc,real,ISIC_0031789
nv,real,ISIC_0031791
nv,real,ISIC_0031792
nv,real,ISIC_0031793
mel,real,ISIC_0031795
nv,real,ISIC_0031796
nv,real,ISIC_0031797
nv,real,ISIC_0031798
df,real,ISIC_0031799
nv,real,ISIC_0031800
nv,real,ISIC_0031801
nv,real,ISIC_0031803
nv,real,ISIC_0031805
nv,real,ISIC_0031806
nv,real,ISIC_0031807
bkl,real,ISIC_0031808
nv,real,ISIC_0031809
nv,real,ISIC_0031810
nv,real,ISIC_0031811
nv,real,ISIC_0031816
nv,real,ISIC_0031817
nv,real,ISIC_0031818
bkl,real,ISIC_0031819
nv,real,ISIC_0031820
mel,real,ISIC_0031821
nv,real,ISIC_0031822
akiec,real,ISIC_0031823
bcc,real,ISIC_0031824
nv,real,ISIC_0031826
df,real,ISIC_0031827
nv,real,ISIC_0031828
nv,real,ISIC_0031829
bkl,real,ISIC_0031831
nv,real,ISIC_0031833
nv,real,ISIC_0031835
bcc,real,ISIC_0031836
nv,real,ISIC_0031837
nv,real,ISIC_0031838
mel,real,ISIC_0031844
nv,real,ISIC_0031845
nv,real,ISIC_0031846
nv,real,ISIC_0031847
nv,real,ISIC_0031849
nv,real,ISIC_0031850
akiec,real,ISIC_0031852
bkl,real,ISIC_0031853
nv,real,ISIC_0031854
nv,real,ISIC_0031856
nv,real,ISIC_0031857
nv,real,ISIC_0031858
nv,real,ISIC_0031859
nv,real,ISIC_0031860
nv,real,ISIC_0031861
nv,real,ISIC_0031863
nv,real,ISIC_0031866
nv,real,ISIC_0031867
nv,real,ISIC_0031868
nv,real,ISIC_0031869
nv,real,ISIC_0031870
nv,real,ISIC_0031875
nv,real,ISIC_0031877
nv,real,ISIC_0031879
nv,real,ISIC_0031881
nv,real,ISIC_0031885
nv,real,ISIC_0031886
bkl,real,ISIC_0031888
mel,real,ISIC_0031890
nv,real,ISIC_0031891
nv,real,ISIC_0031892
bkl,real,ISIC_0031893
nv,real,ISIC_0031894
nv,real,ISIC_0031896
bkl,real,ISIC_0031897
nv,real,ISIC_0031898
nv,real,ISIC_0031899
mel,real,ISIC_0031900
vasc,real,ISIC_0031901
nv,real,ISIC_0031902
bkl,real,ISIC_0031903
nv,real,ISIC_0031905
nv,real,ISIC_0031906
mel,real,ISIC_0031908
nv,real,ISIC_0031909
nv,real,ISIC_0031911
nv,real,ISIC_0031914
mel,real,ISIC_0031915
nv,real,ISIC_0031916
nv,real,ISIC_0031917
nv,real,ISIC_0031919
nv,real,ISIC_0031920
akiec,real,ISIC_0031922
nv,real,ISIC_0031923
akiec,real,ISIC_0031927
nv,real,ISIC_0031928
nv,real,ISIC_0031930
mel,real,ISIC_0031931
nv,real,ISIC_0031932
nv,real,ISIC_0031933
nv,real,ISIC_0031934
nv,real,ISIC_0031935
nv,real,ISIC_0031936
bkl,real,ISIC_0031937
nv,real,ISIC_0031938
nv,real,ISIC_0031939
akiec,real,ISIC_0031940
mel,real,ISIC_0031941
nv,real,ISIC_0031942
bcc,real,ISIC_0031943
bkl,real,ISIC_0031945
nv,real,ISIC_0031948
nv,real,ISIC_0031949
vasc,real,ISIC_0031950
mel,real,ISIC_0031953
nv,real,ISIC_0031954
nv,real,ISIC_0031956
mel,real,ISIC_0031957
mel,real,ISIC_0031958
nv,real,ISIC_0031959
bkl,real,ISIC_0031961
nv,real,ISIC_0031962
nv,real,ISIC_0031963
nv,real,ISIC_0031964
nv,real,ISIC_0031965
nv,real,ISIC_0031966
bkl,real,ISIC_0031967
nv,real,ISIC_0031970
bcc,real,ISIC_0031971
mel,real,ISIC_0031972
nv,real,ISIC_0031973
nv,real,ISIC_0031974
nv,real,ISIC_0031975
mel,real,ISIC_0031977
nv,real,ISIC_0031978
nv,real,ISIC_0031979
bkl,real,ISIC_0031980
nv,real,ISIC_0031981
nv,real,ISIC_0031982
nv,real,ISIC_0031983
nv,real,ISIC_0031984
nv,real,ISIC_0031985
bcc,real,ISIC_0031986
bkl,real,ISIC_0031987
nv,real,ISIC_0031988
nv,real,ISIC_0031990
nv,real,ISIC_0031991
nv,real,ISIC_0031992
akiec,real,ISIC_0031993
nv,real,ISIC_0031995
nv,real,ISIC_0031997
nv,real,ISIC_0031998
mel,real,ISIC_0031999
nv,real,ISIC_0032002
nv,real,ISIC_0032003
nv,real,ISIC_0032004
bkl,real,ISIC_0032006
nv,real,ISIC_0032008
nv,real,ISIC_0032010
nv,real,ISIC_0032012
akiec,real,ISIC_0032014
nv,real,ISIC_0032015
nv,real,ISIC_0032016
mel,real,ISIC_0032017
nv,real,ISIC_0032018
mel,real,ISIC_0032019
nv,real,ISIC_0032020
nv,real,ISIC_0032023
bkl,real,ISIC_0032024
nv,real,ISIC_0032026
nv,real,ISIC_0032027
nv,real,ISIC_0032029
bcc,real,ISIC_0032030
nv,real,ISIC_0032032
nv,real,ISIC_0032034
nv,real,ISIC_0032035
mel,real,ISIC_0032036
nv,real,ISIC_0032037
nv,real,ISIC_0032038
nv,real,ISIC_0032042
bkl,real,ISIC_0032043
mel,real,ISIC_0032044
bkl,real,ISIC_0032045
nv,real,ISIC_0032048
nv,real,ISIC_0032050
nv,real,ISIC_0032052
nv,real,ISIC_0032054
vasc,real,ISIC_0032057
nv,real,ISIC_0032058
nv,real,ISIC_0032059
nv,real,ISIC_0032060
bcc,real,ISIC_0032061
nv,real,ISIC_0032062
bkl,real,ISIC_0032063
nv,real,ISIC_0032064
nv,real,ISIC_0032065
nv,real,ISIC_0032066
nv,real,ISIC_0032067
nv,real,ISIC_0032069
mel,real,ISIC_0032072
vasc,real,ISIC_0032076
nv,real,ISIC_0032077
nv,real,ISIC_0032078
mel,real,ISIC_0032079
nv,real,ISIC_0032080
mel,real,ISIC_0032081
nv,real,ISIC_0032082
nv,real,ISIC_0032083
nv,real,ISIC_0032084
nv,real,ISIC_0032085
nv,real,ISIC_0032087
nv,real,ISIC_0032090
nv,real,ISIC_0032091
bcc,real,ISIC_0032092
nv,real,ISIC_0032093
mel,real,ISIC_0032095
nv,real,ISIC_0032096
nv,real,ISIC_0032097
bkl,real,ISIC_0032099
nv,real,ISIC_0032101
nv,real,ISIC_0032102
bkl,real,ISIC_0032103
nv,real,ISIC_0032105
nv,real,ISIC_0032106
nv,real,ISIC_0032107
nv,real,ISIC_0032108
bkl,real,ISIC_0032111
nv,real,ISIC_0032112
bkl,real,ISIC_0032113
df,real,ISIC_0032114
nv,real,ISIC_0032115
nv,real,ISIC_0032117
nv,real,ISIC_0032119
nv,real,ISIC_0032121
nv,real,ISIC_0032122
bkl,real,ISIC_0032123
bkl,real,ISIC_0032124
nv,real,ISIC_0032127
bkl,real,ISIC_0032128
nv,real,ISIC_0032131
nv,real,ISIC_0032133
mel,real,ISIC_0032134
akiec,real,ISIC_0032135
nv,real,ISIC_0032136
nv,real,ISIC_0032137
nv,real,ISIC_0032140
nv,real,ISIC_0032142
nv,real,ISIC_0032143
nv,real,ISIC_0032144
nv,real,ISIC_0032145
bcc,real,ISIC_0032146
mel,real,ISIC_0032149
nv,real,ISIC_0032151
mel,real,ISIC_0032152
nv,real,ISIC_0032153
bkl,real,ISIC_0032156
nv,real,ISIC_0032157
bkl,real,ISIC_0032159
nv,real,ISIC_0032162
nv,real,ISIC_0032163
bcc,real,ISIC_0032164
nv,real,ISIC_0032165
nv,real,ISIC_0032166
nv,real,ISIC_0032169
bkl,real,ISIC_0032170
nv,real,ISIC_0032171
nv,real,ISIC_0032172
akiec,real,ISIC_0032173
bcc,real,ISIC_0032174
nv,real,ISIC_0032183
bcc,real,ISIC_0032185
mel,real,ISIC_0032187
nv,real,ISIC_0032188
nv,real,ISIC_0032189
mel,real,ISIC_0032190
nv,real,ISIC_0032191
nv,real,ISIC_0032193
bcc,real,ISIC_0032194
nv,real,ISIC_0032195
nv,real,ISIC_0032196
mel,real,ISIC_0032197
nv,real,ISIC_0032198
bkl,real,ISIC_0032200
nv,real,ISIC_0032201
nv,real,ISIC_0032202
akiec,real,ISIC_0032203
mel,real,ISIC_0032204
nv,real,ISIC_0032205
akiec,real,ISIC_0032206
mel,real,ISIC_0032207
nv,real,ISIC_0032213
bkl,real,ISIC_0032215
nv,real,ISIC_0032218
mel,real,ISIC_0032220
nv,real,ISIC_0032221
bcc,real,ISIC_0032222
nv,real,ISIC_0032224
bcc,real,ISIC_0032225
nv,real,ISIC_0032227
nv,real,ISIC_0032228
nv,real,ISIC_0032229
nv,real,ISIC_0032231
mel,real,ISIC_0032232
nv,real,ISIC_0032233
nv,real,ISIC_0032234
bkl,real,ISIC_0032235
nv,real,ISIC_0032237
akiec,real,ISIC_0032238
nv,real,ISIC_0032239
vasc,real,ISIC_0032240
nv,real,ISIC_0032241
nv,real,ISIC_0032242
nv,real,ISIC_0032243
mel,real,ISIC_0032244
mel,real,ISIC_0032245
df,real,ISIC_0032247
mel,real,ISIC_0032248
bkl,real,ISIC_0032249
nv,real,ISIC_0032250
nv,real,ISIC_0032251
nv,real,ISIC_0032252
nv,real,ISIC_0032253
nv,real,ISIC_0032254
mel,real,ISIC_0032258
nv,real,ISIC_0032259
nv,real,ISIC_0032260
nv,real,ISIC_0032261
nv,real,ISIC_0032263
mel,real,ISIC_0032265
nv,real,ISIC_0032267
mel,real,ISIC_0032269
nv,real,ISIC_0032273
nv,real,ISIC_0032274
akiec,real,ISIC_0032277
bkl,real,ISIC_0032280
nv,real,ISIC_0032281
nv,real,ISIC_0032284
nv,real,ISIC_0032286
nv,real,ISIC_0032288
bcc,real,ISIC_0032290
nv,real,ISIC_0032291
nv,real,ISIC_0032292
nv,real,ISIC_0032293
nv,real,ISIC_0032294
nv,real,ISIC_0032295
nv,real,ISIC_0032296
nv,real,ISIC_0032299
nv,real,ISIC_0032301
bkl,real,ISIC_0032303
bkl,real,ISIC_0032304
nv,real,ISIC_0032305
mel,real,ISIC_0032308
nv,real,ISIC_0032309
nv,real,ISIC_0032310
nv,real,ISIC_0032311
mel,real,ISIC_0032313
bcc,real,ISIC_0032314
bkl,real,ISIC_0032315
bcc,real,ISIC_0032316
bcc,real,ISIC_0032318
nv,real,ISIC_0032319
nv,real,ISIC_0032321
nv,real,ISIC_0032323
nv,real,ISIC_0032324
nv,real,ISIC_0032327
nv,real,ISIC_0032328
akiec,real,ISIC_0032329
bkl,real,ISIC_0032330
nv,real,ISIC_0032332
nv,real,ISIC_0032333
bkl,real,ISIC_0032335
nv,real,ISIC_0032338
nv,real,ISIC_0032339
nv,real,ISIC_0032340
nv,real,ISIC_0032341
nv,real,ISIC_0032342
bkl,real,ISIC_0032343
nv,real,ISIC_0032346
bkl,real,ISIC_0032348
nv,real,ISIC_0032350
nv,real,ISIC_0032351
nv,real,ISIC_0032352
nv,real,ISIC_0032353
nv,real,ISIC_0032354
nv,real,ISIC_0032355
nv,real,ISIC_0032357
bkl,real,ISIC_0032359
nv,real,ISIC_0032361
nv,real,ISIC_0032362
nv,real,ISIC_0032364
nv,real,ISIC_0032366
nv,real,ISIC_0032367
nv,real,ISIC_0032368
nv,real,ISIC_0032369
akiec,real,ISIC_0032371
bkl,real,ISIC_0032373
nv,real,ISIC_0032374
nv,real,ISIC_0032375
nv,real,ISIC_0032378
nv,real,ISIC_0032379
nv,real,ISIC_0032381
nv,real,ISIC_0032383
bcc,real,ISIC_0032384
nv,real,ISIC_0032385
nv,real,ISIC_0032386
nv,real,ISIC_0032387
nv,real,ISIC_0032388
mel,real,ISIC_0032389
nv,real,ISIC_0032390
nv,real,ISIC_0032391
nv,real,ISIC_0032392
nv,real,ISIC_0032393
akiec,real,ISIC_0032397
nv,real,ISIC_0032398
nv,real,ISIC_0032399
mel,real,ISIC_0032400
nv,real,ISIC_0032403
akiec,real,ISIC_0032404
nv,real,ISIC_0032405
nv,real,ISIC_0032406
vasc,real,ISIC_0032409
df,real,ISIC_0032410
nv,real,ISIC_0032411
nv,real,ISIC_0032416
nv,real,ISIC_0032418
nv,real,ISIC_0032419
nv,real,ISIC_0032421
mel,real,ISIC_0032424
nv,real,ISIC_0032426
nv,real,ISIC_0032427
nv,real,ISIC_0032428
mel,real,ISIC_0032430
nv,real,ISIC_0032435
akiec,real,ISIC_0032437
nv,real,ISIC_0032438
bcc,real,ISIC_0032439
nv,real,ISIC_0032440
nv,real,ISIC_0032442
nv,real,ISIC_0032443
nv,real,ISIC_0032444
bkl,real,ISIC_0032445
nv,real,ISIC_0032446
mel,real,ISIC_0032447
nv,real,ISIC_0032449
mel,real,ISIC_0032450
nv,real,ISIC_0032451
nv,real,ISIC_0032452
nv,real,ISIC_0032453
nv,real,ISIC_0032454
bkl,real,ISIC_0032456
nv,real,ISIC_0032458
bkl,real,ISIC_0032460
mel,real,ISIC_0032462
bkl,real,ISIC_0032463
nv,real,ISIC_0032464
nv,real,ISIC_0032465
nv,real,ISIC_0032467
df,real,ISIC_0032468
nv,real,ISIC_0032469
nv,real,ISIC_0032471
nv,real,ISIC_0032472
nv,real,ISIC_0032473
nv,real,ISIC_0032475
nv,real,ISIC_0032477
nv,real,ISIC_0032478
nv,real,ISIC_0032479
nv,real,ISIC_0032480
nv,real,ISIC_0032483
nv,real,ISIC_0032484
nv,real,ISIC_0032485
bkl,real,ISIC_0032486
nv,real,ISIC_0032487
nv,real,ISIC_0032488
nv,real,ISIC_0032491
nv,real,ISIC_0032493
nv,real,ISIC_0032495
nv,real,ISIC_0032496
bcc,real,ISIC_0032497
bkl,real,ISIC_0032498
nv,real,ISIC_0032499
nv,real,ISIC_0032501
nv,real,ISIC_0032502
nv,real,ISIC_0032503
mel,real,ISIC_0032504
nv,real,ISIC_0032505
bkl,real,ISIC_0032508
mel,real,ISIC_0032509
nv,real,ISIC_0032510
mel,real,ISIC_0032511
nv,real,ISIC_0032512
bkl,real,ISIC_0032514
nv,real,ISIC_0032515
nv,real,ISIC_0032516
nv,real,ISIC_0032518
nv,real,ISIC_0032519
nv,real,ISIC_0032520
nv,real,ISIC_0032525
mel,real,ISIC_0032526
nv,real,ISIC_0032527
nv,real,ISIC_0032528
nv,real,ISIC_0032529
mel,real,ISIC_0032531
mel,real,ISIC_0032532
mel,real,ISIC_0032533
mel,real,ISIC_0032535
bcc,real,ISIC_0032536
nv,real,ISIC_0032539
nv,real,ISIC_0032540
nv,real,ISIC_0032541
nv,real,ISIC_0032542
nv,real,ISIC_0032543
vasc,real,ISIC_0032545
mel,real,ISIC_0032547
nv,real,ISIC_0032548
nv,real,ISIC_0032549
mel,real,ISIC_0032550
nv,real,ISIC_0032551
bkl,real,ISIC_0032553
nv,real,ISIC_0032558
mel,real,ISIC_0032559
nv,real,ISIC_0032561
nv,real,ISIC_0032562
nv,real,ISIC_0032563
nv,real,ISIC_0032565
bkl,real,ISIC_0032567
nv,real,ISIC_0032568
mel,real,ISIC_0032569
bkl,real,ISIC_0032570
nv,real,ISIC_0032573
nv,real,ISIC_0032574
nv,real,ISIC_0032575
bkl,real,ISIC_0032576
nv,real,ISIC_0032577
nv,real,ISIC_0032578
nv,real,ISIC_0032579
nv,real,ISIC_0032581
mel,real,ISIC_0032583
nv,real,ISIC_0032584
nv,real,ISIC_0032585
nv,real,ISIC_0032587
nv,real,ISIC_0032588
nv,real,ISIC_0032589
nv,real,ISIC_0032591
nv,real,ISIC_0032593
nv,real,ISIC_0032594
nv,real,ISIC_0032595
mel,real,ISIC_0032596
mel,real,ISIC_0032597
mel,real,ISIC_0032598
nv,real,ISIC_0032600
nv,real,ISIC_0032601
mel,real,ISIC_0032602
mel,real,ISIC_0032603
mel,real,ISIC_0032604
nv,real,ISIC_0032605
nv,real,ISIC_0032606
bcc,real,ISIC_0032611
nv,real,ISIC_0032612
nv,real,ISIC_0032616
nv,real,ISIC_0032619
nv,real,ISIC_0032620
nv,real,ISIC_0032621
nv,real,ISIC_0032623
nv,real,ISIC_0032625
nv,real,ISIC_0032627
nv,real,ISIC_0032628
mel,real,ISIC_0032630
nv,real,ISIC_0032631
nv,real,ISIC_0032633
bkl,real,ISIC_0032636
mel,real,ISIC_0032637
nv,real,ISIC_0032640
nv,real,ISIC_0032641
df,real,ISIC_0032642
bkl,real,ISIC_0032643
nv,real,ISIC_0032644
mel,real,ISIC_0032645
nv,real,ISIC_0032646
nv,real,ISIC_0032648
nv,real,ISIC_0032649
nv,real,ISIC_0032651
bcc,real,ISIC_0032652
mel,real,ISIC_0032653
bkl,real,ISIC_0032654
bkl,real,ISIC_0032655
nv,real,ISIC_0032657
nv,real,ISIC_0032658
nv,real,ISIC_0032659
bcc,real,ISIC_0032660
nv,real,ISIC_0032663
bkl,real,ISIC_0032665
nv,real,ISIC_0032666
nv,real,ISIC_0032668
mel,real,ISIC_0032672
nv,real,ISIC_0032677
nv,real,ISIC_0032679
nv,real,ISIC_0032680
bkl,real,ISIC_0032681
nv,real,ISIC_0032683
mel,real,ISIC_0032684
mel,real,ISIC_0032685
nv,real,ISIC_0032686
mel,real,ISIC_0032687
bkl,real,ISIC_0032688
nv,real,ISIC_0032689
mel,real,ISIC_0032690
nv,real,ISIC_0032691
nv,real,ISIC_0032693
bkl,real,ISIC_0032694
bcc,real,ISIC_0032696
nv,real,ISIC_0032697
mel,real,ISIC_0032698
mel,real,ISIC_0032699
nv,real,ISIC_0032700
nv,real,ISIC_0032702
nv,real,ISIC_0032704
nv,real,ISIC_0032705
nv,real,ISIC_0032706
nv,real,ISIC_0032707
nv,real,ISIC_0032708
mel,real,ISIC_0032709
nv,real,ISIC_0032710
nv,real,ISIC_0032711
nv,real,ISIC_0032712
nv,real,ISIC_0032713
nv,real,ISIC_0032714
vasc,real,ISIC_0032715
mel,real,ISIC_0032716
nv,real,ISIC_0032717
mel,real,ISIC_0032718
bkl,real,ISIC_0032719
nv,real,ISIC_0032720
nv,real,ISIC_0032721
mel,real,ISIC_0032722
mel,real,ISIC_0032723
mel,real,ISIC_0032724
mel,real,ISIC_0032726
bcc,real,ISIC_0032727
nv,real,ISIC_0032728
nv,real,ISIC_0032729
mel,real,ISIC_0032730
nv,real,ISIC_0032734
mel,real,ISIC_0032736
nv,real,ISIC_0032737
nv,real,ISIC_0032739
bcc,real,ISIC_0032741
nv,real,ISIC_0032743
nv,real,ISIC_0032744
nv,real,ISIC_0032748
nv,real,ISIC_0032749
mel,real,ISIC_0032750
mel,real,ISIC_0032751
nv,real,ISIC_0032752
nv,real,ISIC_0032753
nv,real,ISIC_0032754
bkl,real,ISIC_0032756
bkl,real,ISIC_0032757
nv,real,ISIC_0032758
nv,real,ISIC_0032761
nv,real,ISIC_0032762
bkl,real,ISIC_0032763
nv,real,ISIC_0032765
mel,real,ISIC_0032766
nv,real,ISIC_0032767
nv,real,ISIC_0032769
nv,real,ISIC_0032770
nv,real,ISIC_0032771
nv,real,ISIC_0032772
mel,real,ISIC_0032774
vasc,real,ISIC_0032775
bkl,real,ISIC_0032776
nv,real,ISIC_0032779
nv,real,ISIC_0032783
nv,real,ISIC_0032784
nv,real,ISIC_0032785
nv,real,ISIC_0032786
nv,real,ISIC_0032787
nv,real,ISIC_0032788
nv,real,ISIC_0032789
mel,real,ISIC_0032790
nv,real,ISIC_0032791
nv,real,ISIC_0032792
nv,real,ISIC_0032793
nv,real,ISIC_0032794
nv,real,ISIC_0032796
mel,real,ISIC_0032797
nv,real,ISIC_0032798
bcc,real,ISIC_0032799
nv,real,ISIC_0032800
nv,real,ISIC_0032801
nv,real,ISIC_0032802
bkl,real,ISIC_0032804
nv,real,ISIC_0032805
mel,real,ISIC_0032807
bcc,real,ISIC_0032808
nv,real,ISIC_0032809
mel,real,ISIC_0032810
nv,real,ISIC_0032811
nv,real,ISIC_0032814
nv,real,ISIC_0032815
bcc,real,ISIC_0032816
nv,real,ISIC_0032817
nv,real,ISIC_0032818
nv,real,ISIC_0032819
nv,real,ISIC_0032820
nv,real,ISIC_0032821
mel,real,ISIC_0032823
nv,real,ISIC_0032824
bkl,real,ISIC_0032827
nv,real,ISIC_0032828
nv,real,ISIC_0032830
nv,real,ISIC_0032832
mel,real,ISIC_0032833
bkl,real,ISIC_0032835
mel,real,ISIC_0032836
nv,real,ISIC_0032838
vasc,real,ISIC_0032839
bkl,real,ISIC_0032843
mel,real,ISIC_0032845
nv,real,ISIC_0032846
mel,real,ISIC_0032847
nv,real,ISIC_0032848
nv,real,ISIC_0032849
bcc,real,ISIC_0032850
nv,real,ISIC_0032851
nv,real,ISIC_0032852
nv,real,ISIC_0032853
akiec,real,ISIC_0032854
nv,real,ISIC_0032855
mel,real,ISIC_0032856
bcc,real,ISIC_0032857
nv,real,ISIC_0032858
nv,real,ISIC_0032860
mel,real,ISIC_0032862
bkl,real,ISIC_0032863
nv,real,ISIC_0032864
vasc,real,ISIC_0032867
nv,real,ISIC_0032868
mel,real,ISIC_0032869
mel,real,ISIC_0032872
mel,real,ISIC_0032873
nv,real,ISIC_0032874
bkl,real,ISIC_0032876
bkl,real,ISIC_0032877
nv,real,ISIC_0032878
nv,real,ISIC_0032880
nv,real,ISIC_0032882
bkl,real,ISIC_0032883
nv,real,ISIC_0032884
nv,real,ISIC_0032885
nv,real,ISIC_0032886
mel,real,ISIC_0032888
nv,real,ISIC_0032889
nv,real,ISIC_0032891
nv,real,ISIC_0032893
bcc,real,ISIC_0032894
nv,real,ISIC_0032895
nv,real,ISIC_0032896
akiec,real,ISIC_0032897
nv,real,ISIC_0032899
nv,real,ISIC_0032900
mel,real,ISIC_0032903
nv,real,ISIC_0032904
bcc,real,ISIC_0032906
nv,real,ISIC_0032907
nv,real,ISIC_0032908
nv,real,ISIC_0032911
mel,real,ISIC_0032913
nv,real,ISIC_0032914
mel,real,ISIC_0032915
nv,real,ISIC_0032916
mel,real,ISIC_0032917
mel,real,ISIC_0032918
nv,real,ISIC_0032920
mel,real,ISIC_0032921
mel,real,ISIC_0032922
nv,real,ISIC_0032923
nv,real,ISIC_0032924
mel,real,ISIC_0032925
nv,real,ISIC_0032926
mel,real,ISIC_0032927
nv,real,ISIC_0032928
bkl,real,ISIC_0032929
nv,real,ISIC_0032930
nv,real,ISIC_0032931
vasc,real,ISIC_0032932
nv,real,ISIC_0032933
nv,real,ISIC_0032934
mel,real,ISIC_0032936
nv,real,ISIC_0032937
mel,real,ISIC_0032938
nv,real,ISIC_0032939
mel,real,ISIC_0032940
df,real,ISIC_0032941
nv,real,ISIC_0032942
nv,real,ISIC_0032943
nv,real,ISIC_0032944
nv,real,ISIC_0032945
nv,real,ISIC_0032946
bkl,real,ISIC_0032949
nv,real,ISIC_0032951
nv,real,ISIC_0032952
nv,real,ISIC_0032953
nv,real,ISIC_0032954
mel,real,ISIC_0032955
nv,real,ISIC_0032956
nv,real,ISIC_0032957
mel,real,ISIC_0032958
bcc,real,ISIC_0032959
mel,real,ISIC_0032960
bkl,real,ISIC_0032963
nv,real,ISIC_0032964
mel,real,ISIC_0032965
bkl,real,ISIC_0032967
mel,real,ISIC_0032968
mel,real,ISIC_0032970
bkl,real,ISIC_0032972
nv,real,ISIC_0032973
nv,real,ISIC_0032974
mel,real,ISIC_0032975
nv,real,ISIC_0032977
bkl,real,ISIC_0032978
nv,real,ISIC_0032980
mel,real,ISIC_0032982
bkl,real,ISIC_0032983
mel,real,ISIC_0032984
mel,real,ISIC_0032985
mel,real,ISIC_0032987
mel,real,ISIC_0032988
nv,real,ISIC_0032992
mel,real,ISIC_0032993
nv,real,ISIC_0032994
nv,real,ISIC_0032995
nv,real,ISIC_0032996
bkl,real,ISIC_0032997
nv,real,ISIC_0033002
nv,real,ISIC_0033003
mel,real,ISIC_0033004
df,real,ISIC_0033005
nv,real,ISIC_0033006
nv,real,ISIC_0033008
nv,real,ISIC_0033009
nv,real,ISIC_0033010
nv,real,ISIC_0033011
bcc,real,ISIC_0033012
nv,real,ISIC_0033013
nv,real,ISIC_0033014
mel,real,ISIC_0033017
nv,real,ISIC_0033018
nv,real,ISIC_0033021
bkl,real,ISIC_0033022
mel,real,ISIC_0033023
mel,real,ISIC_0033024
nv,real,ISIC_0033025
nv,real,ISIC_0033026
mel,real,ISIC_0033027
nv,real,ISIC_0033028
mel,real,ISIC_0033029
nv,real,ISIC_0033030
vasc,real,ISIC_0033031
nv,real,ISIC_0033032
mel,real,ISIC_0033034
nv,real,ISIC_0033035
nv,real,ISIC_0033036
mel,real,ISIC_0033037
nv,real,ISIC_0033039
nv,real,ISIC_0033040
bkl,real,ISIC_0033041
mel,real,ISIC_0033042
nv,real,ISIC_0033044
nv,real,ISIC_0033045
nv,real,ISIC_0033046
nv,real,ISIC_0033049
nv,real,ISIC_0033053
bcc,real,ISIC_0033054
mel,real,ISIC_0033055
bkl,real,ISIC_0033056
nv,real,ISIC_0033057
nv,real,ISIC_0033058
nv,real,ISIC_0033059
bkl,real,ISIC_0033060
nv,real,ISIC_0033065
nv,real,ISIC_0033066
nv,real,ISIC_0033067
mel,real,ISIC_0033068
nv,real,ISIC_0033070
nv,real,ISIC_0033071
nv,real,ISIC_0033072
mel,real,ISIC_0033073
mel,real,ISIC_0033074
nv,real,ISIC_0033075
nv,real,ISIC_0033076
bkl,real,ISIC_0033079
mel,real,ISIC_0033081
nv,real,ISIC_0033082
nv,real,ISIC_0033083
akiec,real,ISIC_0033084
nv,real,ISIC_0033085
nv,real,ISIC_0033086
nv,real,ISIC_0033087
bkl,real,ISIC_0033088
mel,real,ISIC_0033089
nv,real,ISIC_0033093
nv,real,ISIC_0033094
nv,real,ISIC_0033097
nv,real,ISIC_0033100
nv,real,ISIC_0033101
mel,real,ISIC_0033103
nv,real,ISIC_0033104
nv,real,ISIC_0033106
nv,real,ISIC_0033107
nv,real,ISIC_0033108
nv,real,ISIC_0033111
nv,real,ISIC_0033113
mel,real,ISIC_0033114
nv,real,ISIC_0033115
nv,real,ISIC_0033116
mel,real,ISIC_0033117
nv,real,ISIC_0033118
nv,real,ISIC_0033119
mel,real,ISIC_0033120
nv,real,ISIC_0033121
vasc,real,ISIC_0033123
bkl,real,ISIC_0033124
mel,real,ISIC_0033125
nv,real,ISIC_0033126
bkl,real,ISIC_0033127
nv,real,ISIC_0033128
mel,real,ISIC_0033129
bkl,real,ISIC_0033130
nv,real,ISIC_0033132
nv,real,ISIC_0033133
nv,real,ISIC_0033136
nv,real,ISIC_0033137
nv,real,ISIC_0033138
nv,real,ISIC_0033139
nv,real,ISIC_0033140
mel,real,ISIC_0033141
nv,real,ISIC_0033147
nv,real,ISIC_0033150
akiec,real,ISIC_0033151
nv,real,ISIC_0033153
mel,real,ISIC_0033154
nv,real,ISIC_0033157
vasc,real,ISIC_0033158
nv,real,ISIC_0033160
nv,real,ISIC_0033161
nv,real,ISIC_0033162
nv,real,ISIC_0033163
nv,real,ISIC_0033164
mel,real,ISIC_0033166
nv,real,ISIC_0033167
nv,real,ISIC_0033170
mel,real,ISIC_0033171
nv,real,ISIC_0033172
nv,real,ISIC_0033173
nv,real,ISIC_0033176
nv,real,ISIC_0033177
mel,real,ISIC_0033178
nv,real,ISIC_0033179
nv,real,ISIC_0033181
nv,real,ISIC_0033182
mel,real,ISIC_0033186
nv,real,ISIC_0033188
nv,real,ISIC_0033189
nv,real,ISIC_0033191
mel,real,ISIC_0033192
mel,real,ISIC_0033193
nv,real,ISIC_0033194
bkl,real,ISIC_0033195
mel,real,ISIC_0033196
nv,real,ISIC_0033197
mel,real,ISIC_0033198
bkl,real,ISIC_0033199
bkl,real,ISIC_0033201
nv,real,ISIC_0033202
bcc,real,ISIC_0033203
mel,real,ISIC_0033204
mel,real,ISIC_0033206
nv,real,ISIC_0033207
nv,real,ISIC_0033208
mel,real,ISIC_0033209
nv,real,ISIC_0033210
nv,real,ISIC_0033211
nv,real,ISIC_0033213
nv,real,ISIC_0033214
nv,real,ISIC_0033215
mel,real,ISIC_0033216
mel,real,ISIC_0033217
bcc,real,ISIC_0033218
nv,real,ISIC_0033219
nv,real,ISIC_0033220
nv,real,ISIC_0033221
nv,real,ISIC_0033224
nv,real,ISIC_0033225
nv,real,ISIC_0033227
nv,real,ISIC_0033228
nv,real,ISIC_0033229
vasc,real,ISIC_0033230
nv,real,ISIC_0033231
mel,real,ISIC_0033232
nv,real,ISIC_0033233
nv,real,ISIC_0033234
bkl,real,ISIC_0033235
mel,real,ISIC_0033238
mel,real,ISIC_0033241
nv,real,ISIC_0033242
nv,real,ISIC_0033243
nv,real,ISIC_0033244
mel,real,ISIC_0033245
bkl,real,ISIC_0033246
nv,real,ISIC_0033247
bcc,real,ISIC_0033248
nv,real,ISIC_0033250
nv,real,ISIC_0033251
bkl,real,ISIC_0033252
nv,real,ISIC_0033253
nv,real,ISIC_0033255
bcc,real,ISIC_0033257
mel,real,ISIC_0033258
bkl,real,ISIC_0033260
mel,real,ISIC_0033261
nv,real,ISIC_0033263
bkl,real,ISIC_0033264
mel,real,ISIC_0033267
mel,real,ISIC_0033268
mel,real,ISIC_0033269
bkl,real,ISIC_0033270
bcc,real,ISIC_0033271
mel,real,ISIC_0033272
nv,real,ISIC_0033273
mel,real,ISIC_0033278
nv,real,ISIC_0033281
nv,real,ISIC_0033282
bkl,real,ISIC_0033284
nv,real,ISIC_0033285
nv,real,ISIC_0033288
nv,real,ISIC_0033289
nv,real,ISIC_0033290
nv,real,ISIC_0033291
nv,real,ISIC_0033292
nv,real,ISIC_0033294
nv,real,ISIC_0033297
bcc,real,ISIC_0033301
mel,real,ISIC_0033302
nv,real,ISIC_0033303
bkl,real,ISIC_0033305
bkl,real,ISIC_0033306
nv,real,ISIC_0033309
mel,real,ISIC_0033310
nv,real,ISIC_0033311
mel,real,ISIC_0033312
nv,real,ISIC_0033313
nv,real,ISIC_0033314
nv,real,ISIC_0033315
mel,real,ISIC_0033317
nv,real,ISIC_0033319
mel,real,ISIC_0033320
bkl,real,ISIC_0033322
mel,real,ISIC_0033323
mel,real,ISIC_0033324
mel,real,ISIC_0033325
nv,real,ISIC_0033326
nv,real,ISIC_0033328
nv,real,ISIC_0033329
nv,real,ISIC_0033330
nv,real,ISIC_0033331
nv,real,ISIC_0033332
mel,real,ISIC_0033333
nv,real,ISIC_0033334
mel,real,ISIC_0033336
mel,real,ISIC_0033337
nv,real,ISIC_0033338
nv,real,ISIC_0033339
nv,real,ISIC_0033340
nv,real,ISIC_0033341
nv,real,ISIC_0033343
mel,real,ISIC_0033344
nv,real,ISIC_0033345
nv,real,ISIC_0033347
nv,real,ISIC_0033350
nv,real,ISIC_0033352
nv,real,ISIC_0033353
bcc,real,ISIC_0033354
nv,real,ISIC_0033356
akiec,real,ISIC_0033358
nv,real,ISIC_0033360
bkl,real,ISIC_0033361
mel,real,ISIC_0033362
nv,real,ISIC_0033363
nv,real,ISIC_0033365
bcc,real,ISIC_0033366
mel,real,ISIC_0033368
mel,real,ISIC_0033369
nv,real,ISIC_0033370
nv,real,ISIC_0033371
bcc,real,ISIC_0033372
nv,real,ISIC_0033373
nv,real,ISIC_0033374
mel,real,ISIC_0033377
bkl,real,ISIC_0033378
bkl,real,ISIC_0033379
nv,real,ISIC_0033381
nv,real,ISIC_0033382
nv,real,ISIC_0033384
nv,real,ISIC_0033386
nv,real,ISIC_0033388
nv,real,ISIC_0033389
mel,real,ISIC_0033392
mel,real,ISIC_0033393
mel,real,ISIC_0033394
nv,real,ISIC_0033396
bkl,real,ISIC_0033397
nv,real,ISIC_0033398
mel,real,ISIC_0033399
bkl,real,ISIC_0033401
nv,real,ISIC_0033402
mel,real,ISIC_0033405
nv,real,ISIC_0033408
nv,real,ISIC_0033411
nv,real,ISIC_0033412
akiec,real,ISIC_0033413
bkl,real,ISIC_0033414
mel,real,ISIC_0033415
nv,real,ISIC_0033417
nv,real,ISIC_0033418
nv,real,ISIC_0033421
df,real,ISIC_0033422
nv,real,ISIC_0033423
mel,real,ISIC_0033424
nv,real,ISIC_0033425
mel,real,ISIC_0033426
mel,real,ISIC_0033428
mel,real,ISIC_0033431
mel,real,ISIC_0033432
nv,real,ISIC_0033433
nv,real,ISIC_0033435
nv,real,ISIC_0033436
bkl,real,ISIC_0033437
bkl,real,ISIC_0033438
nv,real,ISIC_0033439
mel,real,ISIC_0033440
nv,real,ISIC_0033442
nv,real,ISIC_0033443
mel,real,ISIC_0033444
nv,real,ISIC_0033445
bkl,real,ISIC_0033449
nv,real,ISIC_0033451
mel,real,ISIC_0033454
nv,real,ISIC_0033455
akiec,real,ISIC_0033456
nv,real,ISIC_0033457
vasc,real,ISIC_0033458
nv,real,ISIC_0033459
nv,real,ISIC_0033462
nv,real,ISIC_0033463
nv,real,ISIC_0033467
bcc,real,ISIC_0033468
mel,real,ISIC_0033469
mel,real,ISIC_0033470
mel,real,ISIC_0033473
nv,real,ISIC_0033475
mel,real,ISIC_0033477
bkl,real,ISIC_0033480
nv,real,ISIC_0033481
bkl,real,ISIC_0033482
bcc,real,ISIC_0033483
nv,real,ISIC_0033484
bkl,real,ISIC_0033486
nv,real,ISIC_0033489
bkl,real,ISIC_0033490
nv,real,ISIC_0033492
akiec,real,ISIC_0033494
nv,real,ISIC_0033495
mel,real,ISIC_0033496
nv,real,ISIC_0033497
mel,real,ISIC_0033498
bcc,real,ISIC_0033499
mel,real,ISIC_0033500
nv,real,ISIC_0033501
nv,real,ISIC_0033502
nv,real,ISIC_0033503
bcc,real,ISIC_0033504
bkl,real,ISIC_0033505
nv,real,ISIC_0033506
bkl,real,ISIC_0033507
nv,real,ISIC_0033508
bkl,real,ISIC_0033509
nv,real,ISIC_0033511
nv,real,ISIC_0033512
nv,real,ISIC_0033513
nv,real,ISIC_0033514
nv,real,ISIC_0033516
nv,real,ISIC_0033517
mel,real,ISIC_0033518
nv,real,ISIC_0033519
mel,real,ISIC_0033520
nv,real,ISIC_0033521
bkl,real,ISIC_0033523
mel,real,ISIC_0033524
nv,real,ISIC_0033527
bkl,real,ISIC_0033529
nv,real,ISIC_0033530
bkl,real,ISIC_0033531
nv,real,ISIC_0033532
mel,real,ISIC_0033533
nv,real,ISIC_0033535
akiec,real,ISIC_0033536
nv,real,ISIC_0033537
mel,real,ISIC_0033538
bkl,real,ISIC_0033539
nv,real,ISIC_0033540
nv,real,ISIC_0033542
nv,real,ISIC_0033543
nv,real,ISIC_0033544
mel,real,ISIC_0033545
nv,real,ISIC_0033547
nv,real,ISIC_0033548
akiec,real,ISIC_0033550
bcc,real,ISIC_0033551
nv,real,ISIC_0033552
bkl,real,ISIC_0033553
df,real,ISIC_0033554
nv,real,ISIC_0033555
nv,real,ISIC_0033556
nv,real,ISIC_0033557
nv,real,ISIC_0033558
mel,real,ISIC_0033559
mel,real,ISIC_0033560
nv,real,ISIC_0033561
mel,real,ISIC_0033562
nv,real,ISIC_0033563
nv,real,ISIC_0033564
vasc,real,ISIC_0033565
nv,real,ISIC_0033566
nv,real,ISIC_0033567
mel,real,ISIC_0033568
mel,real,ISIC_0033569
bcc,real,ISIC_0033571
nv,real,ISIC_0033572
mel,real,ISIC_0033573
nv,real,ISIC_0033574
bcc,real,ISIC_0033575
bkl,real,ISIC_0033576
nv,real,ISIC_0033577
mel,real,ISIC_0033578
bcc,real,ISIC_0033579
nv,real,ISIC_0033580
bkl,real,ISIC_0033581
bkl,real,ISIC_0033582
nv,real,ISIC_0033584
nv,real,ISIC_0033585
nv,real,ISIC_0033589
nv,real,ISIC_0033590
bkl,real,ISIC_0033592
mel,real,ISIC_0033594
nv,real,ISIC_0033596
nv,real,ISIC_0033598
nv,real,ISIC_0033600
nv,real,ISIC_0033602
nv,real,ISIC_0033604
nv,real,ISIC_0033605
bkl,real,ISIC_0033606
mel,real,ISIC_0033607
nv,real,ISIC_0033610
mel,real,ISIC_0033612
bkl,real,ISIC_0033613
nv,real,ISIC_0033614
nv,real,ISIC_0033615
nv,real,ISIC_0033617
bkl,real,ISIC_0033620
nv,real,ISIC_0033622
nv,real,ISIC_0033623
mel,real,ISIC_0033624
nv,real,ISIC_0033627
bkl,real,ISIC_0033629
bkl,real,ISIC_0033631
nv,real,ISIC_0033632
nv,real,ISIC_0033634
bkl,real,ISIC_0033635
nv,real,ISIC_0033637
mel,real,ISIC_0033638
nv,real,ISIC_0033641
bkl,real,ISIC_0033642
mel,real,ISIC_0033644
nv,real,ISIC_0033645
bkl,real,ISIC_0033646
nv,real,ISIC_0033649
nv,real,ISIC_0033650
nv,real,ISIC_0033652
mel,real,ISIC_0033653
mel,real,ISIC_0033654
mel,real,ISIC_0033655
nv,real,ISIC_0033656
nv,real,ISIC_0033657
nv,real,ISIC_0033658
bkl,real,ISIC_0033659
nv,real,ISIC_0033661
mel,real,ISIC_0033662
nv,real,ISIC_0033664
bcc,real,ISIC_0033666
nv,real,ISIC_0033667
mel,real,ISIC_0033668
nv,real,ISIC_0033672
nv,real,ISIC_0033673
nv,real,ISIC_0033674
df,real,ISIC_0033675
bkl,real,ISIC_0033676
mel,real,ISIC_0033678
mel,real,ISIC_0033679
nv,real,ISIC_0033681
nv,real,ISIC_0033683
mel,real,ISIC_0033687
nv,real,ISIC_0033688
nv,real,ISIC_0033689
nv,real,ISIC_0033690
bkl,real,ISIC_0033693
nv,real,ISIC_0033694
df,real,ISIC_0033695
mel,real,ISIC_0033696
nv,real,ISIC_0033698
nv,real,ISIC_0033699
mel,real,ISIC_0033700
bkl,real,ISIC_0033701
nv,real,ISIC_0033702
nv,real,ISIC_0033703
mel,real,ISIC_0033704
akiec,real,ISIC_0033705
nv,real,ISIC_0033706
nv,real,ISIC_0033707
mel,real,ISIC_0033708
bkl,real,ISIC_0033709
mel,real,ISIC_0033710
nv,real,ISIC_0033712
nv,real,ISIC_0033714
nv,real,ISIC_0033715
bkl,real,ISIC_0033716
mel,real,ISIC_0033717
nv,real,ISIC_0033718
nv,real,ISIC_0033721
nv,real,ISIC_0033723
nv,real,ISIC_0033724
mel,real,ISIC_0033728
mel,real,ISIC_0033730
nv,real,ISIC_0033731
bkl,real,ISIC_0033732
nv,real,ISIC_0033733
bkl,real,ISIC_0033736
nv,real,ISIC_0033737
nv,real,ISIC_0033738
nv,real,ISIC_0033739
nv,real,ISIC_0033740
nv,real,ISIC_0033741
nv,real,ISIC_0033742
bkl,real,ISIC_0033744
nv,real,ISIC_0033746
vasc,real,ISIC_0033749
mel,real,ISIC_0033752
nv,real,ISIC_0033753
mel,real,ISIC_0033754
nv,real,ISIC_0033756
nv,real,ISIC_0033757
nv,real,ISIC_0033759
nv,real,ISIC_0033760
bkl,real,ISIC_0033761
vasc,real,ISIC_0033762
nv,real,ISIC_0033763
nv,real,ISIC_0033764
nv,real,ISIC_0033765
nv,real,ISIC_0033766
nv,real,ISIC_0033768
nv,real,ISIC_0033769
nv,real,ISIC_0033771
nv,real,ISIC_0033772
mel,real,ISIC_0033773
nv,real,ISIC_0033774
nv,real,ISIC_0033775
bkl,real,ISIC_0033776
bkl,real,ISIC_0033778
nv,real,ISIC_0033781
nv,real,ISIC_0033782
bkl,real,ISIC_0033783
nv,real,ISIC_0033786
nv,real,ISIC_0033788
df,real,ISIC_0033790
bkl,real,ISIC_0033791
nv,real,ISIC_0033793
nv,real,ISIC_0033794
nv,real,ISIC_0033795
nv,real,ISIC_0033797
nv,real,ISIC_0033798
nv,real,ISIC_0033800
mel,real,ISIC_0033801
nv,real,ISIC_0033803
mel,real,ISIC_0033804
mel,real,ISIC_0033805
mel,real,ISIC_0033806
mel,real,ISIC_0033807
df,real,ISIC_0033808
nv,real,ISIC_0033809
df,real,ISIC_0033810
akiec,real,ISIC_0033811
mel,real,ISIC_0033812
mel,real,ISIC_0033814
nv,real,ISIC_0033815
nv,real,ISIC_0033816
nv,real,ISIC_0033818
mel,real,ISIC_0033820
nv,real,ISIC_0033821
nv,real,ISIC_0033822
nv,real,ISIC_0033823
nv,real,ISIC_0033824
nv,real,ISIC_0033827
bkl,real,ISIC_0033828
bkl,real,ISIC_0033829
nv,real,ISIC_0033830
mel,real,ISIC_0033831
nv,real,ISIC_0033832
nv,real,ISIC_0033833
mel,real,ISIC_0033834
nv,real,ISIC_0033835
nv,real,ISIC_0033837
nv,real,ISIC_0033839
nv,real,ISIC_0033841
nv,real,ISIC_0033842
mel,real,ISIC_0033843
nv,real,ISIC_0033845
nv,real,ISIC_0033846
df,real,ISIC_0033847
nv,real,ISIC_0033851
nv,real,ISIC_0033852
bkl,real,ISIC_0033855
nv,real,ISIC_0033858
nv,real,ISIC_0033859
df,real,ISIC_0033860
nv,real,ISIC_0033861
mel,real,ISIC_0033863
akiec,real,ISIC_0033866
nv,real,ISIC_0033867
bkl,real,ISIC_0033868
akiec,real,ISIC_0033869
mel,real,ISIC_0033871
nv,real,ISIC_0033873
mel,real,ISIC_0033874
nv,real,ISIC_0033875
nv,real,ISIC_0033876
nv,real,ISIC_0033877
nv,real,ISIC_0033879
mel,real,ISIC_0033881
nv,real,ISIC_0033882
bkl,real,ISIC_0033884
mel,real,ISIC_0033885
nv,real,ISIC_0033887
nv,real,ISIC_0033888
nv,real,ISIC_0033889
df,real,ISIC_0033891
nv,real,ISIC_0033892
mel,real,ISIC_0033893
nv,real,ISIC_0033896
nv,real,ISIC_0033897
nv,real,ISIC_0033898
bkl,real,ISIC_0033899
bkl,real,ISIC_0033900
mel,real,ISIC_0033901
mel,real,ISIC_0033902
mel,real,ISIC_0033905
nv,real,ISIC_0033907
bkl,real,ISIC_0033908
nv,real,ISIC_0033912
bkl,real,ISIC_0033913
nv,real,ISIC_0033914
nv,real,ISIC_0033915
nv,real,ISIC_0033917
nv,real,ISIC_0033918
nv,real,ISIC_0033920
nv,real,ISIC_0033922
bkl,real,ISIC_0033924
mel,real,ISIC_0033925
nv,real,ISIC_0033929
nv,real,ISIC_0033930
mel,real,ISIC_0033931
nv,real,ISIC_0033932
nv,real,ISIC_0033934
nv,real,ISIC_0033935
nv,real,ISIC_0033937
nv,real,ISIC_0033939
nv,real,ISIC_0033940
nv,real,ISIC_0033941
mel,real,ISIC_0033942
nv,real,ISIC_0033944
mel,real,ISIC_0033946
mel,real,ISIC_0033947
bkl,real,ISIC_0033949
nv,real,ISIC_0033950
mel,real,ISIC_0033953
nv,real,ISIC_0033954
nv,real,ISIC_0033955
mel,real,ISIC_0033956
mel,real,ISIC_0033957
nv,real,ISIC_0033959
nv,real,ISIC_0033961
nv,real,ISIC_0033963
nv,real,ISIC_0033964
nv,real,ISIC_0033965
nv,real,ISIC_0033966
mel,real,ISIC_0033968
nv,real,ISIC_0033971
bkl,real,ISIC_0033973
nv,real,ISIC_0033974
mel,real,ISIC_0033975
nv,real,ISIC_0033976
nv,real,ISIC_0033978
bcc,real,ISIC_0033979
mel,real,ISIC_0033980
mel,real,ISIC_0033981
nv,real,ISIC_0033982
nv,real,ISIC_0033983
nv,real,ISIC_0033984
mel,real,ISIC_0033986
bkl,real,ISIC_0033987
nv,real,ISIC_0033989
nv,real,ISIC_0033990
vasc,real,ISIC_0033991
nv,real,ISIC_0033992
nv,real,ISIC_0033993
nv,real,ISIC_0033996
nv,real,ISIC_0033997
nv,real,ISIC_0033998
bkl,real,ISIC_0034003
nv,real,ISIC_0034004
mel,real,ISIC_0034005
mel,real,ISIC_0034006
bkl,real,ISIC_0034007
nv,real,ISIC_0034008
nv,real,ISIC_0034009
nv,real,ISIC_0034010
bkl,real,ISIC_0034011
mel,real,ISIC_0034012
nv,real,ISIC_0034013
nv,real,ISIC_0034014
nv,real,ISIC_0034016
nv,real,ISIC_0034018
nv,real,ISIC_0034019
nv,real,ISIC_0034021
mel,real,ISIC_0034022
nv,real,ISIC_0034023
bkl,real,ISIC_0034024
nv,real,ISIC_0034025
nv,real,ISIC_0034027
mel,real,ISIC_0034028
nv,real,ISIC_0034029
nv,real,ISIC_0034030
bkl,real,ISIC_0034031
nv,real,ISIC_0034032
nv,real,ISIC_0034033
mel,real,ISIC_0034034
nv,real,ISIC_0034035
mel,real,ISIC_0034036
bkl,real,ISIC_0034037
nv,real,ISIC_0034038
nv,real,ISIC_0034039
bkl,real,ISIC_0034040
nv,real,ISIC_0034041
nv,real,ISIC_0034042
nv,real,ISIC_0034043
mel,real,ISIC_0034046
mel,real,ISIC_0034048
mel,real,ISIC_0034049
mel,real,ISIC_0034050
mel,real,ISIC_0034051
mel,real,ISIC_0034052
nv,real,ISIC_0034053
nv,real,ISIC_0034054
nv,real,ISIC_0034056
bkl,real,ISIC_0034057
nv,real,ISIC_0034060
mel,real,ISIC_0034061
nv,real,ISIC_0034063
mel,real,ISIC_0034064
bcc,real,ISIC_0034066
nv,real,ISIC_0034067
mel,real,ISIC_0034068
bkl,real,ISIC_0034070
mel,real,ISIC_0034071
mel,real,ISIC_0034074
mel,real,ISIC_0034076
nv,real,ISIC_0034078
nv,real,ISIC_0034080
nv,real,ISIC_0034081
nv,real,ISIC_0034084
mel,real,ISIC_0034085
nv,real,ISIC_0034086
mel,real,ISIC_0034087
nv,real,ISIC_0034088
mel,real,ISIC_0034089
nv,real,ISIC_0034090
nv,real,ISIC_0034091
mel,real,ISIC_0034092
mel,real,ISIC_0034094
bcc,real,ISIC_0034095
nv,real,ISIC_0034096
nv,real,ISIC_0034097
nv,real,ISIC_0034098
nv,real,ISIC_0034099
mel,real,ISIC_0034100
nv,real,ISIC_0034102
bkl,real,ISIC_0034103
mel,real,ISIC_0034104
nv,real,ISIC_0034105
mel,real,ISIC_0034106
mel,real,ISIC_0034107
nv,real,ISIC_0034108
nv,real,ISIC_0034109
nv,real,ISIC_0034110
bkl,real,ISIC_0034113
mel,real,ISIC_0034117
bcc,real,ISIC_0034119
mel,real,ISIC_0034120
nv,real,ISIC_0034122
nv,real,ISIC_0034124
bkl,real,ISIC_0034125
nv,real,ISIC_0034127
nv,real,ISIC_0034130
nv,real,ISIC_0034133
mel,real,ISIC_0034134
nv,real,ISIC_0034136
nv,real,ISIC_0034139
mel,real,ISIC_0034140
bkl,real,ISIC_0034142
bcc,real,ISIC_0034143
nv,real,ISIC_0034144
nv,real,ISIC_0034146
nv,real,ISIC_0034147
nv,real,ISIC_0034148
nv,real,ISIC_0034149
mel,real,ISIC_0034150
bkl,real,ISIC_0034151
nv,real,ISIC_0034152
nv,real,ISIC_0034154
nv,real,ISIC_0034157
nv,real,ISIC_0034158
mel,real,ISIC_0034159
bcc,real,ISIC_0034160
mel,real,ISIC_0034162
nv,real,ISIC_0034163
nv,real,ISIC_0034166
bkl,real,ISIC_0034167
bkl,real,ISIC_0034168
df,real,ISIC_0034169
nv,real,ISIC_0034171
mel,real,ISIC_0034172
mel,real,ISIC_0034173
nv,real,ISIC_0034174
bkl,real,ISIC_0034175
nv,real,ISIC_0034176
nv,real,ISIC_0034177
nv,real,ISIC_0034179
mel,real,ISIC_0034180
nv,real,ISIC_0034181
mel,real,ISIC_0034183
nv,real,ISIC_0034184
nv,real,ISIC_0034185
bkl,real,ISIC_0034186
mel,real,ISIC_0034188
bkl,real,ISIC_0034189
nv,real,ISIC_0034190
nv,real,ISIC_0034192
nv,real,ISIC_0034194
nv,real,ISIC_0034195
vasc,real,ISIC_0034196
bkl,real,ISIC_0034197
nv,real,ISIC_0034198
bkl,real,ISIC_0034201
mel,real,ISIC_0034202
nv,real,ISIC_0034203
nv,real,ISIC_0034204
mel,real,ISIC_0034205
nv,real,ISIC_0034206
nv,real,ISIC_0034207
mel,real,ISIC_0034208
mel,real,ISIC_0034211
nv,real,ISIC_0034212
nv,real,ISIC_0034213
vasc,real,ISIC_0034214
nv,real,ISIC_0034215
mel,real,ISIC_0034216
nv,real,ISIC_0034217
mel,real,ISIC_0034218
nv,real,ISIC_0034220
mel,real,ISIC_0034222
nv,real,ISIC_0034224
nv,real,ISIC_0034225
nv,real,ISIC_0034226
nv,real,ISIC_0034227
nv,real,ISIC_0034228
nv,real,ISIC_0034229
nv,real,ISIC_0034230
nv,real,ISIC_0034231
mel,real,ISIC_0034233
bkl,real,ISIC_0034235
mel,real,ISIC_0034236
nv,real,ISIC_0034237
nv,real,ISIC_0034240
nv,real,ISIC_0034241
mel,real,ISIC_0034242
mel,real,ISIC_0034243
nv,real,ISIC_0034244
nv,real,ISIC_0034245
nv,real,ISIC_0034247
nv,real,ISIC_0034248
nv,real,ISIC_0034249
nv,real,ISIC_0034251
bkl,real,ISIC_0034252
mel,real,ISIC_0034256
nv,real,ISIC_0034257
nv,real,ISIC_0034258
nv,real,ISIC_0034260
mel,real,ISIC_0034262
mel,real,ISIC_0034263
nv,real,ISIC_0034265
nv,real,ISIC_0034266
nv,real,ISIC_0034267
nv,real,ISIC_0034268
mel,real,ISIC_0034269
nv,real,ISIC_0034270
nv,real,ISIC_0034272
nv,real,ISIC_0034273
mel,real,ISIC_0034275
bcc,real,ISIC_0034276
nv,real,ISIC_0034277
nv,real,ISIC_0034279
nv,real,ISIC_0034281
bkl,real,ISIC_0034283
nv,real,ISIC_0034285
nv,real,ISIC_0034286
mel,real,ISIC_0034289
bkl,real,ISIC_0034291
nv,real,ISIC_0034292
nv,real,ISIC_0034293
mel,real,ISIC_0034294
nv,real,ISIC_0034295
bkl,real,ISIC_0034296
nv,real,ISIC_0034298
bcc,real,ISIC_0034299
nv,real,ISIC_0034302
bkl,real,ISIC_0034303
nv,real,ISIC_0034305
bcc,real,ISIC_0034306
nv,real,ISIC_0034308
nv,real,ISIC_0034309
nv,real,ISIC_0034310
nv,real,ISIC_0034311
nv,real,ISIC_0034314
bkl,real,ISIC_0034315
mel,real,ISIC_0034316
mel,real,ISIC_0034317
bkl,real,ISIC_0034318
nv,real,ISIC_0034320
akiec,synth,data/synthetic/ddpm64_all/akiec/akiec_00000.png
akiec,synth,data/synthetic/ddpm64_all/akiec/akiec_00001.png
akiec,synth,data/synthetic/ddpm64_all/akiec/akiec_00002.png
akiec,synth,data/synthetic/ddpm64_all/akiec/akiec_00003.png
akiec,synth,data/synthetic/ddpm64_all/akiec/akiec_00004.png
akiec,synth,data/synthetic/ddpm64_all/akiec/akiec_00005.png
akiec,synth,data/synthetic/ddpm64_all/akiec/akiec_00006.png
akiec,synth,data/synthetic/ddpm64_all/akiec/akiec_00007.png
akiec,synth,data/synthetic/ddpm64_all/akiec/akiec_00008.png
akiec,synth,data/synthetic/ddpm64_all/akiec/akiec_00009.png
akiec,synth,data/synthetic/ddpm64_all/akiec/akiec_00010.png
akiec,synth,data/synthetic/ddpm64_all/akiec/akiec_00011.png
akiec,synth,data/synthetic/ddpm64_all/akiec/akiec_00012.png
akiec,synth,data/synthetic/ddpm64_all/akiec/akiec_00013.png
akiec,synth,data/synthetic/ddpm64_all/akiec/akiec_00014.png
akiec,synth,data/synthetic/ddpm64_all/akiec/akiec_00015.png
akiec,synth,data/synthetic/ddpm64_all/akiec/akiec_00016.png
akiec,synth,data/synthetic/ddpm64_all/akiec/akiec_00017.png
akiec,synth,data/synthetic/ddpm64_all/akiec/akiec_00018.png
akiec,synth,data/synthetic/ddpm64_all/akiec/akiec_00019.png
akiec,synth,data/synthetic/ddpm64_all/akiec/akiec_00020.png
akiec,synth,data/synthetic/ddpm64_all/akiec/akiec_00021.png
akiec,synth,data/synthetic/ddpm64_all/akiec/akiec_00022.png
akiec,synth,data/synthetic/ddpm64_all/akiec/akiec_00023.png
akiec,synth,data/synthetic/ddpm64_all/akiec/akiec_00024.png
akiec,synth,data/synthetic/ddpm64_all/akiec/akiec_00025.png
akiec,synth,data/synthetic/ddpm64_all/akiec/akiec_00026.png
akiec,synth,data/synthetic/ddpm64_all/akiec/akiec_00027.png
akiec,synth,data/synthetic/ddpm64_all/akiec/akiec_00028.png
akiec,synth,data/synthetic/ddpm64_all/akiec/akiec_00029.png
akiec,synth,data/synthetic/ddpm64_all/akiec/akiec_00030.png
akiec,synth,data/synthetic/ddpm64_all/akiec/akiec_00031.png
akiec,synth,data/synthetic/ddpm64_all/akiec/akiec_00032.png
akiec,synth,data/synthetic/ddpm64_all/akiec/akiec_00033.png
akiec,synth,data/synthetic/ddpm64_all/akiec/akiec_00034.png
akiec,synth,data/synthetic/ddpm64_all/akiec/akiec_00035.png
akiec,synth,data/synthetic/ddpm64_all/akiec/akiec_00036.png
akiec,synth,data/synthetic/ddpm64_all/akiec/akiec_00037.png
akiec,synth,data/synthetic/ddpm64_all/akiec/akiec_00038.png
akiec,synth,data/synthetic/ddpm64_all/akiec/akiec_00039.png
akiec,synth,data/synthetic/ddpm64_all/akiec/akiec_00040.png
akiec,synth,data/synthetic/ddpm64_all/akiec/akiec_00041.png
akiec,synth,data/synthetic/ddpm64_all/akiec/akiec_00042.png
akiec,synth,data/synthetic/ddpm64_all/akiec/akiec_00043.png
akiec,synth,data/synthetic/ddpm64_all/akiec/akiec_00044.png
akiec,synth,data/synthetic/ddpm64_all/akiec/akiec_00045.png
akiec,synth,data/synthetic/ddpm64_all/akiec/akiec_00046.png
akiec,synth,data/synthetic/ddpm64_all/akiec/akiec_00047.png
akiec,synth,data/synthetic/ddpm64_all/akiec/akiec_00048.png
akiec,synth,data/synthetic/ddpm64_all/akiec/akiec_00049.png
akiec,synth,data/synthetic/ddpm64_all/akiec/akiec_00050.png
akiec,synth,data/synthetic/ddpm64_all/akiec/akiec_00051.png
akiec,synth,data/synthetic/ddpm64_all/akiec/akiec_00052.png
akiec,synth,data/synthetic/ddpm64_all/akiec/akiec_00053.png
akiec,synth,data/synthetic/ddpm64_all/akiec/akiec_00054.png
akiec,synth,data/synthetic/ddpm64_all/akiec/akiec_00055.png
akiec,synth,data/synthetic/ddpm64_all/akiec/akiec_00056.png
akiec,synth,data/synthetic/ddpm64_all/akiec/akiec_00057.png
akiec,synth,data/synthetic/ddpm64_all/akiec/akiec_00058.png
akiec,synth,data/synthetic/ddpm64_all/akiec/akiec_00059.png
akiec,synth,data/synthetic/ddpm64_all/akiec/akiec_00060.png
akiec,synth,data/synthetic/ddpm64_all/akiec/akiec_00061.png
akiec,synth,data/synthetic/ddpm64_all/akiec/akiec_00062.png
akiec,synth,data/synthetic/ddpm64_all/akiec/akiec_00063.png
akiec,synth,data/synthetic/ddpm64_all/akiec/akiec_00064.png
akiec,synth,data/synthetic/ddpm64_all/akiec/akiec_00065.png
akiec,synth,data/synthetic/ddpm64_all/akiec/akiec_00066.png
akiec,synth,data/synthetic/ddpm64_all/akiec/akiec_00067.png
akiec,synth,data/synthetic/ddpm64_all/akiec/akiec_00068.png
akiec,synth,data/synthetic/ddpm64_all/akiec/akiec_00069.png
akiec,synth,data/synthetic/ddpm64_all/akiec/akiec_00070.png
akiec,synth,data/synthetic/ddpm64_all/akiec/akiec_00071.png
akiec,synth,data/synthetic/ddpm64_all/akiec/akiec_00072.png
akiec,synth,data/synthetic/ddpm64_all/akiec/akiec_00073.png
akiec,synth,data/synthetic/ddpm64_all/akiec/akiec_00074.png
akiec,synth,data/synthetic/ddpm64_all/akiec/akiec_00075.png
akiec,synth,data/synthetic/ddpm64_all/akiec/akiec_00076.png
akiec,synth,data/synthetic/ddpm64_all/akiec/akiec_00077.png
akiec,synth,data/synthetic/ddpm64_all/akiec/akiec_00078.png
akiec,synth,data/synthetic/ddpm64_all/akiec/akiec_00079.png
akiec,synth,data/synthetic/ddpm64_all/akiec/akiec_00080.png
akiec,synth,data/synthetic/ddpm64_all/akiec/akiec_00081.png
akiec,synth,data/synthetic/ddpm64_all/akiec/akiec_00082.png
akiec,synth,data/synthetic/ddpm64_all/akiec/akiec_00083.png
akiec,synth,data/synthetic/ddpm64_all/akiec/akiec_00084.png
akiec,synth,data/synthetic/ddpm64_all/akiec/akiec_00085.png
akiec,synth,data/synthetic/ddpm64_all/akiec/akiec_00086.png
akiec,synth,data/synthetic/ddpm64_all/akiec/akiec_00087.png
akiec,synth,data/synthetic/ddpm64_all/akiec/akiec_00088.png
akiec,synth,data/synthetic/ddpm64_all/akiec/akiec_00089.png
akiec,synth,data/synthetic/ddpm64_all/akiec/akiec_00090.png
akiec,synth,data/synthetic/ddpm64_all/akiec/akiec_00091.png
akiec,synth,data/synthetic/ddpm64_all/akiec/akiec_00092.png
akiec,synth,data/synthetic/ddpm64_all/akiec/akiec_00093.png
akiec,synth,data/synthetic/ddpm64_all/akiec/akiec_00094.png
akiec,synth,data/synthetic/ddpm64_all/akiec/akiec_00095.png
akiec,synth,data/synthetic/ddpm64_all/akiec/akiec_00096.png
akiec,synth,data/synthetic/ddpm64_all/akiec/akiec_00097.png
akiec,synth,data/synthetic/ddpm64_all/akiec/akiec_00098.png
akiec,synth,data/synthetic/ddpm64_all/akiec/akiec_00099.png
akiec,synth,data/synthetic/ddpm64_all/akiec/akiec_00100.png
akiec,synth,data/synthetic/ddpm64_all/akiec/akiec_00101.png
akiec,synth,data/synthetic/ddpm64_all/akiec/akiec_00102.png
akiec,synth,data/synthetic/ddpm64_all/akiec/akiec_00103.png
akiec,synth,data/synthetic/ddpm64_all/akiec/akiec_00104.png
akiec,synth,data/synthetic/ddpm64_all/akiec/akiec_00105.png
akiec,synth,data/synthetic/ddpm64_all/akiec/akiec_00106.png
akiec,synth,data/synthetic/ddpm64_all/akiec/akiec_00107.png
akiec,synth,data/synthetic/ddpm64_all/akiec/akiec_00108.png
akiec,synth,data/synthetic/ddpm64_all/akiec/akiec_00109.png
akiec,synth,data/synthetic/ddpm64_all/akiec/akiec_00110.png
akiec,synth,data/synthetic/ddpm64_all/akiec/akiec_00111.png
akiec,synth,data/synthetic/ddpm64_all/akiec/akiec_00112.png
akiec,synth,data/synthetic/ddpm64_all/akiec/akiec_00113.png
akiec,synth,data/synthetic/ddpm64_all/akiec/akiec_00114.png
akiec,synth,data/synthetic/ddpm64_all/akiec/akiec_00115.png
akiec,synth,data/synthetic/ddpm64_all/akiec/akiec_00116.png
akiec,synth,data/synthetic/ddpm64_all/akiec/akiec_00117.png
akiec,synth,data/synthetic/ddpm64_all/akiec/akiec_00118.png
akiec,synth,data/synthetic/ddpm64_all/akiec/akiec_00119.png
akiec,synth,data/synthetic/ddpm64_all/akiec/akiec_00120.png
akiec,synth,data/synthetic/ddpm64_all/akiec/akiec_00121.png
akiec,synth,data/synthetic/ddpm64_all/akiec/akiec_00122.png
akiec,synth,data/synthetic/ddpm64_all/akiec/akiec_00123.png
akiec,synth,data/synthetic/ddpm64_all/akiec/akiec_00124.png
akiec,synth,data/synthetic/ddpm64_all/akiec/akiec_00125.png
akiec,synth,data/synthetic/ddpm64_all/akiec/akiec_00126.png
akiec,synth,data/synthetic/ddpm64_all/akiec/akiec_00127.png
akiec,synth,data/synthetic/ddpm64_all/akiec/akiec_00128.png
akiec,synth,data/synthetic/ddpm64_all/akiec/akiec_00129.png
akiec,synth,data/synthetic/ddpm64_all/akiec/akiec_00130.png
akiec,synth,data/synthetic/ddpm64_all/akiec/akiec_00131.png
akiec,synth,data/synthetic/ddpm64_all/akiec/akiec_00132.png
akiec,synth,data/synthetic/ddpm64_all/akiec/akiec_00133.png
akiec,synth,data/synthetic/ddpm64_all/akiec/akiec_00134.png
akiec,synth,data/synthetic/ddpm64_all/akiec/akiec_00135.png
akiec,synth,data/synthetic/ddpm64_all/akiec/akiec_00136.png
akiec,synth,data/synthetic/ddpm64_all/akiec/akiec_00137.png
akiec,synth,data/synthetic/ddpm64_all/akiec/akiec_00138.png
akiec,synth,data/synthetic/ddpm64_all/akiec/akiec_00139.png
akiec,synth,data/synthetic/ddpm64_all/akiec/akiec_00140.png
akiec,synth,data/synthetic/ddpm64_all/akiec/akiec_00141.png
akiec,synth,data/synthetic/ddpm64_all/akiec/akiec_00142.png
akiec,synth,data/synthetic/ddpm64_all/akiec/akiec_00143.png
akiec,synth,data/synthetic/ddpm64_all/akiec/akiec_00144.png
akiec,synth,data/synthetic/ddpm64_all/akiec/akiec_00145.png
akiec,synth,data/synthetic/ddpm64_all/akiec/akiec_00146.png
akiec,synth,data/synthetic/ddpm64_all/akiec/akiec_00147.png
akiec,synth,data/synthetic/ddpm64_all/akiec/akiec_00148.png
akiec,synth,data/synthetic/ddpm64_all/akiec/akiec_00149.png
akiec,synth,data/synthetic/ddpm64_all/akiec/akiec_00150.png
akiec,synth,data/synthetic/ddpm64_all/akiec/akiec_00151.png
akiec,synth,data/synthetic/ddpm64_all/akiec/akiec_00152.png
akiec,synth,data/synthetic/ddpm64_all/akiec/akiec_00153.png
akiec,synth,data/synthetic/ddpm64_all/akiec/akiec_00154.png
akiec,synth,data/synthetic/ddpm64_all/akiec/akiec_00155.png
akiec,synth,data/synthetic/ddpm64_all/akiec/akiec_00156.png
akiec,synth,data/synthetic/ddpm64_all/akiec/akiec_00157.png
akiec,synth,data/synthetic/ddpm64_all/akiec/akiec_00158.png
akiec,synth,data/synthetic/ddpm64_all/akiec/akiec_00159.png
akiec,synth,data/synthetic/ddpm64_all/akiec/akiec_00160.png
akiec,synth,data/synthetic/ddpm64_all/akiec/akiec_00161.png
akiec,synth,data/synthetic/ddpm64_all/akiec/akiec_00162.png
akiec,synth,data/synthetic/ddpm64_all/akiec/akiec_00163.png
akiec,synth,data/synthetic/ddpm64_all/akiec/akiec_00164.png
akiec,synth,data/synthetic/ddpm64_all/akiec/akiec_00165.png
akiec,synth,data/synthetic/ddpm64_all/akiec/akiec_00166.png
akiec,synth,data/synthetic/ddpm64_all/akiec/akiec_00167.png
akiec,synth,data/synthetic/ddpm64_all/akiec/akiec_00168.png
akiec,synth,data/synthetic/ddpm64_all/akiec/akiec_00169.png
akiec,synth,data/synthetic/ddpm64_all/akiec/akiec_00170.png
akiec,synth,data/synthetic/ddpm64_all/akiec/akiec_00171.png
akiec,synth,data/synthetic/ddpm64_all/akiec/akiec_00172.png
akiec,synth,data/synthetic/ddpm64_all/akiec/akiec_00173.png
akiec,synth,data/synthetic/ddpm64_all/akiec/akiec_00174.png
akiec,synth,data/synthetic/ddpm64_all/akiec/akiec_00175.png
akiec,synth,data/synthetic/ddpm64_all/akiec/akiec_00176.png
akiec,synth,data/synthetic/ddpm64_all/akiec/akiec_00177.png
akiec,synth,data/synthetic/ddpm64_all/akiec/akiec_00178.png
akiec,synth,data/synthetic/ddpm64_all/akiec/akiec_00179.png
akiec,synth,data/synthetic/ddpm64_all/akiec/akiec_00180.png
akiec,synth,data/synthetic/ddpm64_all/akiec/akiec_00181.png
akiec,synth,data/synthetic/ddpm64_all/akiec/akiec_00182.png
akiec,synth,data/synthetic/ddpm64_all/akiec/akiec_00183.png
akiec,synth,data/synthetic/ddpm64_all/akiec/akiec_00184.png
akiec,synth,data/synthetic/ddpm64_all/akiec/akiec_00185.png
akiec,synth,data/synthetic/ddpm64_all/akiec/akiec_00186.png
akiec,synth,data/synthetic/ddpm64_all/akiec/akiec_00187.png
akiec,synth,data/synthetic/ddpm64_all/akiec/akiec_00188.png
akiec,synth,data/synthetic/ddpm64_all/akiec/akiec_00189.png
akiec,synth,data/synthetic/ddpm64_all/akiec/akiec_00190.png
akiec,synth,data/synthetic/ddpm64_all/akiec/akiec_00191.png
akiec,synth,data/synthetic/ddpm64_all/akiec/akiec_00192.png
akiec,synth,data/synthetic/ddpm64_all/akiec/akiec_00193.png
akiec,synth,data/synthetic/ddpm64_all/akiec/akiec_00194.png
akiec,synth,data/synthetic/ddpm64_all/akiec/akiec_00195.png
akiec,synth,data/synthetic/ddpm64_all/akiec/akiec_00196.png
akiec,synth,data/synthetic/ddpm64_all/akiec/akiec_00197.png
akiec,synth,data/synthetic/ddpm64_all/akiec/akiec_00198.png
akiec,synth,data/synthetic/ddpm64_all/akiec/akiec_00199.png
akiec,synth,data/synthetic/ddpm64_all/akiec/akiec_00200.png
akiec,synth,data/synthetic/ddpm64_all/akiec/akiec_00201.png
akiec,synth,data/synthetic/ddpm64_all/akiec/akiec_00202.png
akiec,synth,data/synthetic/ddpm64_all/akiec/akiec_00203.png
akiec,synth,data/synthetic/ddpm64_all/akiec/akiec_00204.png
akiec,synth,data/synthetic/ddpm64_all/akiec/akiec_00205.png
akiec,synth,data/synthetic/ddpm64_all/akiec/akiec_00206.png
akiec,synth,data/synthetic/ddpm64_all/akiec/akiec_00207.png
akiec,synth,data/synthetic/ddpm64_all/akiec/akiec_00208.png
akiec,synth,data/synthetic/ddpm64_all/akiec/akiec_00209.png
akiec,synth,data/synthetic/ddpm64_all/akiec/akiec_00210.png
akiec,synth,data/synthetic/ddpm64_all/akiec/akiec_00211.png
akiec,synth,data/synthetic/ddpm64_all/akiec/akiec_00212.png
akiec,synth,data/synthetic/ddpm64_all/akiec/akiec_00213.png
akiec,synth,data/synthetic/ddpm64_all/akiec/akiec_00214.png
akiec,synth,data/synthetic/ddpm64_all/akiec/akiec_00215.png
akiec,synth,data/synthetic/ddpm64_all/akiec/akiec_00216.png
akiec,synth,data/synthetic/ddpm64_all/akiec/akiec_00217.png
akiec,synth,data/synthetic/ddpm64_all/akiec/akiec_00218.png
akiec,synth,data/synthetic/ddpm64_all/akiec/akiec_00219.png
akiec,synth,data/synthetic/ddpm64_all/akiec/akiec_00220.png
akiec,synth,data/synthetic/ddpm64_all/akiec/akiec_00221.png
akiec,synth,data/synthetic/ddpm64_all/akiec/akiec_00222.png
akiec,synth,data/synthetic/ddpm64_all/akiec/akiec_00223.png
akiec,synth,data/synthetic/ddpm64_all/akiec/akiec_00224.png
akiec,synth,data/synthetic/ddpm64_all/akiec/akiec_00225.png
akiec,synth,data/synthetic/ddpm64_all/akiec/akiec_00226.png
akiec,synth,data/synthetic/ddpm64_all/akiec/akiec_00227.png
akiec,synth,data/synthetic/ddpm64_all/akiec/akiec_00228.png
akiec,synth,data/synthetic/ddpm64_all/akiec/akiec_00229.png
akiec,synth,data/synthetic/ddpm64_all/akiec/akiec_00230.png
akiec,synth,data/synthetic/ddpm64_all/akiec/akiec_00231.png
akiec,synth,data/synthetic/ddpm64_all/akiec/akiec_00232.png
akiec,synth,data/synthetic/ddpm64_all/akiec/akiec_00233.png
akiec,synth,data/synthetic/ddpm64_all/akiec/akiec_00234.png
akiec,synth,data/synthetic/ddpm64_all/akiec/akiec_00235.png
akiec,synth,data/synthetic/ddpm64_all/akiec/akiec_00236.png
akiec,synth,data/synthetic/ddpm64_all/akiec/akiec_00237.png
akiec,synth,data/synthetic/ddpm64_all/akiec/akiec_00238.png
akiec,synth,data/synthetic/ddpm64_all/akiec/akiec_00239.png
akiec,synth,data/synthetic/ddpm64_all/akiec/akiec_00240.png
akiec,synth,data/synthetic/ddpm64_all/akiec/akiec_00241.png
akiec,synth,data/synthetic/ddpm64_all/akiec/akiec_00242.png
akiec,synth,data/synthetic/ddpm64_all/akiec/akiec_00243.png
akiec,synth,data/synthetic/ddpm64_all/akiec/akiec_00244.png
akiec,synth,data/synthetic/ddpm64_all/akiec/akiec_00245.png
akiec,synth,data/synthetic/ddpm64_all/akiec/akiec_00246.png
akiec,synth,data/synthetic/ddpm64_all/akiec/akiec_00247.png
akiec,synth,data/synthetic/ddpm64_all/akiec/akiec_00248.png
akiec,synth,data/synthetic/ddpm64_all/akiec/akiec_00249.png
akiec,synth,data/synthetic/ddpm64_all/akiec/akiec_00250.png
akiec,synth,data/synthetic/ddpm64_all/akiec/akiec_00251.png
akiec,synth,data/synthetic/ddpm64_all/akiec/akiec_00252.png
akiec,synth,data/synthetic/ddpm64_all/akiec/akiec_00253.png
akiec,synth,data/synthetic/ddpm64_all/akiec/akiec_00254.png
akiec,synth,data/synthetic/ddpm64_all/akiec/akiec_00255.png
akiec,synth,data/synthetic/ddpm64_all/akiec/akiec_00256.png
akiec,synth,data/synthetic/ddpm64_all/akiec/akiec_00257.png
akiec,synth,data/synthetic/ddpm64_all/akiec/akiec_00258.png
akiec,synth,data/synthetic/ddpm64_all/akiec/akiec_00259.png
akiec,synth,data/synthetic/ddpm64_all/akiec/akiec_00260.png
akiec,synth,data/synthetic/ddpm64_all/akiec/akiec_00261.png
akiec,synth,data/synthetic/ddpm64_all/akiec/akiec_00262.png
akiec,synth,data/synthetic/ddpm64_all/akiec/akiec_00263.png
akiec,synth,data/synthetic/ddpm64_all/akiec/akiec_00264.png
akiec,synth,data/synthetic/ddpm64_all/akiec/akiec_00265.png
akiec,synth,data/synthetic/ddpm64_all/akiec/akiec_00266.png
akiec,synth,data/synthetic/ddpm64_all/akiec/akiec_00267.png
akiec,synth,data/synthetic/ddpm64_all/akiec/akiec_00268.png
akiec,synth,data/synthetic/ddpm64_all/akiec/akiec_00269.png
akiec,synth,data/synthetic/ddpm64_all/akiec/akiec_00270.png
akiec,synth,data/synthetic/ddpm64_all/akiec/akiec_00271.png
akiec,synth,data/synthetic/ddpm64_all/akiec/akiec_00272.png
akiec,synth,data/synthetic/ddpm64_all/akiec/akiec_00273.png
akiec,synth,data/synthetic/ddpm64_all/akiec/akiec_00274.png
akiec,synth,data/synthetic/ddpm64_all/akiec/akiec_00275.png
akiec,synth,data/synthetic/ddpm64_all/akiec/akiec_00276.png
akiec,synth,data/synthetic/ddpm64_all/akiec/akiec_00277.png
akiec,synth,data/synthetic/ddpm64_all/akiec/akiec_00278.png
akiec,synth,data/synthetic/ddpm64_all/akiec/akiec_00279.png
akiec,synth,data/synthetic/ddpm64_all/akiec/akiec_00280.png
akiec,synth,data/synthetic/ddpm64_all/akiec/akiec_00281.png
akiec,synth,data/synthetic/ddpm64_all/akiec/akiec_00282.png
akiec,synth,data/synthetic/ddpm64_all/akiec/akiec_00283.png
akiec,synth,data/synthetic/ddpm64_all/akiec/akiec_00284.png
akiec,synth,data/synthetic/ddpm64_all/akiec/akiec_00285.png
akiec,synth,data/synthetic/ddpm64_all/akiec/akiec_00286.png
akiec,synth,data/synthetic/ddpm64_all/akiec/akiec_00287.png
akiec,synth,data/synthetic/ddpm64_all/akiec/akiec_00288.png
akiec,synth,data/synthetic/ddpm64_all/akiec/akiec_00289.png
akiec,synth,data/synthetic/ddpm64_all/akiec/akiec_00290.png
akiec,synth,data/synthetic/ddpm64_all/akiec/akiec_00291.png
akiec,synth,data/synthetic/ddpm64_all/akiec/akiec_00292.png
akiec,synth,data/synthetic/ddpm64_all/akiec/akiec_00293.png
akiec,synth,data/synthetic/ddpm64_all/akiec/akiec_00294.png
akiec,synth,data/synthetic/ddpm64_all/akiec/akiec_00295.png
akiec,synth,data/synthetic/ddpm64_all/akiec/akiec_00296.png
akiec,synth,data/synthetic/ddpm64_all/akiec/akiec_00297.png
akiec,synth,data/synthetic/ddpm64_all/akiec/akiec_00298.png
akiec,synth,data/synthetic/ddpm64_all/akiec/akiec_00299.png
akiec,synth,data/synthetic/ddpm64_all/akiec/akiec_00300.png
akiec,synth,data/synthetic/ddpm64_all/akiec/akiec_00301.png
akiec,synth,data/synthetic/ddpm64_all/akiec/akiec_00302.png
akiec,synth,data/synthetic/ddpm64_all/akiec/akiec_00303.png
akiec,synth,data/synthetic/ddpm64_all/akiec/akiec_00304.png
akiec,synth,data/synthetic/ddpm64_all/akiec/akiec_00305.png
akiec,synth,data/synthetic/ddpm64_all/akiec/akiec_00306.png
akiec,synth,data/synthetic/ddpm64_all/akiec/akiec_00307.png
akiec,synth,data/synthetic/ddpm64_all/akiec/akiec_00308.png
akiec,synth,data/synthetic/ddpm64_all/akiec/akiec_00309.png
akiec,synth,data/synthetic/ddpm64_all/akiec/akiec_00310.png
akiec,synth,data/synthetic/ddpm64_all/akiec/akiec_00311.png
akiec,synth,data/synthetic/ddpm64_all/akiec/akiec_00312.png
akiec,synth,data/synthetic/ddpm64_all/akiec/akiec_00313.png
akiec,synth,data/synthetic/ddpm64_all/akiec/akiec_00314.png
akiec,synth,data/synthetic/ddpm64_all/akiec/akiec_00315.png
akiec,synth,data/synthetic/ddpm64_all/akiec/akiec_00316.png
akiec,synth,data/synthetic/ddpm64_all/akiec/akiec_00317.png
akiec,synth,data/synthetic/ddpm64_all/akiec/akiec_00318.png
akiec,synth,data/synthetic/ddpm64_all/akiec/akiec_00319.png
akiec,synth,data/synthetic/ddpm64_all/akiec/akiec_00320.png
akiec,synth,data/synthetic/ddpm64_all/akiec/akiec_00321.png
akiec,synth,data/synthetic/ddpm64_all/akiec/akiec_00322.png
akiec,synth,data/synthetic/ddpm64_all/akiec/akiec_00323.png
akiec,synth,data/synthetic/ddpm64_all/akiec/akiec_00324.png
akiec,synth,data/synthetic/ddpm64_all/akiec/akiec_00325.png
akiec,synth,data/synthetic/ddpm64_all/akiec/akiec_00326.png
akiec,synth,data/synthetic/ddpm64_all/akiec/akiec_00327.png
akiec,synth,data/synthetic/ddpm64_all/akiec/akiec_00328.png
akiec,synth,data/synthetic/ddpm64_all/akiec/akiec_00329.png
akiec,synth,data/synthetic/ddpm64_all/akiec/akiec_00330.png
akiec,synth,data/synthetic/ddpm64_all/akiec/akiec_00331.png
akiec,synth,data/synthetic/ddpm64_all/akiec/akiec_00332.png
akiec,synth,data/synthetic/ddpm64_all/akiec/akiec_00333.png
akiec,synth,data/synthetic/ddpm64_all/akiec/akiec_00334.png
akiec,synth,data/synthetic/ddpm64_all/akiec/akiec_00335.png
akiec,synth,data/synthetic/ddpm64_all/akiec/akiec_00336.png
akiec,synth,data/synthetic/ddpm64_all/akiec/akiec_00337.png
akiec,synth,data/synthetic/ddpm64_all/akiec/akiec_00338.png
akiec,synth,data/synthetic/ddpm64_all/akiec/akiec_00339.png
akiec,synth,data/synthetic/ddpm64_all/akiec/akiec_00340.png
akiec,synth,data/synthetic/ddpm64_all/akiec/akiec_00341.png
akiec,synth,data/synthetic/ddpm64_all/akiec/akiec_00342.png
akiec,synth,data/synthetic/ddpm64_all/akiec/akiec_00343.png
akiec,synth,data/synthetic/ddpm64_all/akiec/akiec_00344.png
akiec,synth,data/synthetic/ddpm64_all/akiec/akiec_00345.png
akiec,synth,data/synthetic/ddpm64_all/akiec/akiec_00346.png
akiec,synth,data/synthetic/ddpm64_all/akiec/akiec_00347.png
akiec,synth,data/synthetic/ddpm64_all/akiec/akiec_00348.png
akiec,synth,data/synthetic/ddpm64_all/akiec/akiec_00349.png
akiec,synth,data/synthetic/ddpm64_all/akiec/akiec_00350.png
akiec,synth,data/synthetic/ddpm64_all/akiec/akiec_00351.png
akiec,synth,data/synthetic/ddpm64_all/akiec/akiec_00352.png
akiec,synth,data/synthetic/ddpm64_all/akiec/akiec_00353.png
akiec,synth,data/synthetic/ddpm64_all/akiec/akiec_00354.png
akiec,synth,data/synthetic/ddpm64_all/akiec/akiec_00355.png
akiec,synth,data/synthetic/ddpm64_all/akiec/akiec_00356.png
akiec,synth,data/synthetic/ddpm64_all/akiec/akiec_00357.png
akiec,synth,data/synthetic/ddpm64_all/akiec/akiec_00358.png
akiec,synth,data/synthetic/ddpm64_all/akiec/akiec_00359.png
akiec,synth,data/synthetic/ddpm64_all/akiec/akiec_00360.png
akiec,synth,data/synthetic/ddpm64_all/akiec/akiec_00361.png
akiec,synth,data/synthetic/ddpm64_all/akiec/akiec_00362.png
akiec,synth,data/synthetic/ddpm64_all/akiec/akiec_00363.png
akiec,synth,data/synthetic/ddpm64_all/akiec/akiec_00364.png
akiec,synth,data/synthetic/ddpm64_all/akiec/akiec_00365.png
akiec,synth,data/synthetic/ddpm64_all/akiec/akiec_00366.png
akiec,synth,data/synthetic/ddpm64_all/akiec/akiec_00367.png
akiec,synth,data/synthetic/ddpm64_all/akiec/akiec_00368.png
akiec,synth,data/synthetic/ddpm64_all/akiec/akiec_00369.png
akiec,synth,data/synthetic/ddpm64_all/akiec/akiec_00370.png
akiec,synth,data/synthetic/ddpm64_all/akiec/akiec_00371.png
akiec,synth,data/synthetic/ddpm64_all/akiec/akiec_00372.png
akiec,synth,data/synthetic/ddpm64_all/akiec/akiec_00373.png
akiec,synth,data/synthetic/ddpm64_all/akiec/akiec_00374.png
akiec,synth,data/synthetic/ddpm64_all/akiec/akiec_00375.png
akiec,synth,data/synthetic/ddpm64_all/akiec/akiec_00376.png
akiec,synth,data/synthetic/ddpm64_all/akiec/akiec_00377.png
akiec,synth,data/synthetic/ddpm64_all/akiec/akiec_00378.png
akiec,synth,data/synthetic/ddpm64_all/akiec/akiec_00379.png
akiec,synth,data/synthetic/ddpm64_all/akiec/akiec_00380.png
akiec,synth,data/synthetic/ddpm64_all/akiec/akiec_00381.png
akiec,synth,data/synthetic/ddpm64_all/akiec/akiec_00382.png
akiec,synth,data/synthetic/ddpm64_all/akiec/akiec_00383.png
akiec,synth,data/synthetic/ddpm64_all/akiec/akiec_00384.png
akiec,synth,data/synthetic/ddpm64_all/akiec/akiec_00385.png
akiec,synth,data/synthetic/ddpm64_all/akiec/akiec_00386.png
akiec,synth,data/synthetic/ddpm64_all/akiec/akiec_00387.png
akiec,synth,data/synthetic/ddpm64_all/akiec/akiec_00388.png
akiec,synth,data/synthetic/ddpm64_all/akiec/akiec_00389.png
akiec,synth,data/synthetic/ddpm64_all/akiec/akiec_00390.png
akiec,synth,data/synthetic/ddpm64_all/akiec/akiec_00391.png
akiec,synth,data/synthetic/ddpm64_all/akiec/akiec_00392.png
akiec,synth,data/synthetic/ddpm64_all/akiec/akiec_00393.png
akiec,synth,data/synthetic/ddpm64_all/akiec/akiec_00394.png
akiec,synth,data/synthetic/ddpm64_all/akiec/akiec_00395.png
akiec,synth,data/synthetic/ddpm64_all/akiec/akiec_00396.png
akiec,synth,data/synthetic/ddpm64_all/akiec/akiec_00397.png
akiec,synth,data/synthetic/ddpm64_all/akiec/akiec_00398.png
akiec,synth,data/synthetic/ddpm64_all/akiec/akiec_00399.png
akiec,synth,data/synthetic/ddpm64_all/akiec/akiec_00400.png
akiec,synth,data/synthetic/ddpm64_all/akiec/akiec_00401.png
akiec,synth,data/synthetic/ddpm64_all/akiec/akiec_00402.png
akiec,synth,data/synthetic/ddpm64_all/akiec/akiec_00403.png
akiec,synth,data/synthetic/ddpm64_all/akiec/akiec_00404.png
akiec,synth,data/synthetic/ddpm64_all/akiec/akiec_00405.png
akiec,synth,data/synthetic/ddpm64_all/akiec/akiec_00406.png
akiec,synth,data/synthetic/ddpm64_all/akiec/akiec_00407.png
akiec,synth,data/synthetic/ddpm64_all/akiec/akiec_00408.png
akiec,synth,data/synthetic/ddpm64_all/akiec/akiec_00409.png
akiec,synth,data/synthetic/ddpm64_all/akiec/akiec_00410.png
akiec,synth,data/synthetic/ddpm64_all/akiec/akiec_00411.png
akiec,synth,data/synthetic/ddpm64_all/akiec/akiec_00412.png
akiec,synth,data/synthetic/ddpm64_all/akiec/akiec_00413.png
akiec,synth,data/synthetic/ddpm64_all/akiec/akiec_00414.png
akiec,synth,data/synthetic/ddpm64_all/akiec/akiec_00415.png
akiec,synth,data/synthetic/ddpm64_all/akiec/akiec_00416.png
akiec,synth,data/synthetic/ddpm64_all/akiec/akiec_00417.png
akiec,synth,data/synthetic/ddpm64_all/akiec/akiec_00418.png
akiec,synth,data/synthetic/ddpm64_all/akiec/akiec_00419.png
akiec,synth,data/synthetic/ddpm64_all/akiec/akiec_00420.png
akiec,synth,data/synthetic/ddpm64_all/akiec/akiec_00421.png
akiec,synth,data/synthetic/ddpm64_all/akiec/akiec_00422.png
akiec,synth,data/synthetic/ddpm64_all/akiec/akiec_00423.png
akiec,synth,data/synthetic/ddpm64_all/akiec/akiec_00424.png
akiec,synth,data/synthetic/ddpm64_all/akiec/akiec_00425.png
akiec,synth,data/synthetic/ddpm64_all/akiec/akiec_00426.png
akiec,synth,data/synthetic/ddpm64_all/akiec/akiec_00427.png
akiec,synth,data/synthetic/ddpm64_all/akiec/akiec_00428.png
akiec,synth,data/synthetic/ddpm64_all/akiec/akiec_00429.png
akiec,synth,data/synthetic/ddpm64_all/akiec/akiec_00430.png
akiec,synth,data/synthetic/ddpm64_all/akiec/akiec_00431.png
akiec,synth,data/synthetic/ddpm64_all/akiec/akiec_00432.png
akiec,synth,data/synthetic/ddpm64_all/akiec/akiec_00433.png
akiec,synth,data/synthetic/ddpm64_all/akiec/akiec_00434.png
akiec,synth,data/synthetic/ddpm64_all/akiec/akiec_00435.png
akiec,synth,data/synthetic/ddpm64_all/akiec/akiec_00436.png
akiec,synth,data/synthetic/ddpm64_all/akiec/akiec_00437.png
akiec,synth,data/synthetic/ddpm64_all/akiec/akiec_00438.png
akiec,synth,data/synthetic/ddpm64_all/akiec/akiec_00439.png
akiec,synth,data/synthetic/ddpm64_all/akiec/akiec_00440.png
akiec,synth,data/synthetic/ddpm64_all/akiec/akiec_00441.png
akiec,synth,data/synthetic/ddpm64_all/akiec/akiec_00442.png
akiec,synth,data/synthetic/ddpm64_all/akiec/akiec_00443.png
akiec,synth,data/synthetic/ddpm64_all/akiec/akiec_00444.png
akiec,synth,data/synthetic/ddpm64_all/akiec/akiec_00445.png
akiec,synth,data/synthetic/ddpm64_all/akiec/akiec_00446.png
akiec,synth,data/synthetic/ddpm64_all/akiec/akiec_00447.png
akiec,synth,data/synthetic/ddpm64_all/akiec/akiec_00448.png
akiec,synth,data/synthetic/ddpm64_all/akiec/akiec_00449.png
akiec,synth,data/synthetic/ddpm64_all/akiec/akiec_00450.png
akiec,synth,data/synthetic/ddpm64_all/akiec/akiec_00451.png
akiec,synth,data/synthetic/ddpm64_all/akiec/akiec_00452.png
akiec,synth,data/synthetic/ddpm64_all/akiec/akiec_00453.png
akiec,synth,data/synthetic/ddpm64_all/akiec/akiec_00454.png
akiec,synth,data/synthetic/ddpm64_all/akiec/akiec_00455.png
akiec,synth,data/synthetic/ddpm64_all/akiec/akiec_00456.png
akiec,synth,data/synthetic/ddpm64_all/akiec/akiec_00457.png
akiec,synth,data/synthetic/ddpm64_all/akiec/akiec_00458.png
akiec,synth,data/synthetic/ddpm64_all/akiec/akiec_00459.png
akiec,synth,data/synthetic/ddpm64_all/akiec/akiec_00460.png
akiec,synth,data/synthetic/ddpm64_all/akiec/akiec_00461.png
akiec,synth,data/synthetic/ddpm64_all/akiec/akiec_00462.png
akiec,synth,data/synthetic/ddpm64_all/akiec/akiec_00463.png
akiec,synth,data/synthetic/ddpm64_all/akiec/akiec_00464.png
akiec,synth,data/synthetic/ddpm64_all/akiec/akiec_00465.png
akiec,synth,data/synthetic/ddpm64_all/akiec/akiec_00466.png
akiec,synth,data/synthetic/ddpm64_all/akiec/akiec_00467.png
akiec,synth,data/synthetic/ddpm64_all/akiec/akiec_00468.png
akiec,synth,data/synthetic/ddpm64_all/akiec/akiec_00469.png
akiec,synth,data/synthetic/ddpm64_all/akiec/akiec_00470.png
akiec,synth,data/synthetic/ddpm64_all/akiec/akiec_00471.png
akiec,synth,data/synthetic/ddpm64_all/akiec/akiec_00472.png
akiec,synth,data/synthetic/ddpm64_all/akiec/akiec_00473.png
akiec,synth,data/synthetic/ddpm64_all/akiec/akiec_00474.png
akiec,synth,data/synthetic/ddpm64_all/akiec/akiec_00475.png
akiec,synth,data/synthetic/ddpm64_all/akiec/akiec_00476.png
akiec,synth,data/synthetic/ddpm64_all/akiec/akiec_00477.png
akiec,synth,data/synthetic/ddpm64_all/akiec/akiec_00478.png
akiec,synth,data/synthetic/ddpm64_all/akiec/akiec_00479.png
akiec,synth,data/synthetic/ddpm64_all/akiec/akiec_00480.png
akiec,synth,data/synthetic/ddpm64_all/akiec/akiec_00481.png
akiec,synth,data/synthetic/ddpm64_all/akiec/akiec_00482.png
akiec,synth,data/synthetic/ddpm64_all/akiec/akiec_00483.png
akiec,synth,data/synthetic/ddpm64_all/akiec/akiec_00484.png
akiec,synth,data/synthetic/ddpm64_all/akiec/akiec_00485.png
akiec,synth,data/synthetic/ddpm64_all/akiec/akiec_00486.png
akiec,synth,data/synthetic/ddpm64_all/akiec/akiec_00487.png
akiec,synth,data/synthetic/ddpm64_all/akiec/akiec_00488.png
akiec,synth,data/synthetic/ddpm64_all/akiec/akiec_00489.png
akiec,synth,data/synthetic/ddpm64_all/akiec/akiec_00490.png
akiec,synth,data/synthetic/ddpm64_all/akiec/akiec_00491.png
akiec,synth,data/synthetic/ddpm64_all/akiec/akiec_00492.png
akiec,synth,data/synthetic/ddpm64_all/akiec/akiec_00493.png
akiec,synth,data/synthetic/ddpm64_all/akiec/akiec_00494.png
akiec,synth,data/synthetic/ddpm64_all/akiec/akiec_00495.png
akiec,synth,data/synthetic/ddpm64_all/akiec/akiec_00496.png
akiec,synth,data/synthetic/ddpm64_all/akiec/akiec_00497.png
akiec,synth,data/synthetic/ddpm64_all/akiec/akiec_00498.png
akiec,synth,data/synthetic/ddpm64_all/akiec/akiec_00499.png
akiec,synth,data/synthetic/ddpm64_all/akiec/akiec_00500.png
akiec,synth,data/synthetic/ddpm64_all/akiec/akiec_00501.png
akiec,synth,data/synthetic/ddpm64_all/akiec/akiec_00502.png
akiec,synth,data/synthetic/ddpm64_all/akiec/akiec_00503.png
akiec,synth,data/synthetic/ddpm64_all/akiec/akiec_00504.png
akiec,synth,data/synthetic/ddpm64_all/akiec/akiec_00505.png
akiec,synth,data/synthetic/ddpm64_all/akiec/akiec_00506.png
akiec,synth,data/synthetic/ddpm64_all/akiec/akiec_00507.png
akiec,synth,data/synthetic/ddpm64_all/akiec/akiec_00508.png
akiec,synth,data/synthetic/ddpm64_all/akiec/akiec_00509.png
akiec,synth,data/synthetic/ddpm64_all/akiec/akiec_00510.png
akiec,synth,data/synthetic/ddpm64_all/akiec/akiec_00511.png
akiec,synth,data/synthetic/ddpm64_all/akiec/akiec_00512.png
akiec,synth,data/synthetic/ddpm64_all/akiec/akiec_00513.png
akiec,synth,data/synthetic/ddpm64_all/akiec/akiec_00514.png
akiec,synth,data/synthetic/ddpm64_all/akiec/akiec_00515.png
akiec,synth,data/synthetic/ddpm64_all/akiec/akiec_00516.png
akiec,synth,data/synthetic/ddpm64_all/akiec/akiec_00517.png
akiec,synth,data/synthetic/ddpm64_all/akiec/akiec_00518.png
akiec,synth,data/synthetic/ddpm64_all/akiec/akiec_00519.png
akiec,synth,data/synthetic/ddpm64_all/akiec/akiec_00520.png
akiec,synth,data/synthetic/ddpm64_all/akiec/akiec_00521.png
akiec,synth,data/synthetic/ddpm64_all/akiec/akiec_00522.png
akiec,synth,data/synthetic/ddpm64_all/akiec/akiec_00523.png
akiec,synth,data/synthetic/ddpm64_all/akiec/akiec_00524.png
akiec,synth,data/synthetic/ddpm64_all/akiec/akiec_00525.png
akiec,synth,data/synthetic/ddpm64_all/akiec/akiec_00526.png
akiec,synth,data/synthetic/ddpm64_all/akiec/akiec_00527.png
akiec,synth,data/synthetic/ddpm64_all/akiec/akiec_00528.png
akiec,synth,data/synthetic/ddpm64_all/akiec/akiec_00529.png
akiec,synth,data/synthetic/ddpm64_all/akiec/akiec_00530.png
akiec,synth,data/synthetic/ddpm64_all/akiec/akiec_00531.png
akiec,synth,data/synthetic/ddpm64_all/akiec/akiec_00532.png
akiec,synth,data/synthetic/ddpm64_all/akiec/akiec_00533.png
akiec,synth,data/synthetic/ddpm64_all/akiec/akiec_00534.png
akiec,synth,data/synthetic/ddpm64_all/akiec/akiec_00535.png
akiec,synth,data/synthetic/ddpm64_all/akiec/akiec_00536.png
akiec,synth,data/synthetic/ddpm64_all/akiec/akiec_00537.png
akiec,synth,data/synthetic/ddpm64_all/akiec/akiec_00538.png
akiec,synth,data/synthetic/ddpm64_all/akiec/akiec_00539.png
akiec,synth,data/synthetic/ddpm64_all/akiec/akiec_00540.png
akiec,synth,data/synthetic/ddpm64_all/akiec/akiec_00541.png
akiec,synth,data/synthetic/ddpm64_all/akiec/akiec_00542.png
akiec,synth,data/synthetic/ddpm64_all/akiec/akiec_00543.png
akiec,synth,data/synthetic/ddpm64_all/akiec/akiec_00544.png
akiec,synth,data/synthetic/ddpm64_all/akiec/akiec_00545.png
akiec,synth,data/synthetic/ddpm64_all/akiec/akiec_00546.png
akiec,synth,data/synthetic/ddpm64_all/akiec/akiec_00547.png
akiec,synth,data/synthetic/ddpm64_all/akiec/akiec_00548.png
akiec,synth,data/synthetic/ddpm64_all/akiec/akiec_00549.png
akiec,synth,data/synthetic/ddpm64_all/akiec/akiec_00550.png
akiec,synth,data/synthetic/ddpm64_all/akiec/akiec_00551.png
akiec,synth,data/synthetic/ddpm64_all/akiec/akiec_00552.png
akiec,synth,data/synthetic/ddpm64_all/akiec/akiec_00553.png
akiec,synth,data/synthetic/ddpm64_all/akiec/akiec_00554.png
akiec,synth,data/synthetic/ddpm64_all/akiec/akiec_00555.png
akiec,synth,data/synthetic/ddpm64_all/akiec/akiec_00556.png
akiec,synth,data/synthetic/ddpm64_all/akiec/akiec_00557.png
akiec,synth,data/synthetic/ddpm64_all/akiec/akiec_00558.png
akiec,synth,data/synthetic/ddpm64_all/akiec/akiec_00559.png
akiec,synth,data/synthetic/ddpm64_all/akiec/akiec_00560.png
akiec,synth,data/synthetic/ddpm64_all/akiec/akiec_00561.png
akiec,synth,data/synthetic/ddpm64_all/akiec/akiec_00562.png
akiec,synth,data/synthetic/ddpm64_all/akiec/akiec_00563.png
akiec,synth,data/synthetic/ddpm64_all/akiec/akiec_00564.png
akiec,synth,data/synthetic/ddpm64_all/akiec/akiec_00565.png
akiec,synth,data/synthetic/ddpm64_all/akiec/akiec_00566.png
akiec,synth,data/synthetic/ddpm64_all/akiec/akiec_00567.png
akiec,synth,data/synthetic/ddpm64_all/akiec/akiec_00568.png
akiec,synth,data/synthetic/ddpm64_all/akiec/akiec_00569.png
akiec,synth,data/synthetic/ddpm64_all/akiec/akiec_00570.png
akiec,synth,data/synthetic/ddpm64_all/akiec/akiec_00571.png
akiec,synth,data/synthetic/ddpm64_all/akiec/akiec_00572.png
akiec,synth,data/synthetic/ddpm64_all/akiec/akiec_00573.png
akiec,synth,data/synthetic/ddpm64_all/akiec/akiec_00574.png
akiec,synth,data/synthetic/ddpm64_all/akiec/akiec_00575.png
akiec,synth,data/synthetic/ddpm64_all/akiec/akiec_00576.png
akiec,synth,data/synthetic/ddpm64_all/akiec/akiec_00577.png
akiec,synth,data/synthetic/ddpm64_all/akiec/akiec_00578.png
akiec,synth,data/synthetic/ddpm64_all/akiec/akiec_00579.png
akiec,synth,data/synthetic/ddpm64_all/akiec/akiec_00580.png
akiec,synth,data/synthetic/ddpm64_all/akiec/akiec_00581.png
akiec,synth,data/synthetic/ddpm64_all/akiec/akiec_00582.png
akiec,synth,data/synthetic/ddpm64_all/akiec/akiec_00583.png
akiec,synth,data/synthetic/ddpm64_all/akiec/akiec_00584.png
akiec,synth,data/synthetic/ddpm64_all/akiec/akiec_00585.png
akiec,synth,data/synthetic/ddpm64_all/akiec/akiec_00586.png
akiec,synth,data/synthetic/ddpm64_all/akiec/akiec_00587.png
akiec,synth,data/synthetic/ddpm64_all/akiec/akiec_00588.png
akiec,synth,data/synthetic/ddpm64_all/akiec/akiec_00589.png
akiec,synth,data/synthetic/ddpm64_all/akiec/akiec_00590.png
akiec,synth,data/synthetic/ddpm64_all/akiec/akiec_00591.png
akiec,synth,data/synthetic/ddpm64_all/akiec/akiec_00592.png
akiec,synth,data/synthetic/ddpm64_all/akiec/akiec_00593.png
akiec,synth,data/synthetic/ddpm64_all/akiec/akiec_00594.png
akiec,synth,data/synthetic/ddpm64_all/akiec/akiec_00595.png
akiec,synth,data/synthetic/ddpm64_all/akiec/akiec_00596.png
akiec,synth,data/synthetic/ddpm64_all/akiec/akiec_00597.png
akiec,synth,data/synthetic/ddpm64_all/akiec/akiec_00598.png
akiec,synth,data/synthetic/ddpm64_all/akiec/akiec_00599.png
akiec,synth,data/synthetic/ddpm64_all/akiec/akiec_00600.png
akiec,synth,data/synthetic/ddpm64_all/akiec/akiec_00601.png
akiec,synth,data/synthetic/ddpm64_all/akiec/akiec_00602.png
akiec,synth,data/synthetic/ddpm64_all/akiec/akiec_00603.png
akiec,synth,data/synthetic/ddpm64_all/akiec/akiec_00604.png
akiec,synth,data/synthetic/ddpm64_all/akiec/akiec_00605.png
akiec,synth,data/synthetic/ddpm64_all/akiec/akiec_00606.png
akiec,synth,data/synthetic/ddpm64_all/akiec/akiec_00607.png
akiec,synth,data/synthetic/ddpm64_all/akiec/akiec_00608.png
akiec,synth,data/synthetic/ddpm64_all/akiec/akiec_00609.png
akiec,synth,data/synthetic/ddpm64_all/akiec/akiec_00610.png
akiec,synth,data/synthetic/ddpm64_all/akiec/akiec_00611.png
akiec,synth,data/synthetic/ddpm64_all/akiec/akiec_00612.png
akiec,synth,data/synthetic/ddpm64_all/akiec/akiec_00613.png
akiec,synth,data/synthetic/ddpm64_all/akiec/akiec_00614.png
akiec,synth,data/synthetic/ddpm64_all/akiec/akiec_00615.png
akiec,synth,data/synthetic/ddpm64_all/akiec/akiec_00616.png
akiec,synth,data/synthetic/ddpm64_all/akiec/akiec_00617.png
akiec,synth,data/synthetic/ddpm64_all/akiec/akiec_00618.png
akiec,synth,data/synthetic/ddpm64_all/akiec/akiec_00619.png
akiec,synth,data/synthetic/ddpm64_all/akiec/akiec_00620.png
akiec,synth,data/synthetic/ddpm64_all/akiec/akiec_00621.png
akiec,synth,data/synthetic/ddpm64_all/akiec/akiec_00622.png
akiec,synth,data/synthetic/ddpm64_all/akiec/akiec_00623.png
akiec,synth,data/synthetic/ddpm64_all/akiec/akiec_00624.png
akiec,synth,data/synthetic/ddpm64_all/akiec/akiec_00625.png
akiec,synth,data/synthetic/ddpm64_all/akiec/akiec_00626.png
akiec,synth,data/synthetic/ddpm64_all/akiec/akiec_00627.png
akiec,synth,data/synthetic/ddpm64_all/akiec/akiec_00628.png
akiec,synth,data/synthetic/ddpm64_all/akiec/akiec_00629.png
akiec,synth,data/synthetic/ddpm64_all/akiec/akiec_00630.png
akiec,synth,data/synthetic/ddpm64_all/akiec/akiec_00631.png
akiec,synth,data/synthetic/ddpm64_all/akiec/akiec_00632.png
akiec,synth,data/synthetic/ddpm64_all/akiec/akiec_00633.png
akiec,synth,data/synthetic/ddpm64_all/akiec/akiec_00634.png
akiec,synth,data/synthetic/ddpm64_all/akiec/akiec_00635.png
akiec,synth,data/synthetic/ddpm64_all/akiec/akiec_00636.png
akiec,synth,data/synthetic/ddpm64_all/akiec/akiec_00637.png
akiec,synth,data/synthetic/ddpm64_all/akiec/akiec_00638.png
akiec,synth,data/synthetic/ddpm64_all/akiec/akiec_00639.png
akiec,synth,data/synthetic/ddpm64_all/akiec/akiec_00640.png
akiec,synth,data/synthetic/ddpm64_all/akiec/akiec_00641.png
akiec,synth,data/synthetic/ddpm64_all/akiec/akiec_00642.png
akiec,synth,data/synthetic/ddpm64_all/akiec/akiec_00643.png
akiec,synth,data/synthetic/ddpm64_all/akiec/akiec_00644.png
akiec,synth,data/synthetic/ddpm64_all/akiec/akiec_00645.png
akiec,synth,data/synthetic/ddpm64_all/akiec/akiec_00646.png
akiec,synth,data/synthetic/ddpm64_all/akiec/akiec_00647.png
akiec,synth,data/synthetic/ddpm64_all/akiec/akiec_00648.png
akiec,synth,data/synthetic/ddpm64_all/akiec/akiec_00649.png
akiec,synth,data/synthetic/ddpm64_all/akiec/akiec_00650.png
akiec,synth,data/synthetic/ddpm64_all/akiec/akiec_00651.png
akiec,synth,data/synthetic/ddpm64_all/akiec/akiec_00652.png
akiec,synth,data/synthetic/ddpm64_all/akiec/akiec_00653.png
akiec,synth,data/synthetic/ddpm64_all/akiec/akiec_00654.png
akiec,synth,data/synthetic/ddpm64_all/akiec/akiec_00655.png
akiec,synth,data/synthetic/ddpm64_all/akiec/akiec_00656.png
akiec,synth,data/synthetic/ddpm64_all/akiec/akiec_00657.png
akiec,synth,data/synthetic/ddpm64_all/akiec/akiec_00658.png
akiec,synth,data/synthetic/ddpm64_all/akiec/akiec_00659.png
akiec,synth,data/synthetic/ddpm64_all/akiec/akiec_00660.png
akiec,synth,data/synthetic/ddpm64_all/akiec/akiec_00661.png
akiec,synth,data/synthetic/ddpm64_all/akiec/akiec_00662.png
akiec,synth,data/synthetic/ddpm64_all/akiec/akiec_00663.png
akiec,synth,data/synthetic/ddpm64_all/akiec/akiec_00664.png
akiec,synth,data/synthetic/ddpm64_all/akiec/akiec_00665.png
akiec,synth,data/synthetic/ddpm64_all/akiec/akiec_00666.png
akiec,synth,data/synthetic/ddpm64_all/akiec/akiec_00667.png
akiec,synth,data/synthetic/ddpm64_all/akiec/akiec_00668.png
akiec,synth,data/synthetic/ddpm64_all/akiec/akiec_00669.png
akiec,synth,data/synthetic/ddpm64_all/akiec/akiec_00670.png
akiec,synth,data/synthetic/ddpm64_all/akiec/akiec_00671.png
akiec,synth,data/synthetic/ddpm64_all/akiec/akiec_00672.png
akiec,synth,data/synthetic/ddpm64_all/akiec/akiec_00673.png
akiec,synth,data/synthetic/ddpm64_all/akiec/akiec_00674.png
akiec,synth,data/synthetic/ddpm64_all/akiec/akiec_00675.png
akiec,synth,data/synthetic/ddpm64_all/akiec/akiec_00676.png
akiec,synth,data/synthetic/ddpm64_all/akiec/akiec_00677.png
akiec,synth,data/synthetic/ddpm64_all/akiec/akiec_00678.png
akiec,synth,data/synthetic/ddpm64_all/akiec/akiec_00679.png
akiec,synth,data/synthetic/ddpm64_all/akiec/akiec_00680.png
akiec,synth,data/synthetic/ddpm64_all/akiec/akiec_00681.png
akiec,synth,data/synthetic/ddpm64_all/akiec/akiec_00682.png
akiec,synth,data/synthetic/ddpm64_all/akiec/akiec_00683.png
akiec,synth,data/synthetic/ddpm64_all/akiec/akiec_00684.png
akiec,synth,data/synthetic/ddpm64_all/akiec/akiec_00685.png
akiec,synth,data/synthetic/ddpm64_all/akiec/akiec_00686.png
akiec,synth,data/synthetic/ddpm64_all/akiec/akiec_00687.png
akiec,synth,data/synthetic/ddpm64_all/akiec/akiec_00688.png
akiec,synth,data/synthetic/ddpm64_all/akiec/akiec_00689.png
akiec,synth,data/synthetic/ddpm64_all/akiec/akiec_00690.png
akiec,synth,data/synthetic/ddpm64_all/akiec/akiec_00691.png
akiec,synth,data/synthetic/ddpm64_all/akiec/akiec_00692.png
akiec,synth,data/synthetic/ddpm64_all/akiec/akiec_00693.png
akiec,synth,data/synthetic/ddpm64_all/akiec/akiec_00694.png
akiec,synth,data/synthetic/ddpm64_all/akiec/akiec_00695.png
akiec,synth,data/synthetic/ddpm64_all/akiec/akiec_00696.png
akiec,synth,data/synthetic/ddpm64_all/akiec/akiec_00697.png
akiec,synth,data/synthetic/ddpm64_all/akiec/akiec_00698.png
akiec,synth,data/synthetic/ddpm64_all/akiec/akiec_00699.png
akiec,synth,data/synthetic/ddpm64_all/akiec/akiec_00700.png
akiec,synth,data/synthetic/ddpm64_all/akiec/akiec_00701.png
akiec,synth,data/synthetic/ddpm64_all/akiec/akiec_00702.png
akiec,synth,data/synthetic/ddpm64_all/akiec/akiec_00703.png
akiec,synth,data/synthetic/ddpm64_all/akiec/akiec_00704.png
akiec,synth,data/synthetic/ddpm64_all/akiec/akiec_00705.png
akiec,synth,data/synthetic/ddpm64_all/akiec/akiec_00706.png
akiec,synth,data/synthetic/ddpm64_all/akiec/akiec_00707.png
akiec,synth,data/synthetic/ddpm64_all/akiec/akiec_00708.png
akiec,synth,data/synthetic/ddpm64_all/akiec/akiec_00709.png
akiec,synth,data/synthetic/ddpm64_all/akiec/akiec_00710.png
akiec,synth,data/synthetic/ddpm64_all/akiec/akiec_00711.png
akiec,synth,data/synthetic/ddpm64_all/akiec/akiec_00712.png
akiec,synth,data/synthetic/ddpm64_all/akiec/akiec_00713.png
akiec,synth,data/synthetic/ddpm64_all/akiec/akiec_00714.png
akiec,synth,data/synthetic/ddpm64_all/akiec/akiec_00715.png
akiec,synth,data/synthetic/ddpm64_all/akiec/akiec_00716.png
akiec,synth,data/synthetic/ddpm64_all/akiec/akiec_00717.png
akiec,synth,data/synthetic/ddpm64_all/akiec/akiec_00718.png
akiec,synth,data/synthetic/ddpm64_all/akiec/akiec_00719.png
akiec,synth,data/synthetic/ddpm64_all/akiec/akiec_00720.png
akiec,synth,data/synthetic/ddpm64_all/akiec/akiec_00721.png
akiec,synth,data/synthetic/ddpm64_all/akiec/akiec_00722.png
akiec,synth,data/synthetic/ddpm64_all/akiec/akiec_00723.png
akiec,synth,data/synthetic/ddpm64_all/akiec/akiec_00724.png
akiec,synth,data/synthetic/ddpm64_all/akiec/akiec_00725.png
akiec,synth,data/synthetic/ddpm64_all/akiec/akiec_00726.png
akiec,synth,data/synthetic/ddpm64_all/akiec/akiec_00727.png
akiec,synth,data/synthetic/ddpm64_all/akiec/akiec_00728.png
akiec,synth,data/synthetic/ddpm64_all/akiec/akiec_00729.png
akiec,synth,data/synthetic/ddpm64_all/akiec/akiec_00730.png
akiec,synth,data/synthetic/ddpm64_all/akiec/akiec_00731.png
akiec,synth,data/synthetic/ddpm64_all/akiec/akiec_00732.png
akiec,synth,data/synthetic/ddpm64_all/akiec/akiec_00733.png
akiec,synth,data/synthetic/ddpm64_all/akiec/akiec_00734.png
akiec,synth,data/synthetic/ddpm64_all/akiec/akiec_00735.png
akiec,synth,data/synthetic/ddpm64_all/akiec/akiec_00736.png
akiec,synth,data/synthetic/ddpm64_all/akiec/akiec_00737.png
akiec,synth,data/synthetic/ddpm64_all/akiec/akiec_00738.png
akiec,synth,data/synthetic/ddpm64_all/akiec/akiec_00739.png
akiec,synth,data/synthetic/ddpm64_all/akiec/akiec_00740.png
akiec,synth,data/synthetic/ddpm64_all/akiec/akiec_00741.png
akiec,synth,data/synthetic/ddpm64_all/akiec/akiec_00742.png
akiec,synth,data/synthetic/ddpm64_all/akiec/akiec_00743.png
akiec,synth,data/synthetic/ddpm64_all/akiec/akiec_00744.png
akiec,synth,data/synthetic/ddpm64_all/akiec/akiec_00745.png
akiec,synth,data/synthetic/ddpm64_all/akiec/akiec_00746.png
akiec,synth,data/synthetic/ddpm64_all/akiec/akiec_00747.png
akiec,synth,data/synthetic/ddpm64_all/akiec/akiec_00748.png
akiec,synth,data/synthetic/ddpm64_all/akiec/akiec_00749.png
akiec,synth,data/synthetic/ddpm64_all/akiec/akiec_00750.png
akiec,synth,data/synthetic/ddpm64_all/akiec/akiec_00751.png
akiec,synth,data/synthetic/ddpm64_all/akiec/akiec_00752.png
akiec,synth,data/synthetic/ddpm64_all/akiec/akiec_00753.png
akiec,synth,data/synthetic/ddpm64_all/akiec/akiec_00754.png
akiec,synth,data/synthetic/ddpm64_all/akiec/akiec_00755.png
akiec,synth,data/synthetic/ddpm64_all/akiec/akiec_00756.png
akiec,synth,data/synthetic/ddpm64_all/akiec/akiec_00757.png
akiec,synth,data/synthetic/ddpm64_all/akiec/akiec_00758.png
akiec,synth,data/synthetic/ddpm64_all/akiec/akiec_00759.png
akiec,synth,data/synthetic/ddpm64_all/akiec/akiec_00760.png
akiec,synth,data/synthetic/ddpm64_all/akiec/akiec_00761.png
akiec,synth,data/synthetic/ddpm64_all/akiec/akiec_00762.png
akiec,synth,data/synthetic/ddpm64_all/akiec/akiec_00763.png
akiec,synth,data/synthetic/ddpm64_all/akiec/akiec_00764.png
akiec,synth,data/synthetic/ddpm64_all/akiec/akiec_00765.png
akiec,synth,data/synthetic/ddpm64_all/akiec/akiec_00766.png
akiec,synth,data/synthetic/ddpm64_all/akiec/akiec_00767.png
akiec,synth,data/synthetic/ddpm64_all/akiec/akiec_00768.png
akiec,synth,data/synthetic/ddpm64_all/akiec/akiec_00769.png
akiec,synth,data/synthetic/ddpm64_all/akiec/akiec_00770.png
akiec,synth,data/synthetic/ddpm64_all/akiec/akiec_00771.png
akiec,synth,data/synthetic/ddpm64_all/akiec/akiec_00772.png
akiec,synth,data/synthetic/ddpm64_all/akiec/akiec_00773.png
akiec,synth,data/synthetic/ddpm64_all/akiec/akiec_00774.png
akiec,synth,data/synthetic/ddpm64_all/akiec/akiec_00775.png
akiec,synth,data/synthetic/ddpm64_all/akiec/akiec_00776.png
akiec,synth,data/synthetic/ddpm64_all/akiec/akiec_00777.png
akiec,synth,data/synthetic/ddpm64_all/akiec/akiec_00778.png
akiec,synth,data/synthetic/ddpm64_all/akiec/akiec_00779.png
akiec,synth,data/synthetic/ddpm64_all/akiec/akiec_00780.png
akiec,synth,data/synthetic/ddpm64_all/akiec/akiec_00781.png
akiec,synth,data/synthetic/ddpm64_all/akiec/akiec_00782.png
akiec,synth,data/synthetic/ddpm64_all/akiec/akiec_00783.png
akiec,synth,data/synthetic/ddpm64_all/akiec/akiec_00784.png
akiec,synth,data/synthetic/ddpm64_all/akiec/akiec_00785.png
akiec,synth,data/synthetic/ddpm64_all/akiec/akiec_00786.png
akiec,synth,data/synthetic/ddpm64_all/akiec/akiec_00787.png
akiec,synth,data/synthetic/ddpm64_all/akiec/akiec_00788.png
akiec,synth,data/synthetic/ddpm64_all/akiec/akiec_00789.png
akiec,synth,data/synthetic/ddpm64_all/akiec/akiec_00790.png
akiec,synth,data/synthetic/ddpm64_all/akiec/akiec_00791.png
akiec,synth,data/synthetic/ddpm64_all/akiec/akiec_00792.png
akiec,synth,data/synthetic/ddpm64_all/akiec/akiec_00793.png
akiec,synth,data/synthetic/ddpm64_all/akiec/akiec_00794.png
akiec,synth,data/synthetic/ddpm64_all/akiec/akiec_00795.png
akiec,synth,data/synthetic/ddpm64_all/akiec/akiec_00796.png
akiec,synth,data/synthetic/ddpm64_all/akiec/akiec_00797.png
akiec,synth,data/synthetic/ddpm64_all/akiec/akiec_00798.png
akiec,synth,data/synthetic/ddpm64_all/akiec/akiec_00799.png
akiec,synth,data/synthetic/ddpm64_all/akiec/akiec_00800.png
akiec,synth,data/synthetic/ddpm64_all/akiec/akiec_00801.png
akiec,synth,data/synthetic/ddpm64_all/akiec/akiec_00802.png
akiec,synth,data/synthetic/ddpm64_all/akiec/akiec_00803.png
akiec,synth,data/synthetic/ddpm64_all/akiec/akiec_00804.png
akiec,synth,data/synthetic/ddpm64_all/akiec/akiec_00805.png
akiec,synth,data/synthetic/ddpm64_all/akiec/akiec_00806.png
akiec,synth,data/synthetic/ddpm64_all/akiec/akiec_00807.png
akiec,synth,data/synthetic/ddpm64_all/akiec/akiec_00808.png
akiec,synth,data/synthetic/ddpm64_all/akiec/akiec_00809.png
akiec,synth,data/synthetic/ddpm64_all/akiec/akiec_00810.png
akiec,synth,data/synthetic/ddpm64_all/akiec/akiec_00811.png
akiec,synth,data/synthetic/ddpm64_all/akiec/akiec_00812.png
akiec,synth,data/synthetic/ddpm64_all/akiec/akiec_00813.png
akiec,synth,data/synthetic/ddpm64_all/akiec/akiec_00814.png
akiec,synth,data/synthetic/ddpm64_all/akiec/akiec_00815.png
akiec,synth,data/synthetic/ddpm64_all/akiec/akiec_00816.png
akiec,synth,data/synthetic/ddpm64_all/akiec/akiec_00817.png
akiec,synth,data/synthetic/ddpm64_all/akiec/akiec_00818.png
akiec,synth,data/synthetic/ddpm64_all/akiec/akiec_00819.png
akiec,synth,data/synthetic/ddpm64_all/akiec/akiec_00820.png
akiec,synth,data/synthetic/ddpm64_all/akiec/akiec_00821.png
akiec,synth,data/synthetic/ddpm64_all/akiec/akiec_00822.png
akiec,synth,data/synthetic/ddpm64_all/akiec/akiec_00823.png
akiec,synth,data/synthetic/ddpm64_all/akiec/akiec_00824.png
akiec,synth,data/synthetic/ddpm64_all/akiec/akiec_00825.png
akiec,synth,data/synthetic/ddpm64_all/akiec/akiec_00826.png
akiec,synth,data/synthetic/ddpm64_all/akiec/akiec_00827.png
akiec,synth,data/synthetic/ddpm64_all/akiec/akiec_00828.png
akiec,synth,data/synthetic/ddpm64_all/akiec/akiec_00829.png
akiec,synth,data/synthetic/ddpm64_all/akiec/akiec_00830.png
akiec,synth,data/synthetic/ddpm64_all/akiec/akiec_00831.png
akiec,synth,data/synthetic/ddpm64_all/akiec/akiec_00832.png
akiec,synth,data/synthetic/ddpm64_all/akiec/akiec_00833.png
akiec,synth,data/synthetic/ddpm64_all/akiec/akiec_00834.png
akiec,synth,data/synthetic/ddpm64_all/akiec/akiec_00835.png
akiec,synth,data/synthetic/ddpm64_all/akiec/akiec_00836.png
akiec,synth,data/synthetic/ddpm64_all/akiec/akiec_00837.png
akiec,synth,data/synthetic/ddpm64_all/akiec/akiec_00838.png
akiec,synth,data/synthetic/ddpm64_all/akiec/akiec_00839.png
akiec,synth,data/synthetic/ddpm64_all/akiec/akiec_00840.png
akiec,synth,data/synthetic/ddpm64_all/akiec/akiec_00841.png
akiec,synth,data/synthetic/ddpm64_all/akiec/akiec_00842.png
akiec,synth,data/synthetic/ddpm64_all/akiec/akiec_00843.png
akiec,synth,data/synthetic/ddpm64_all/akiec/akiec_00844.png
akiec,synth,data/synthetic/ddpm64_all/akiec/akiec_00845.png
akiec,synth,data/synthetic/ddpm64_all/akiec/akiec_00846.png
akiec,synth,data/synthetic/ddpm64_all/akiec/akiec_00847.png
akiec,synth,data/synthetic/ddpm64_all/akiec/akiec_00848.png
akiec,synth,data/synthetic/ddpm64_all/akiec/akiec_00849.png
akiec,synth,data/synthetic/ddpm64_all/akiec/akiec_00850.png
akiec,synth,data/synthetic/ddpm64_all/akiec/akiec_00851.png
akiec,synth,data/synthetic/ddpm64_all/akiec/akiec_00852.png
akiec,synth,data/synthetic/ddpm64_all/akiec/akiec_00853.png
akiec,synth,data/synthetic/ddpm64_all/akiec/akiec_00854.png
akiec,synth,data/synthetic/ddpm64_all/akiec/akiec_00855.png
akiec,synth,data/synthetic/ddpm64_all/akiec/akiec_00856.png
akiec,synth,data/synthetic/ddpm64_all/akiec/akiec_00857.png
akiec,synth,data/synthetic/ddpm64_all/akiec/akiec_00858.png
akiec,synth,data/synthetic/ddpm64_all/akiec/akiec_00859.png
akiec,synth,data/synthetic/ddpm64_all/akiec/akiec_00860.png
akiec,synth,data/synthetic/ddpm64_all/akiec/akiec_00861.png
akiec,synth,data/synthetic/ddpm64_all/akiec/akiec_00862.png
akiec,synth,data/synthetic/ddpm64_all/akiec/akiec_00863.png
akiec,synth,data/synthetic/ddpm64_all/akiec/akiec_00864.png
akiec,synth,data/synthetic/ddpm64_all/akiec/akiec_00865.png
akiec,synth,data/synthetic/ddpm64_all/akiec/akiec_00866.png
akiec,synth,data/synthetic/ddpm64_all/akiec/akiec_00867.png
akiec,synth,data/synthetic/ddpm64_all/akiec/akiec_00868.png
akiec,synth,data/synthetic/ddpm64_all/akiec/akiec_00869.png
akiec,synth,data/synthetic/ddpm64_all/akiec/akiec_00870.png
akiec,synth,data/synthetic/ddpm64_all/akiec/akiec_00871.png
akiec,synth,data/synthetic/ddpm64_all/akiec/akiec_00872.png
akiec,synth,data/synthetic/ddpm64_all/akiec/akiec_00873.png
akiec,synth,data/synthetic/ddpm64_all/akiec/akiec_00874.png
akiec,synth,data/synthetic/ddpm64_all/akiec/akiec_00875.png
akiec,synth,data/synthetic/ddpm64_all/akiec/akiec_00876.png
akiec,synth,data/synthetic/ddpm64_all/akiec/akiec_00877.png
akiec,synth,data/synthetic/ddpm64_all/akiec/akiec_00878.png
akiec,synth,data/synthetic/ddpm64_all/akiec/akiec_00879.png
akiec,synth,data/synthetic/ddpm64_all/akiec/akiec_00880.png
akiec,synth,data/synthetic/ddpm64_all/akiec/akiec_00881.png
akiec,synth,data/synthetic/ddpm64_all/akiec/akiec_00882.png
akiec,synth,data/synthetic/ddpm64_all/akiec/akiec_00883.png
akiec,synth,data/synthetic/ddpm64_all/akiec/akiec_00884.png
akiec,synth,data/synthetic/ddpm64_all/akiec/akiec_00885.png
akiec,synth,data/synthetic/ddpm64_all/akiec/akiec_00886.png
akiec,synth,data/synthetic/ddpm64_all/akiec/akiec_00887.png
akiec,synth,data/synthetic/ddpm64_all/akiec/akiec_00888.png
akiec,synth,data/synthetic/ddpm64_all/akiec/akiec_00889.png
akiec,synth,data/synthetic/ddpm64_all/akiec/akiec_00890.png
akiec,synth,data/synthetic/ddpm64_all/akiec/akiec_00891.png
akiec,synth,data/synthetic/ddpm64_all/akiec/akiec_00892.png
akiec,synth,data/synthetic/ddpm64_all/akiec/akiec_00893.png
akiec,synth,data/synthetic/ddpm64_all/akiec/akiec_00894.png
akiec,synth,data/synthetic/ddpm64_all/akiec/akiec_00895.png
akiec,synth,data/synthetic/ddpm64_all/akiec/akiec_00896.png
akiec,synth,data/synthetic/ddpm64_all/akiec/akiec_00897.png
akiec,synth,data/synthetic/ddpm64_all/akiec/akiec_00898.png
akiec,synth,data/synthetic/ddpm64_all/akiec/akiec_00899.png
akiec,synth,data/synthetic/ddpm64_all/akiec/akiec_00900.png
akiec,synth,data/synthetic/ddpm64_all/akiec/akiec_00901.png
akiec,synth,data/synthetic/ddpm64_all/akiec/akiec_00902.png
akiec,synth,data/synthetic/ddpm64_all/akiec/akiec_00903.png
akiec,synth,data/synthetic/ddpm64_all/akiec/akiec_00904.png
akiec,synth,data/synthetic/ddpm64_all/akiec/akiec_00905.png
akiec,synth,data/synthetic/ddpm64_all/akiec/akiec_00906.png
akiec,synth,data/synthetic/ddpm64_all/akiec/akiec_00907.png
akiec,synth,data/synthetic/ddpm64_all/akiec/akiec_00908.png
akiec,synth,data/synthetic/ddpm64_all/akiec/akiec_00909.png
akiec,synth,data/synthetic/ddpm64_all/akiec/akiec_00910.png
akiec,synth,data/synthetic/ddpm64_all/akiec/akiec_00911.png
akiec,synth,data/synthetic/ddpm64_all/akiec/akiec_00912.png
akiec,synth,data/synthetic/ddpm64_all/akiec/akiec_00913.png
akiec,synth,data/synthetic/ddpm64_all/akiec/akiec_00914.png
akiec,synth,data/synthetic/ddpm64_all/akiec/akiec_00915.png
akiec,synth,data/synthetic/ddpm64_all/akiec/akiec_00916.png
akiec,synth,data/synthetic/ddpm64_all/akiec/akiec_00917.png
akiec,synth,data/synthetic/ddpm64_all/akiec/akiec_00918.png
akiec,synth,data/synthetic/ddpm64_all/akiec/akiec_00919.png
akiec,synth,data/synthetic/ddpm64_all/akiec/akiec_00920.png
akiec,synth,data/synthetic/ddpm64_all/akiec/akiec_00921.png
akiec,synth,data/synthetic/ddpm64_all/akiec/akiec_00922.png
akiec,synth,data/synthetic/ddpm64_all/akiec/akiec_00923.png
akiec,synth,data/synthetic/ddpm64_all/akiec/akiec_00924.png
akiec,synth,data/synthetic/ddpm64_all/akiec/akiec_00925.png
akiec,synth,data/synthetic/ddpm64_all/akiec/akiec_00926.png
akiec,synth,data/synthetic/ddpm64_all/akiec/akiec_00927.png
akiec,synth,data/synthetic/ddpm64_all/akiec/akiec_00928.png
akiec,synth,data/synthetic/ddpm64_all/akiec/akiec_00929.png
akiec,synth,data/synthetic/ddpm64_all/akiec/akiec_00930.png
akiec,synth,data/synthetic/ddpm64_all/akiec/akiec_00931.png
akiec,synth,data/synthetic/ddpm64_all/akiec/akiec_00932.png
akiec,synth,data/synthetic/ddpm64_all/akiec/akiec_00933.png
akiec,synth,data/synthetic/ddpm64_all/akiec/akiec_00934.png
akiec,synth,data/synthetic/ddpm64_all/akiec/akiec_00935.png
akiec,synth,data/synthetic/ddpm64_all/akiec/akiec_00936.png
akiec,synth,data/synthetic/ddpm64_all/akiec/akiec_00937.png
akiec,synth,data/synthetic/ddpm64_all/akiec/akiec_00938.png
akiec,synth,data/synthetic/ddpm64_all/akiec/akiec_00939.png
akiec,synth,data/synthetic/ddpm64_all/akiec/akiec_00940.png
akiec,synth,data/synthetic/ddpm64_all/akiec/akiec_00941.png
akiec,synth,data/synthetic/ddpm64_all/akiec/akiec_00942.png
akiec,synth,data/synthetic/ddpm64_all/akiec/akiec_00943.png
akiec,synth,data/synthetic/ddpm64_all/akiec/akiec_00944.png
akiec,synth,data/synthetic/ddpm64_all/akiec/akiec_00945.png
akiec,synth,data/synthetic/ddpm64_all/akiec/akiec_00946.png
akiec,synth,data/synthetic/ddpm64_all/akiec/akiec_00947.png
akiec,synth,data/synthetic/ddpm64_all/akiec/akiec_00948.png
akiec,synth,data/synthetic/ddpm64_all/akiec/akiec_00949.png
akiec,synth,data/synthetic/ddpm64_all/akiec/akiec_00950.png
akiec,synth,data/synthetic/ddpm64_all/akiec/akiec_00951.png
akiec,synth,data/synthetic/ddpm64_all/akiec/akiec_00952.png
akiec,synth,data/synthetic/ddpm64_all/akiec/akiec_00953.png
akiec,synth,data/synthetic/ddpm64_all/akiec/akiec_00954.png
akiec,synth,data/synthetic/ddpm64_all/akiec/akiec_00955.png
akiec,synth,data/synthetic/ddpm64_all/akiec/akiec_00956.png
akiec,synth,data/synthetic/ddpm64_all/akiec/akiec_00957.png
akiec,synth,data/synthetic/ddpm64_all/akiec/akiec_00958.png
akiec,synth,data/synthetic/ddpm64_all/akiec/akiec_00959.png
akiec,synth,data/synthetic/ddpm64_all/akiec/akiec_00960.png
akiec,synth,data/synthetic/ddpm64_all/akiec/akiec_00961.png
akiec,synth,data/synthetic/ddpm64_all/akiec/akiec_00962.png
akiec,synth,data/synthetic/ddpm64_all/akiec/akiec_00963.png
akiec,synth,data/synthetic/ddpm64_all/akiec/akiec_00964.png
akiec,synth,data/synthetic/ddpm64_all/akiec/akiec_00965.png
akiec,synth,data/synthetic/ddpm64_all/akiec/akiec_00966.png
akiec,synth,data/synthetic/ddpm64_all/akiec/akiec_00967.png
akiec,synth,data/synthetic/ddpm64_all/akiec/akiec_00968.png
akiec,synth,data/synthetic/ddpm64_all/akiec/akiec_00969.png
akiec,synth,data/synthetic/ddpm64_all/akiec/akiec_00970.png
akiec,synth,data/synthetic/ddpm64_all/akiec/akiec_00971.png
akiec,synth,data/synthetic/ddpm64_all/akiec/akiec_00972.png
akiec,synth,data/synthetic/ddpm64_all/akiec/akiec_00973.png
akiec,synth,data/synthetic/ddpm64_all/akiec/akiec_00974.png
akiec,synth,data/synthetic/ddpm64_all/akiec/akiec_00975.png
akiec,synth,data/synthetic/ddpm64_all/akiec/akiec_00976.png
akiec,synth,data/synthetic/ddpm64_all/akiec/akiec_00977.png
akiec,synth,data/synthetic/ddpm64_all/akiec/akiec_00978.png
akiec,synth,data/synthetic/ddpm64_all/akiec/akiec_00979.png
akiec,synth,data/synthetic/ddpm64_all/akiec/akiec_00980.png
akiec,synth,data/synthetic/ddpm64_all/akiec/akiec_00981.png
akiec,synth,data/synthetic/ddpm64_all/akiec/akiec_00982.png
akiec,synth,data/synthetic/ddpm64_all/akiec/akiec_00983.png
akiec,synth,data/synthetic/ddpm64_all/akiec/akiec_00984.png
akiec,synth,data/synthetic/ddpm64_all/akiec/akiec_00985.png
akiec,synth,data/synthetic/ddpm64_all/akiec/akiec_00986.png
akiec,synth,data/synthetic/ddpm64_all/akiec/akiec_00987.png
akiec,synth,data/synthetic/ddpm64_all/akiec/akiec_00988.png
akiec,synth,data/synthetic/ddpm64_all/akiec/akiec_00989.png
akiec,synth,data/synthetic/ddpm64_all/akiec/akiec_00990.png
akiec,synth,data/synthetic/ddpm64_all/akiec/akiec_00991.png
akiec,synth,data/synthetic/ddpm64_all/akiec/akiec_00992.png
akiec,synth,data/synthetic/ddpm64_all/akiec/akiec_00993.png
akiec,synth,data/synthetic/ddpm64_all/akiec/akiec_00994.png
akiec,synth,data/synthetic/ddpm64_all/akiec/akiec_00995.png
akiec,synth,data/synthetic/ddpm64_all/akiec/akiec_00996.png
akiec,synth,data/synthetic/ddpm64_all/akiec/akiec_00997.png
akiec,synth,data/synthetic/ddpm64_all/akiec/akiec_00998.png
akiec,synth,data/synthetic/ddpm64_all/akiec/akiec_00999.png
bcc,synth,data/synthetic/ddpm64_all/bcc/bcc_00000.png
bcc,synth,data/synthetic/ddpm64_all/bcc/bcc_00001.png
bcc,synth,data/synthetic/ddpm64_all/bcc/bcc_00002.png
bcc,synth,data/synthetic/ddpm64_all/bcc/bcc_00003.png
bcc,synth,data/synthetic/ddpm64_all/bcc/bcc_00004.png
bcc,synth,data/synthetic/ddpm64_all/bcc/bcc_00005.png
bcc,synth,data/synthetic/ddpm64_all/bcc/bcc_00006.png
bcc,synth,data/synthetic/ddpm64_all/bcc/bcc_00007.png
bcc,synth,data/synthetic/ddpm64_all/bcc/bcc_00008.png
bcc,synth,data/synthetic/ddpm64_all/bcc/bcc_00009.png
bcc,synth,data/synthetic/ddpm64_all/bcc/bcc_00010.png
bcc,synth,data/synthetic/ddpm64_all/bcc/bcc_00011.png
bcc,synth,data/synthetic/ddpm64_all/bcc/bcc_00012.png
bcc,synth,data/synthetic/ddpm64_all/bcc/bcc_00013.png
bcc,synth,data/synthetic/ddpm64_all/bcc/bcc_00014.png
bcc,synth,data/synthetic/ddpm64_all/bcc/bcc_00015.png
bcc,synth,data/synthetic/ddpm64_all/bcc/bcc_00016.png
bcc,synth,data/synthetic/ddpm64_all/bcc/bcc_00017.png
bcc,synth,data/synthetic/ddpm64_all/bcc/bcc_00018.png
bcc,synth,data/synthetic/ddpm64_all/bcc/bcc_00019.png
bcc,synth,data/synthetic/ddpm64_all/bcc/bcc_00020.png
bcc,synth,data/synthetic/ddpm64_all/bcc/bcc_00021.png
bcc,synth,data/synthetic/ddpm64_all/bcc/bcc_00022.png
bcc,synth,data/synthetic/ddpm64_all/bcc/bcc_00023.png
bcc,synth,data/synthetic/ddpm64_all/bcc/bcc_00024.png
bcc,synth,data/synthetic/ddpm64_all/bcc/bcc_00025.png
bcc,synth,data/synthetic/ddpm64_all/bcc/bcc_00026.png
bcc,synth,data/synthetic/ddpm64_all/bcc/bcc_00027.png
bcc,synth,data/synthetic/ddpm64_all/bcc/bcc_00028.png
bcc,synth,data/synthetic/ddpm64_all/bcc/bcc_00029.png
bcc,synth,data/synthetic/ddpm64_all/bcc/bcc_00030.png
bcc,synth,data/synthetic/ddpm64_all/bcc/bcc_00031.png
bcc,synth,data/synthetic/ddpm64_all/bcc/bcc_00032.png
bcc,synth,data/synthetic/ddpm64_all/bcc/bcc_00033.png
bcc,synth,data/synthetic/ddpm64_all/bcc/bcc_00034.png
bcc,synth,data/synthetic/ddpm64_all/bcc/bcc_00035.png
bcc,synth,data/synthetic/ddpm64_all/bcc/bcc_00036.png
bcc,synth,data/synthetic/ddpm64_all/bcc/bcc_00037.png
bcc,synth,data/synthetic/ddpm64_all/bcc/bcc_00038.png
bcc,synth,data/synthetic/ddpm64_all/bcc/bcc_00039.png
bcc,synth,data/synthetic/ddpm64_all/bcc/bcc_00040.png
bcc,synth,data/synthetic/ddpm64_all/bcc/bcc_00041.png
bcc,synth,data/synthetic/ddpm64_all/bcc/bcc_00042.png
bcc,synth,data/synthetic/ddpm64_all/bcc/bcc_00043.png
bcc,synth,data/synthetic/ddpm64_all/bcc/bcc_00044.png
bcc,synth,data/synthetic/ddpm64_all/bcc/bcc_00045.png
bcc,synth,data/synthetic/ddpm64_all/bcc/bcc_00046.png
bcc,synth,data/synthetic/ddpm64_all/bcc/bcc_00047.png
bcc,synth,data/synthetic/ddpm64_all/bcc/bcc_00048.png
bcc,synth,data/synthetic/ddpm64_all/bcc/bcc_00049.png
bcc,synth,data/synthetic/ddpm64_all/bcc/bcc_00050.png
bcc,synth,data/synthetic/ddpm64_all/bcc/bcc_00051.png
bcc,synth,data/synthetic/ddpm64_all/bcc/bcc_00052.png
bcc,synth,data/synthetic/ddpm64_all/bcc/bcc_00053.png
bcc,synth,data/synthetic/ddpm64_all/bcc/bcc_00054.png
bcc,synth,data/synthetic/ddpm64_all/bcc/bcc_00055.png
bcc,synth,data/synthetic/ddpm64_all/bcc/bcc_00056.png
bcc,synth,data/synthetic/ddpm64_all/bcc/bcc_00057.png
bcc,synth,data/synthetic/ddpm64_all/bcc/bcc_00058.png
bcc,synth,data/synthetic/ddpm64_all/bcc/bcc_00059.png
bcc,synth,data/synthetic/ddpm64_all/bcc/bcc_00060.png
bcc,synth,data/synthetic/ddpm64_all/bcc/bcc_00061.png
bcc,synth,data/synthetic/ddpm64_all/bcc/bcc_00062.png
bcc,synth,data/synthetic/ddpm64_all/bcc/bcc_00063.png
bcc,synth,data/synthetic/ddpm64_all/bcc/bcc_00064.png
bcc,synth,data/synthetic/ddpm64_all/bcc/bcc_00065.png
bcc,synth,data/synthetic/ddpm64_all/bcc/bcc_00066.png
bcc,synth,data/synthetic/ddpm64_all/bcc/bcc_00067.png
bcc,synth,data/synthetic/ddpm64_all/bcc/bcc_00068.png
bcc,synth,data/synthetic/ddpm64_all/bcc/bcc_00069.png
bcc,synth,data/synthetic/ddpm64_all/bcc/bcc_00070.png
bcc,synth,data/synthetic/ddpm64_all/bcc/bcc_00071.png
bcc,synth,data/synthetic/ddpm64_all/bcc/bcc_00072.png
bcc,synth,data/synthetic/ddpm64_all/bcc/bcc_00073.png
bcc,synth,data/synthetic/ddpm64_all/bcc/bcc_00074.png
bcc,synth,data/synthetic/ddpm64_all/bcc/bcc_00075.png
bcc,synth,data/synthetic/ddpm64_all/bcc/bcc_00076.png
bcc,synth,data/synthetic/ddpm64_all/bcc/bcc_00077.png
bcc,synth,data/synthetic/ddpm64_all/bcc/bcc_00078.png
bcc,synth,data/synthetic/ddpm64_all/bcc/bcc_00079.png
bcc,synth,data/synthetic/ddpm64_all/bcc/bcc_00080.png
bcc,synth,data/synthetic/ddpm64_all/bcc/bcc_00081.png
bcc,synth,data/synthetic/ddpm64_all/bcc/bcc_00082.png
bcc,synth,data/synthetic/ddpm64_all/bcc/bcc_00083.png
bcc,synth,data/synthetic/ddpm64_all/bcc/bcc_00084.png
bcc,synth,data/synthetic/ddpm64_all/bcc/bcc_00085.png
bcc,synth,data/synthetic/ddpm64_all/bcc/bcc_00086.png
bcc,synth,data/synthetic/ddpm64_all/bcc/bcc_00087.png
bcc,synth,data/synthetic/ddpm64_all/bcc/bcc_00088.png
bcc,synth,data/synthetic/ddpm64_all/bcc/bcc_00089.png
bcc,synth,data/synthetic/ddpm64_all/bcc/bcc_00090.png
bcc,synth,data/synthetic/ddpm64_all/bcc/bcc_00091.png
bcc,synth,data/synthetic/ddpm64_all/bcc/bcc_00092.png
bcc,synth,data/synthetic/ddpm64_all/bcc/bcc_00093.png
bcc,synth,data/synthetic/ddpm64_all/bcc/bcc_00094.png
bcc,synth,data/synthetic/ddpm64_all/bcc/bcc_00095.png
bcc,synth,data/synthetic/ddpm64_all/bcc/bcc_00096.png
bcc,synth,data/synthetic/ddpm64_all/bcc/bcc_00097.png
bcc,synth,data/synthetic/ddpm64_all/bcc/bcc_00098.png
bcc,synth,data/synthetic/ddpm64_all/bcc/bcc_00099.png
bcc,synth,data/synthetic/ddpm64_all/bcc/bcc_00100.png
bcc,synth,data/synthetic/ddpm64_all/bcc/bcc_00101.png
bcc,synth,data/synthetic/ddpm64_all/bcc/bcc_00102.png
bcc,synth,data/synthetic/ddpm64_all/bcc/bcc_00103.png
bcc,synth,data/synthetic/ddpm64_all/bcc/bcc_00104.png
bcc,synth,data/synthetic/ddpm64_all/bcc/bcc_00105.png
bcc,synth,data/synthetic/ddpm64_all/bcc/bcc_00106.png
bcc,synth,data/synthetic/ddpm64_all/bcc/bcc_00107.png
bcc,synth,data/synthetic/ddpm64_all/bcc/bcc_00108.png
bcc,synth,data/synthetic/ddpm64_all/bcc/bcc_00109.png
bcc,synth,data/synthetic/ddpm64_all/bcc/bcc_00110.png
bcc,synth,data/synthetic/ddpm64_all/bcc/bcc_00111.png
bcc,synth,data/synthetic/ddpm64_all/bcc/bcc_00112.png
bcc,synth,data/synthetic/ddpm64_all/bcc/bcc_00113.png
bcc,synth,data/synthetic/ddpm64_all/bcc/bcc_00114.png
bcc,synth,data/synthetic/ddpm64_all/bcc/bcc_00115.png
bcc,synth,data/synthetic/ddpm64_all/bcc/bcc_00116.png
bcc,synth,data/synthetic/ddpm64_all/bcc/bcc_00117.png
bcc,synth,data/synthetic/ddpm64_all/bcc/bcc_00118.png
bcc,synth,data/synthetic/ddpm64_all/bcc/bcc_00119.png
bcc,synth,data/synthetic/ddpm64_all/bcc/bcc_00120.png
bcc,synth,data/synthetic/ddpm64_all/bcc/bcc_00121.png
bcc,synth,data/synthetic/ddpm64_all/bcc/bcc_00122.png
bcc,synth,data/synthetic/ddpm64_all/bcc/bcc_00123.png
bcc,synth,data/synthetic/ddpm64_all/bcc/bcc_00124.png
bcc,synth,data/synthetic/ddpm64_all/bcc/bcc_00125.png
bcc,synth,data/synthetic/ddpm64_all/bcc/bcc_00126.png
bcc,synth,data/synthetic/ddpm64_all/bcc/bcc_00127.png
bcc,synth,data/synthetic/ddpm64_all/bcc/bcc_00128.png
bcc,synth,data/synthetic/ddpm64_all/bcc/bcc_00129.png
bcc,synth,data/synthetic/ddpm64_all/bcc/bcc_00130.png
bcc,synth,data/synthetic/ddpm64_all/bcc/bcc_00131.png
bcc,synth,data/synthetic/ddpm64_all/bcc/bcc_00132.png
bcc,synth,data/synthetic/ddpm64_all/bcc/bcc_00133.png
bcc,synth,data/synthetic/ddpm64_all/bcc/bcc_00134.png
bcc,synth,data/synthetic/ddpm64_all/bcc/bcc_00135.png
bcc,synth,data/synthetic/ddpm64_all/bcc/bcc_00136.png
bcc,synth,data/synthetic/ddpm64_all/bcc/bcc_00137.png
bcc,synth,data/synthetic/ddpm64_all/bcc/bcc_00138.png
bcc,synth,data/synthetic/ddpm64_all/bcc/bcc_00139.png
bcc,synth,data/synthetic/ddpm64_all/bcc/bcc_00140.png
bcc,synth,data/synthetic/ddpm64_all/bcc/bcc_00141.png
bcc,synth,data/synthetic/ddpm64_all/bcc/bcc_00142.png
bcc,synth,data/synthetic/ddpm64_all/bcc/bcc_00143.png
bcc,synth,data/synthetic/ddpm64_all/bcc/bcc_00144.png
bcc,synth,data/synthetic/ddpm64_all/bcc/bcc_00145.png
bcc,synth,data/synthetic/ddpm64_all/bcc/bcc_00146.png
bcc,synth,data/synthetic/ddpm64_all/bcc/bcc_00147.png
bcc,synth,data/synthetic/ddpm64_all/bcc/bcc_00148.png
bcc,synth,data/synthetic/ddpm64_all/bcc/bcc_00149.png
bcc,synth,data/synthetic/ddpm64_all/bcc/bcc_00150.png
bcc,synth,data/synthetic/ddpm64_all/bcc/bcc_00151.png
bcc,synth,data/synthetic/ddpm64_all/bcc/bcc_00152.png
bcc,synth,data/synthetic/ddpm64_all/bcc/bcc_00153.png
bcc,synth,data/synthetic/ddpm64_all/bcc/bcc_00154.png
bcc,synth,data/synthetic/ddpm64_all/bcc/bcc_00155.png
bcc,synth,data/synthetic/ddpm64_all/bcc/bcc_00156.png
bcc,synth,data/synthetic/ddpm64_all/bcc/bcc_00157.png
bcc,synth,data/synthetic/ddpm64_all/bcc/bcc_00158.png
bcc,synth,data/synthetic/ddpm64_all/bcc/bcc_00159.png
bcc,synth,data/synthetic/ddpm64_all/bcc/bcc_00160.png
bcc,synth,data/synthetic/ddpm64_all/bcc/bcc_00161.png
bcc,synth,data/synthetic/ddpm64_all/bcc/bcc_00162.png
bcc,synth,data/synthetic/ddpm64_all/bcc/bcc_00163.png
bcc,synth,data/synthetic/ddpm64_all/bcc/bcc_00164.png
bcc,synth,data/synthetic/ddpm64_all/bcc/bcc_00165.png
bcc,synth,data/synthetic/ddpm64_all/bcc/bcc_00166.png
bcc,synth,data/synthetic/ddpm64_all/bcc/bcc_00167.png
bcc,synth,data/synthetic/ddpm64_all/bcc/bcc_00168.png
bcc,synth,data/synthetic/ddpm64_all/bcc/bcc_00169.png
bcc,synth,data/synthetic/ddpm64_all/bcc/bcc_00170.png
bcc,synth,data/synthetic/ddpm64_all/bcc/bcc_00171.png
bcc,synth,data/synthetic/ddpm64_all/bcc/bcc_00172.png
bcc,synth,data/synthetic/ddpm64_all/bcc/bcc_00173.png
bcc,synth,data/synthetic/ddpm64_all/bcc/bcc_00174.png
bcc,synth,data/synthetic/ddpm64_all/bcc/bcc_00175.png
bcc,synth,data/synthetic/ddpm64_all/bcc/bcc_00176.png
bcc,synth,data/synthetic/ddpm64_all/bcc/bcc_00177.png
bcc,synth,data/synthetic/ddpm64_all/bcc/bcc_00178.png
bcc,synth,data/synthetic/ddpm64_all/bcc/bcc_00179.png
bcc,synth,data/synthetic/ddpm64_all/bcc/bcc_00180.png
bcc,synth,data/synthetic/ddpm64_all/bcc/bcc_00181.png
bcc,synth,data/synthetic/ddpm64_all/bcc/bcc_00182.png
bcc,synth,data/synthetic/ddpm64_all/bcc/bcc_00183.png
bcc,synth,data/synthetic/ddpm64_all/bcc/bcc_00184.png
bcc,synth,data/synthetic/ddpm64_all/bcc/bcc_00185.png
bcc,synth,data/synthetic/ddpm64_all/bcc/bcc_00186.png
bcc,synth,data/synthetic/ddpm64_all/bcc/bcc_00187.png
bcc,synth,data/synthetic/ddpm64_all/bcc/bcc_00188.png
bcc,synth,data/synthetic/ddpm64_all/bcc/bcc_00189.png
bcc,synth,data/synthetic/ddpm64_all/bcc/bcc_00190.png
bcc,synth,data/synthetic/ddpm64_all/bcc/bcc_00191.png
bcc,synth,data/synthetic/ddpm64_all/bcc/bcc_00192.png
bcc,synth,data/synthetic/ddpm64_all/bcc/bcc_00193.png
bcc,synth,data/synthetic/ddpm64_all/bcc/bcc_00194.png
bcc,synth,data/synthetic/ddpm64_all/bcc/bcc_00195.png
bcc,synth,data/synthetic/ddpm64_all/bcc/bcc_00196.png
bcc,synth,data/synthetic/ddpm64_all/bcc/bcc_00197.png
bcc,synth,data/synthetic/ddpm64_all/bcc/bcc_00198.png
bcc,synth,data/synthetic/ddpm64_all/bcc/bcc_00199.png
bcc,synth,data/synthetic/ddpm64_all/bcc/bcc_00200.png
bcc,synth,data/synthetic/ddpm64_all/bcc/bcc_00201.png
bcc,synth,data/synthetic/ddpm64_all/bcc/bcc_00202.png
bcc,synth,data/synthetic/ddpm64_all/bcc/bcc_00203.png
bcc,synth,data/synthetic/ddpm64_all/bcc/bcc_00204.png
bcc,synth,data/synthetic/ddpm64_all/bcc/bcc_00205.png
bcc,synth,data/synthetic/ddpm64_all/bcc/bcc_00206.png
bcc,synth,data/synthetic/ddpm64_all/bcc/bcc_00207.png
bcc,synth,data/synthetic/ddpm64_all/bcc/bcc_00208.png
bcc,synth,data/synthetic/ddpm64_all/bcc/bcc_00209.png
bcc,synth,data/synthetic/ddpm64_all/bcc/bcc_00210.png
bcc,synth,data/synthetic/ddpm64_all/bcc/bcc_00211.png
bcc,synth,data/synthetic/ddpm64_all/bcc/bcc_00212.png
bcc,synth,data/synthetic/ddpm64_all/bcc/bcc_00213.png
bcc,synth,data/synthetic/ddpm64_all/bcc/bcc_00214.png
bcc,synth,data/synthetic/ddpm64_all/bcc/bcc_00215.png
bcc,synth,data/synthetic/ddpm64_all/bcc/bcc_00216.png
bcc,synth,data/synthetic/ddpm64_all/bcc/bcc_00217.png
bcc,synth,data/synthetic/ddpm64_all/bcc/bcc_00218.png
bcc,synth,data/synthetic/ddpm64_all/bcc/bcc_00219.png
bcc,synth,data/synthetic/ddpm64_all/bcc/bcc_00220.png
bcc,synth,data/synthetic/ddpm64_all/bcc/bcc_00221.png
bcc,synth,data/synthetic/ddpm64_all/bcc/bcc_00222.png
bcc,synth,data/synthetic/ddpm64_all/bcc/bcc_00223.png
bcc,synth,data/synthetic/ddpm64_all/bcc/bcc_00224.png
bcc,synth,data/synthetic/ddpm64_all/bcc/bcc_00225.png
bcc,synth,data/synthetic/ddpm64_all/bcc/bcc_00226.png
bcc,synth,data/synthetic/ddpm64_all/bcc/bcc_00227.png
bcc,synth,data/synthetic/ddpm64_all/bcc/bcc_00228.png
bcc,synth,data/synthetic/ddpm64_all/bcc/bcc_00229.png
bcc,synth,data/synthetic/ddpm64_all/bcc/bcc_00230.png
bcc,synth,data/synthetic/ddpm64_all/bcc/bcc_00231.png
bcc,synth,data/synthetic/ddpm64_all/bcc/bcc_00232.png
bcc,synth,data/synthetic/ddpm64_all/bcc/bcc_00233.png
bcc,synth,data/synthetic/ddpm64_all/bcc/bcc_00234.png
bcc,synth,data/synthetic/ddpm64_all/bcc/bcc_00235.png
bcc,synth,data/synthetic/ddpm64_all/bcc/bcc_00236.png
bcc,synth,data/synthetic/ddpm64_all/bcc/bcc_00237.png
bcc,synth,data/synthetic/ddpm64_all/bcc/bcc_00238.png
bcc,synth,data/synthetic/ddpm64_all/bcc/bcc_00239.png
bcc,synth,data/synthetic/ddpm64_all/bcc/bcc_00240.png
bcc,synth,data/synthetic/ddpm64_all/bcc/bcc_00241.png
bcc,synth,data/synthetic/ddpm64_all/bcc/bcc_00242.png
bcc,synth,data/synthetic/ddpm64_all/bcc/bcc_00243.png
bcc,synth,data/synthetic/ddpm64_all/bcc/bcc_00244.png
bcc,synth,data/synthetic/ddpm64_all/bcc/bcc_00245.png
bcc,synth,data/synthetic/ddpm64_all/bcc/bcc_00246.png
bcc,synth,data/synthetic/ddpm64_all/bcc/bcc_00247.png
bcc,synth,data/synthetic/ddpm64_all/bcc/bcc_00248.png
bcc,synth,data/synthetic/ddpm64_all/bcc/bcc_00249.png
bcc,synth,data/synthetic/ddpm64_all/bcc/bcc_00250.png
bcc,synth,data/synthetic/ddpm64_all/bcc/bcc_00251.png
bcc,synth,data/synthetic/ddpm64_all/bcc/bcc_00252.png
bcc,synth,data/synthetic/ddpm64_all/bcc/bcc_00253.png
bcc,synth,data/synthetic/ddpm64_all/bcc/bcc_00254.png
bcc,synth,data/synthetic/ddpm64_all/bcc/bcc_00255.png
bcc,synth,data/synthetic/ddpm64_all/bcc/bcc_00256.png
bcc,synth,data/synthetic/ddpm64_all/bcc/bcc_00257.png
bcc,synth,data/synthetic/ddpm64_all/bcc/bcc_00258.png
bcc,synth,data/synthetic/ddpm64_all/bcc/bcc_00259.png
bcc,synth,data/synthetic/ddpm64_all/bcc/bcc_00260.png
bcc,synth,data/synthetic/ddpm64_all/bcc/bcc_00261.png
bcc,synth,data/synthetic/ddpm64_all/bcc/bcc_00262.png
bcc,synth,data/synthetic/ddpm64_all/bcc/bcc_00263.png
bcc,synth,data/synthetic/ddpm64_all/bcc/bcc_00264.png
bcc,synth,data/synthetic/ddpm64_all/bcc/bcc_00265.png
bcc,synth,data/synthetic/ddpm64_all/bcc/bcc_00266.png
bcc,synth,data/synthetic/ddpm64_all/bcc/bcc_00267.png
bcc,synth,data/synthetic/ddpm64_all/bcc/bcc_00268.png
bcc,synth,data/synthetic/ddpm64_all/bcc/bcc_00269.png
bcc,synth,data/synthetic/ddpm64_all/bcc/bcc_00270.png
bcc,synth,data/synthetic/ddpm64_all/bcc/bcc_00271.png
bcc,synth,data/synthetic/ddpm64_all/bcc/bcc_00272.png
bcc,synth,data/synthetic/ddpm64_all/bcc/bcc_00273.png
bcc,synth,data/synthetic/ddpm64_all/bcc/bcc_00274.png
bcc,synth,data/synthetic/ddpm64_all/bcc/bcc_00275.png
bcc,synth,data/synthetic/ddpm64_all/bcc/bcc_00276.png
bcc,synth,data/synthetic/ddpm64_all/bcc/bcc_00277.png
bcc,synth,data/synthetic/ddpm64_all/bcc/bcc_00278.png
bcc,synth,data/synthetic/ddpm64_all/bcc/bcc_00279.png
bcc,synth,data/synthetic/ddpm64_all/bcc/bcc_00280.png
bcc,synth,data/synthetic/ddpm64_all/bcc/bcc_00281.png
bcc,synth,data/synthetic/ddpm64_all/bcc/bcc_00282.png
bcc,synth,data/synthetic/ddpm64_all/bcc/bcc_00283.png
bcc,synth,data/synthetic/ddpm64_all/bcc/bcc_00284.png
bcc,synth,data/synthetic/ddpm64_all/bcc/bcc_00285.png
bcc,synth,data/synthetic/ddpm64_all/bcc/bcc_00286.png
bcc,synth,data/synthetic/ddpm64_all/bcc/bcc_00287.png
bcc,synth,data/synthetic/ddpm64_all/bcc/bcc_00288.png
bcc,synth,data/synthetic/ddpm64_all/bcc/bcc_00289.png
bcc,synth,data/synthetic/ddpm64_all/bcc/bcc_00290.png
bcc,synth,data/synthetic/ddpm64_all/bcc/bcc_00291.png
bcc,synth,data/synthetic/ddpm64_all/bcc/bcc_00292.png
bcc,synth,data/synthetic/ddpm64_all/bcc/bcc_00293.png
bcc,synth,data/synthetic/ddpm64_all/bcc/bcc_00294.png
bcc,synth,data/synthetic/ddpm64_all/bcc/bcc_00295.png
bcc,synth,data/synthetic/ddpm64_all/bcc/bcc_00296.png
bcc,synth,data/synthetic/ddpm64_all/bcc/bcc_00297.png
bcc,synth,data/synthetic/ddpm64_all/bcc/bcc_00298.png
bcc,synth,data/synthetic/ddpm64_all/bcc/bcc_00299.png
bcc,synth,data/synthetic/ddpm64_all/bcc/bcc_00300.png
bcc,synth,data/synthetic/ddpm64_all/bcc/bcc_00301.png
bcc,synth,data/synthetic/ddpm64_all/bcc/bcc_00302.png
bcc,synth,data/synthetic/ddpm64_all/bcc/bcc_00303.png
bcc,synth,data/synthetic/ddpm64_all/bcc/bcc_00304.png
bcc,synth,data/synthetic/ddpm64_all/bcc/bcc_00305.png
bcc,synth,data/synthetic/ddpm64_all/bcc/bcc_00306.png
bcc,synth,data/synthetic/ddpm64_all/bcc/bcc_00307.png
bcc,synth,data/synthetic/ddpm64_all/bcc/bcc_00308.png
bcc,synth,data/synthetic/ddpm64_all/bcc/bcc_00309.png
bcc,synth,data/synthetic/ddpm64_all/bcc/bcc_00310.png
bcc,synth,data/synthetic/ddpm64_all/bcc/bcc_00311.png
bcc,synth,data/synthetic/ddpm64_all/bcc/bcc_00312.png
bcc,synth,data/synthetic/ddpm64_all/bcc/bcc_00313.png
bcc,synth,data/synthetic/ddpm64_all/bcc/bcc_00314.png
bcc,synth,data/synthetic/ddpm64_all/bcc/bcc_00315.png
bcc,synth,data/synthetic/ddpm64_all/bcc/bcc_00316.png
bcc,synth,data/synthetic/ddpm64_all/bcc/bcc_00317.png
bcc,synth,data/synthetic/ddpm64_all/bcc/bcc_00318.png
bcc,synth,data/synthetic/ddpm64_all/bcc/bcc_00319.png
bcc,synth,data/synthetic/ddpm64_all/bcc/bcc_00320.png
bcc,synth,data/synthetic/ddpm64_all/bcc/bcc_00321.png
bcc,synth,data/synthetic/ddpm64_all/bcc/bcc_00322.png
bcc,synth,data/synthetic/ddpm64_all/bcc/bcc_00323.png
bcc,synth,data/synthetic/ddpm64_all/bcc/bcc_00324.png
bcc,synth,data/synthetic/ddpm64_all/bcc/bcc_00325.png
bcc,synth,data/synthetic/ddpm64_all/bcc/bcc_00326.png
bcc,synth,data/synthetic/ddpm64_all/bcc/bcc_00327.png
bcc,synth,data/synthetic/ddpm64_all/bcc/bcc_00328.png
bcc,synth,data/synthetic/ddpm64_all/bcc/bcc_00329.png
bcc,synth,data/synthetic/ddpm64_all/bcc/bcc_00330.png
bcc,synth,data/synthetic/ddpm64_all/bcc/bcc_00331.png
bcc,synth,data/synthetic/ddpm64_all/bcc/bcc_00332.png
bcc,synth,data/synthetic/ddpm64_all/bcc/bcc_00333.png
bcc,synth,data/synthetic/ddpm64_all/bcc/bcc_00334.png
bcc,synth,data/synthetic/ddpm64_all/bcc/bcc_00335.png
bcc,synth,data/synthetic/ddpm64_all/bcc/bcc_00336.png
bcc,synth,data/synthetic/ddpm64_all/bcc/bcc_00337.png
bcc,synth,data/synthetic/ddpm64_all/bcc/bcc_00338.png
bcc,synth,data/synthetic/ddpm64_all/bcc/bcc_00339.png
bcc,synth,data/synthetic/ddpm64_all/bcc/bcc_00340.png
bcc,synth,data/synthetic/ddpm64_all/bcc/bcc_00341.png
bcc,synth,data/synthetic/ddpm64_all/bcc/bcc_00342.png
bcc,synth,data/synthetic/ddpm64_all/bcc/bcc_00343.png
bcc,synth,data/synthetic/ddpm64_all/bcc/bcc_00344.png
bcc,synth,data/synthetic/ddpm64_all/bcc/bcc_00345.png
bcc,synth,data/synthetic/ddpm64_all/bcc/bcc_00346.png
bcc,synth,data/synthetic/ddpm64_all/bcc/bcc_00347.png
bcc,synth,data/synthetic/ddpm64_all/bcc/bcc_00348.png
bcc,synth,data/synthetic/ddpm64_all/bcc/bcc_00349.png
bcc,synth,data/synthetic/ddpm64_all/bcc/bcc_00350.png
bcc,synth,data/synthetic/ddpm64_all/bcc/bcc_00351.png
bcc,synth,data/synthetic/ddpm64_all/bcc/bcc_00352.png
bcc,synth,data/synthetic/ddpm64_all/bcc/bcc_00353.png
bcc,synth,data/synthetic/ddpm64_all/bcc/bcc_00354.png
bcc,synth,data/synthetic/ddpm64_all/bcc/bcc_00355.png
bcc,synth,data/synthetic/ddpm64_all/bcc/bcc_00356.png
bcc,synth,data/synthetic/ddpm64_all/bcc/bcc_00357.png
bcc,synth,data/synthetic/ddpm64_all/bcc/bcc_00358.png
bcc,synth,data/synthetic/ddpm64_all/bcc/bcc_00359.png
bcc,synth,data/synthetic/ddpm64_all/bcc/bcc_00360.png
bcc,synth,data/synthetic/ddpm64_all/bcc/bcc_00361.png
bcc,synth,data/synthetic/ddpm64_all/bcc/bcc_00362.png
bcc,synth,data/synthetic/ddpm64_all/bcc/bcc_00363.png
bcc,synth,data/synthetic/ddpm64_all/bcc/bcc_00364.png
bcc,synth,data/synthetic/ddpm64_all/bcc/bcc_00365.png
bcc,synth,data/synthetic/ddpm64_all/bcc/bcc_00366.png
bcc,synth,data/synthetic/ddpm64_all/bcc/bcc_00367.png
bcc,synth,data/synthetic/ddpm64_all/bcc/bcc_00368.png
bcc,synth,data/synthetic/ddpm64_all/bcc/bcc_00369.png
bcc,synth,data/synthetic/ddpm64_all/bcc/bcc_00370.png
bcc,synth,data/synthetic/ddpm64_all/bcc/bcc_00371.png
bcc,synth,data/synthetic/ddpm64_all/bcc/bcc_00372.png
bcc,synth,data/synthetic/ddpm64_all/bcc/bcc_00373.png
bcc,synth,data/synthetic/ddpm64_all/bcc/bcc_00374.png
bcc,synth,data/synthetic/ddpm64_all/bcc/bcc_00375.png
bcc,synth,data/synthetic/ddpm64_all/bcc/bcc_00376.png
bcc,synth,data/synthetic/ddpm64_all/bcc/bcc_00377.png
bcc,synth,data/synthetic/ddpm64_all/bcc/bcc_00378.png
bcc,synth,data/synthetic/ddpm64_all/bcc/bcc_00379.png
bcc,synth,data/synthetic/ddpm64_all/bcc/bcc_00380.png
bcc,synth,data/synthetic/ddpm64_all/bcc/bcc_00381.png
bcc,synth,data/synthetic/ddpm64_all/bcc/bcc_00382.png
bcc,synth,data/synthetic/ddpm64_all/bcc/bcc_00383.png
bcc,synth,data/synthetic/ddpm64_all/bcc/bcc_00384.png
bcc,synth,data/synthetic/ddpm64_all/bcc/bcc_00385.png
bcc,synth,data/synthetic/ddpm64_all/bcc/bcc_00386.png
bcc,synth,data/synthetic/ddpm64_all/bcc/bcc_00387.png
bcc,synth,data/synthetic/ddpm64_all/bcc/bcc_00388.png
bcc,synth,data/synthetic/ddpm64_all/bcc/bcc_00389.png
bcc,synth,data/synthetic/ddpm64_all/bcc/bcc_00390.png
bcc,synth,data/synthetic/ddpm64_all/bcc/bcc_00391.png
bcc,synth,data/synthetic/ddpm64_all/bcc/bcc_00392.png
bcc,synth,data/synthetic/ddpm64_all/bcc/bcc_00393.png
bcc,synth,data/synthetic/ddpm64_all/bcc/bcc_00394.png
bcc,synth,data/synthetic/ddpm64_all/bcc/bcc_00395.png
bcc,synth,data/synthetic/ddpm64_all/bcc/bcc_00396.png
bcc,synth,data/synthetic/ddpm64_all/bcc/bcc_00397.png
bcc,synth,data/synthetic/ddpm64_all/bcc/bcc_00398.png
bcc,synth,data/synthetic/ddpm64_all/bcc/bcc_00399.png
bcc,synth,data/synthetic/ddpm64_all/bcc/bcc_00400.png
bcc,synth,data/synthetic/ddpm64_all/bcc/bcc_00401.png
bcc,synth,data/synthetic/ddpm64_all/bcc/bcc_00402.png
bcc,synth,data/synthetic/ddpm64_all/bcc/bcc_00403.png
bcc,synth,data/synthetic/ddpm64_all/bcc/bcc_00404.png
bcc,synth,data/synthetic/ddpm64_all/bcc/bcc_00405.png
bcc,synth,data/synthetic/ddpm64_all/bcc/bcc_00406.png
bcc,synth,data/synthetic/ddpm64_all/bcc/bcc_00407.png
bcc,synth,data/synthetic/ddpm64_all/bcc/bcc_00408.png
bcc,synth,data/synthetic/ddpm64_all/bcc/bcc_00409.png
bcc,synth,data/synthetic/ddpm64_all/bcc/bcc_00410.png
bcc,synth,data/synthetic/ddpm64_all/bcc/bcc_00411.png
bcc,synth,data/synthetic/ddpm64_all/bcc/bcc_00412.png
bcc,synth,data/synthetic/ddpm64_all/bcc/bcc_00413.png
bcc,synth,data/synthetic/ddpm64_all/bcc/bcc_00414.png
bcc,synth,data/synthetic/ddpm64_all/bcc/bcc_00415.png
bcc,synth,data/synthetic/ddpm64_all/bcc/bcc_00416.png
bcc,synth,data/synthetic/ddpm64_all/bcc/bcc_00417.png
bcc,synth,data/synthetic/ddpm64_all/bcc/bcc_00418.png
bcc,synth,data/synthetic/ddpm64_all/bcc/bcc_00419.png
bcc,synth,data/synthetic/ddpm64_all/bcc/bcc_00420.png
bcc,synth,data/synthetic/ddpm64_all/bcc/bcc_00421.png
bcc,synth,data/synthetic/ddpm64_all/bcc/bcc_00422.png
bcc,synth,data/synthetic/ddpm64_all/bcc/bcc_00423.png
bcc,synth,data/synthetic/ddpm64_all/bcc/bcc_00424.png
bcc,synth,data/synthetic/ddpm64_all/bcc/bcc_00425.png
bcc,synth,data/synthetic/ddpm64_all/bcc/bcc_00426.png
bcc,synth,data/synthetic/ddpm64_all/bcc/bcc_00427.png
bcc,synth,data/synthetic/ddpm64_all/bcc/bcc_00428.png
bcc,synth,data/synthetic/ddpm64_all/bcc/bcc_00429.png
bcc,synth,data/synthetic/ddpm64_all/bcc/bcc_00430.png
bcc,synth,data/synthetic/ddpm64_all/bcc/bcc_00431.png
bcc,synth,data/synthetic/ddpm64_all/bcc/bcc_00432.png
bcc,synth,data/synthetic/ddpm64_all/bcc/bcc_00433.png
bcc,synth,data/synthetic/ddpm64_all/bcc/bcc_00434.png
bcc,synth,data/synthetic/ddpm64_all/bcc/bcc_00435.png
bcc,synth,data/synthetic/ddpm64_all/bcc/bcc_00436.png
bcc,synth,data/synthetic/ddpm64_all/bcc/bcc_00437.png
bcc,synth,data/synthetic/ddpm64_all/bcc/bcc_00438.png
bcc,synth,data/synthetic/ddpm64_all/bcc/bcc_00439.png
bcc,synth,data/synthetic/ddpm64_all/bcc/bcc_00440.png
bcc,synth,data/synthetic/ddpm64_all/bcc/bcc_00441.png
bcc,synth,data/synthetic/ddpm64_all/bcc/bcc_00442.png
bcc,synth,data/synthetic/ddpm64_all/bcc/bcc_00443.png
bcc,synth,data/synthetic/ddpm64_all/bcc/bcc_00444.png
bcc,synth,data/synthetic/ddpm64_all/bcc/bcc_00445.png
bcc,synth,data/synthetic/ddpm64_all/bcc/bcc_00446.png
bcc,synth,data/synthetic/ddpm64_all/bcc/bcc_00447.png
bcc,synth,data/synthetic/ddpm64_all/bcc/bcc_00448.png
bcc,synth,data/synthetic/ddpm64_all/bcc/bcc_00449.png
bcc,synth,data/synthetic/ddpm64_all/bcc/bcc_00450.png
bcc,synth,data/synthetic/ddpm64_all/bcc/bcc_00451.png
bcc,synth,data/synthetic/ddpm64_all/bcc/bcc_00452.png
bcc,synth,data/synthetic/ddpm64_all/bcc/bcc_00453.png
bcc,synth,data/synthetic/ddpm64_all/bcc/bcc_00454.png
bcc,synth,data/synthetic/ddpm64_all/bcc/bcc_00455.png
bcc,synth,data/synthetic/ddpm64_all/bcc/bcc_00456.png
bcc,synth,data/synthetic/ddpm64_all/bcc/bcc_00457.png
bcc,synth,data/synthetic/ddpm64_all/bcc/bcc_00458.png
bcc,synth,data/synthetic/ddpm64_all/bcc/bcc_00459.png
bcc,synth,data/synthetic/ddpm64_all/bcc/bcc_00460.png
bcc,synth,data/synthetic/ddpm64_all/bcc/bcc_00461.png
bcc,synth,data/synthetic/ddpm64_all/bcc/bcc_00462.png
bcc,synth,data/synthetic/ddpm64_all/bcc/bcc_00463.png
bcc,synth,data/synthetic/ddpm64_all/bcc/bcc_00464.png
bcc,synth,data/synthetic/ddpm64_all/bcc/bcc_00465.png
bcc,synth,data/synthetic/ddpm64_all/bcc/bcc_00466.png
bcc,synth,data/synthetic/ddpm64_all/bcc/bcc_00467.png
bcc,synth,data/synthetic/ddpm64_all/bcc/bcc_00468.png
bcc,synth,data/synthetic/ddpm64_all/bcc/bcc_00469.png
bcc,synth,data/synthetic/ddpm64_all/bcc/bcc_00470.png
bcc,synth,data/synthetic/ddpm64_all/bcc/bcc_00471.png
bcc,synth,data/synthetic/ddpm64_all/bcc/bcc_00472.png
bcc,synth,data/synthetic/ddpm64_all/bcc/bcc_00473.png
bcc,synth,data/synthetic/ddpm64_all/bcc/bcc_00474.png
bcc,synth,data/synthetic/ddpm64_all/bcc/bcc_00475.png
bcc,synth,data/synthetic/ddpm64_all/bcc/bcc_00476.png
bcc,synth,data/synthetic/ddpm64_all/bcc/bcc_00477.png
bcc,synth,data/synthetic/ddpm64_all/bcc/bcc_00478.png
bcc,synth,data/synthetic/ddpm64_all/bcc/bcc_00479.png
bcc,synth,data/synthetic/ddpm64_all/bcc/bcc_00480.png
bcc,synth,data/synthetic/ddpm64_all/bcc/bcc_00481.png
bcc,synth,data/synthetic/ddpm64_all/bcc/bcc_00482.png
bcc,synth,data/synthetic/ddpm64_all/bcc/bcc_00483.png
bcc,synth,data/synthetic/ddpm64_all/bcc/bcc_00484.png
bcc,synth,data/synthetic/ddpm64_all/bcc/bcc_00485.png
bcc,synth,data/synthetic/ddpm64_all/bcc/bcc_00486.png
bcc,synth,data/synthetic/ddpm64_all/bcc/bcc_00487.png
bcc,synth,data/synthetic/ddpm64_all/bcc/bcc_00488.png
bcc,synth,data/synthetic/ddpm64_all/bcc/bcc_00489.png
bcc,synth,data/synthetic/ddpm64_all/bcc/bcc_00490.png
bcc,synth,data/synthetic/ddpm64_all/bcc/bcc_00491.png
bcc,synth,data/synthetic/ddpm64_all/bcc/bcc_00492.png
bcc,synth,data/synthetic/ddpm64_all/bcc/bcc_00493.png
bcc,synth,data/synthetic/ddpm64_all/bcc/bcc_00494.png
bcc,synth,data/synthetic/ddpm64_all/bcc/bcc_00495.png
bcc,synth,data/synthetic/ddpm64_all/bcc/bcc_00496.png
bcc,synth,data/synthetic/ddpm64_all/bcc/bcc_00497.png
bcc,synth,data/synthetic/ddpm64_all/bcc/bcc_00498.png
bcc,synth,data/synthetic/ddpm64_all/bcc/bcc_00499.png
bcc,synth,data/synthetic/ddpm64_all/bcc/bcc_00500.png
bcc,synth,data/synthetic/ddpm64_all/bcc/bcc_00501.png
bcc,synth,data/synthetic/ddpm64_all/bcc/bcc_00502.png
bcc,synth,data/synthetic/ddpm64_all/bcc/bcc_00503.png
bcc,synth,data/synthetic/ddpm64_all/bcc/bcc_00504.png
bcc,synth,data/synthetic/ddpm64_all/bcc/bcc_00505.png
bcc,synth,data/synthetic/ddpm64_all/bcc/bcc_00506.png
bcc,synth,data/synthetic/ddpm64_all/bcc/bcc_00507.png
bcc,synth,data/synthetic/ddpm64_all/bcc/bcc_00508.png
bcc,synth,data/synthetic/ddpm64_all/bcc/bcc_00509.png
bcc,synth,data/synthetic/ddpm64_all/bcc/bcc_00510.png
bcc,synth,data/synthetic/ddpm64_all/bcc/bcc_00511.png
bcc,synth,data/synthetic/ddpm64_all/bcc/bcc_00512.png
bcc,synth,data/synthetic/ddpm64_all/bcc/bcc_00513.png
bcc,synth,data/synthetic/ddpm64_all/bcc/bcc_00514.png
bcc,synth,data/synthetic/ddpm64_all/bcc/bcc_00515.png
bcc,synth,data/synthetic/ddpm64_all/bcc/bcc_00516.png
bcc,synth,data/synthetic/ddpm64_all/bcc/bcc_00517.png
bcc,synth,data/synthetic/ddpm64_all/bcc/bcc_00518.png
bcc,synth,data/synthetic/ddpm64_all/bcc/bcc_00519.png
bcc,synth,data/synthetic/ddpm64_all/bcc/bcc_00520.png
bcc,synth,data/synthetic/ddpm64_all/bcc/bcc_00521.png
bcc,synth,data/synthetic/ddpm64_all/bcc/bcc_00522.png
bcc,synth,data/synthetic/ddpm64_all/bcc/bcc_00523.png
bcc,synth,data/synthetic/ddpm64_all/bcc/bcc_00524.png
bcc,synth,data/synthetic/ddpm64_all/bcc/bcc_00525.png
bcc,synth,data/synthetic/ddpm64_all/bcc/bcc_00526.png
bcc,synth,data/synthetic/ddpm64_all/bcc/bcc_00527.png
bcc,synth,data/synthetic/ddpm64_all/bcc/bcc_00528.png
bcc,synth,data/synthetic/ddpm64_all/bcc/bcc_00529.png
bcc,synth,data/synthetic/ddpm64_all/bcc/bcc_00530.png
bcc,synth,data/synthetic/ddpm64_all/bcc/bcc_00531.png
bcc,synth,data/synthetic/ddpm64_all/bcc/bcc_00532.png
bcc,synth,data/synthetic/ddpm64_all/bcc/bcc_00533.png
bcc,synth,data/synthetic/ddpm64_all/bcc/bcc_00534.png
bcc,synth,data/synthetic/ddpm64_all/bcc/bcc_00535.png
bcc,synth,data/synthetic/ddpm64_all/bcc/bcc_00536.png
bcc,synth,data/synthetic/ddpm64_all/bcc/bcc_00537.png
bcc,synth,data/synthetic/ddpm64_all/bcc/bcc_00538.png
bcc,synth,data/synthetic/ddpm64_all/bcc/bcc_00539.png
bcc,synth,data/synthetic/ddpm64_all/bcc/bcc_00540.png
bcc,synth,data/synthetic/ddpm64_all/bcc/bcc_00541.png
bcc,synth,data/synthetic/ddpm64_all/bcc/bcc_00542.png
bcc,synth,data/synthetic/ddpm64_all/bcc/bcc_00543.png
bcc,synth,data/synthetic/ddpm64_all/bcc/bcc_00544.png
bcc,synth,data/synthetic/ddpm64_all/bcc/bcc_00545.png
bcc,synth,data/synthetic/ddpm64_all/bcc/bcc_00546.png
bcc,synth,data/synthetic/ddpm64_all/bcc/bcc_00547.png
bcc,synth,data/synthetic/ddpm64_all/bcc/bcc_00548.png
bcc,synth,data/synthetic/ddpm64_all/bcc/bcc_00549.png
bcc,synth,data/synthetic/ddpm64_all/bcc/bcc_00550.png
bcc,synth,data/synthetic/ddpm64_all/bcc/bcc_00551.png
bcc,synth,data/synthetic/ddpm64_all/bcc/bcc_00552.png
bcc,synth,data/synthetic/ddpm64_all/bcc/bcc_00553.png
bcc,synth,data/synthetic/ddpm64_all/bcc/bcc_00554.png
bcc,synth,data/synthetic/ddpm64_all/bcc/bcc_00555.png
bcc,synth,data/synthetic/ddpm64_all/bcc/bcc_00556.png
bcc,synth,data/synthetic/ddpm64_all/bcc/bcc_00557.png
bcc,synth,data/synthetic/ddpm64_all/bcc/bcc_00558.png
bcc,synth,data/synthetic/ddpm64_all/bcc/bcc_00559.png
bcc,synth,data/synthetic/ddpm64_all/bcc/bcc_00560.png
bcc,synth,data/synthetic/ddpm64_all/bcc/bcc_00561.png
bcc,synth,data/synthetic/ddpm64_all/bcc/bcc_00562.png
bcc,synth,data/synthetic/ddpm64_all/bcc/bcc_00563.png
bcc,synth,data/synthetic/ddpm64_all/bcc/bcc_00564.png
bcc,synth,data/synthetic/ddpm64_all/bcc/bcc_00565.png
bcc,synth,data/synthetic/ddpm64_all/bcc/bcc_00566.png
bcc,synth,data/synthetic/ddpm64_all/bcc/bcc_00567.png
bcc,synth,data/synthetic/ddpm64_all/bcc/bcc_00568.png
bcc,synth,data/synthetic/ddpm64_all/bcc/bcc_00569.png
bcc,synth,data/synthetic/ddpm64_all/bcc/bcc_00570.png
bcc,synth,data/synthetic/ddpm64_all/bcc/bcc_00571.png
bcc,synth,data/synthetic/ddpm64_all/bcc/bcc_00572.png
bcc,synth,data/synthetic/ddpm64_all/bcc/bcc_00573.png
bcc,synth,data/synthetic/ddpm64_all/bcc/bcc_00574.png
bcc,synth,data/synthetic/ddpm64_all/bcc/bcc_00575.png
bcc,synth,data/synthetic/ddpm64_all/bcc/bcc_00576.png
bcc,synth,data/synthetic/ddpm64_all/bcc/bcc_00577.png
bcc,synth,data/synthetic/ddpm64_all/bcc/bcc_00578.png
bcc,synth,data/synthetic/ddpm64_all/bcc/bcc_00579.png
bcc,synth,data/synthetic/ddpm64_all/bcc/bcc_00580.png
bcc,synth,data/synthetic/ddpm64_all/bcc/bcc_00581.png
bcc,synth,data/synthetic/ddpm64_all/bcc/bcc_00582.png
bcc,synth,data/synthetic/ddpm64_all/bcc/bcc_00583.png
bcc,synth,data/synthetic/ddpm64_all/bcc/bcc_00584.png
bcc,synth,data/synthetic/ddpm64_all/bcc/bcc_00585.png
bcc,synth,data/synthetic/ddpm64_all/bcc/bcc_00586.png
bcc,synth,data/synthetic/ddpm64_all/bcc/bcc_00587.png
bcc,synth,data/synthetic/ddpm64_all/bcc/bcc_00588.png
bcc,synth,data/synthetic/ddpm64_all/bcc/bcc_00589.png
bcc,synth,data/synthetic/ddpm64_all/bcc/bcc_00590.png
bcc,synth,data/synthetic/ddpm64_all/bcc/bcc_00591.png
bcc,synth,data/synthetic/ddpm64_all/bcc/bcc_00592.png
bcc,synth,data/synthetic/ddpm64_all/bcc/bcc_00593.png
bcc,synth,data/synthetic/ddpm64_all/bcc/bcc_00594.png
bcc,synth,data/synthetic/ddpm64_all/bcc/bcc_00595.png
bcc,synth,data/synthetic/ddpm64_all/bcc/bcc_00596.png
bcc,synth,data/synthetic/ddpm64_all/bcc/bcc_00597.png
bcc,synth,data/synthetic/ddpm64_all/bcc/bcc_00598.png
bcc,synth,data/synthetic/ddpm64_all/bcc/bcc_00599.png
bcc,synth,data/synthetic/ddpm64_all/bcc/bcc_00600.png
bcc,synth,data/synthetic/ddpm64_all/bcc/bcc_00601.png
bcc,synth,data/synthetic/ddpm64_all/bcc/bcc_00602.png
bcc,synth,data/synthetic/ddpm64_all/bcc/bcc_00603.png
bcc,synth,data/synthetic/ddpm64_all/bcc/bcc_00604.png
bcc,synth,data/synthetic/ddpm64_all/bcc/bcc_00605.png
bcc,synth,data/synthetic/ddpm64_all/bcc/bcc_00606.png
bcc,synth,data/synthetic/ddpm64_all/bcc/bcc_00607.png
bcc,synth,data/synthetic/ddpm64_all/bcc/bcc_00608.png
bcc,synth,data/synthetic/ddpm64_all/bcc/bcc_00609.png
bcc,synth,data/synthetic/ddpm64_all/bcc/bcc_00610.png
bcc,synth,data/synthetic/ddpm64_all/bcc/bcc_00611.png
bcc,synth,data/synthetic/ddpm64_all/bcc/bcc_00612.png
bcc,synth,data/synthetic/ddpm64_all/bcc/bcc_00613.png
bcc,synth,data/synthetic/ddpm64_all/bcc/bcc_00614.png
bcc,synth,data/synthetic/ddpm64_all/bcc/bcc_00615.png
bcc,synth,data/synthetic/ddpm64_all/bcc/bcc_00616.png
bcc,synth,data/synthetic/ddpm64_all/bcc/bcc_00617.png
bcc,synth,data/synthetic/ddpm64_all/bcc/bcc_00618.png
bcc,synth,data/synthetic/ddpm64_all/bcc/bcc_00619.png
bcc,synth,data/synthetic/ddpm64_all/bcc/bcc_00620.png
bcc,synth,data/synthetic/ddpm64_all/bcc/bcc_00621.png
bcc,synth,data/synthetic/ddpm64_all/bcc/bcc_00622.png
bcc,synth,data/synthetic/ddpm64_all/bcc/bcc_00623.png
bcc,synth,data/synthetic/ddpm64_all/bcc/bcc_00624.png
bcc,synth,data/synthetic/ddpm64_all/bcc/bcc_00625.png
bcc,synth,data/synthetic/ddpm64_all/bcc/bcc_00626.png
bcc,synth,data/synthetic/ddpm64_all/bcc/bcc_00627.png
bcc,synth,data/synthetic/ddpm64_all/bcc/bcc_00628.png
bcc,synth,data/synthetic/ddpm64_all/bcc/bcc_00629.png
bcc,synth,data/synthetic/ddpm64_all/bcc/bcc_00630.png
bcc,synth,data/synthetic/ddpm64_all/bcc/bcc_00631.png
bcc,synth,data/synthetic/ddpm64_all/bcc/bcc_00632.png
bcc,synth,data/synthetic/ddpm64_all/bcc/bcc_00633.png
bcc,synth,data/synthetic/ddpm64_all/bcc/bcc_00634.png
bcc,synth,data/synthetic/ddpm64_all/bcc/bcc_00635.png
bcc,synth,data/synthetic/ddpm64_all/bcc/bcc_00636.png
bcc,synth,data/synthetic/ddpm64_all/bcc/bcc_00637.png
bcc,synth,data/synthetic/ddpm64_all/bcc/bcc_00638.png
bcc,synth,data/synthetic/ddpm64_all/bcc/bcc_00639.png
bcc,synth,data/synthetic/ddpm64_all/bcc/bcc_00640.png
bcc,synth,data/synthetic/ddpm64_all/bcc/bcc_00641.png
bcc,synth,data/synthetic/ddpm64_all/bcc/bcc_00642.png
bcc,synth,data/synthetic/ddpm64_all/bcc/bcc_00643.png
bcc,synth,data/synthetic/ddpm64_all/bcc/bcc_00644.png
bcc,synth,data/synthetic/ddpm64_all/bcc/bcc_00645.png
bcc,synth,data/synthetic/ddpm64_all/bcc/bcc_00646.png
bcc,synth,data/synthetic/ddpm64_all/bcc/bcc_00647.png
bcc,synth,data/synthetic/ddpm64_all/bcc/bcc_00648.png
bcc,synth,data/synthetic/ddpm64_all/bcc/bcc_00649.png
bcc,synth,data/synthetic/ddpm64_all/bcc/bcc_00650.png
bcc,synth,data/synthetic/ddpm64_all/bcc/bcc_00651.png
bcc,synth,data/synthetic/ddpm64_all/bcc/bcc_00652.png
bcc,synth,data/synthetic/ddpm64_all/bcc/bcc_00653.png
bcc,synth,data/synthetic/ddpm64_all/bcc/bcc_00654.png
bcc,synth,data/synthetic/ddpm64_all/bcc/bcc_00655.png
bcc,synth,data/synthetic/ddpm64_all/bcc/bcc_00656.png
bcc,synth,data/synthetic/ddpm64_all/bcc/bcc_00657.png
bcc,synth,data/synthetic/ddpm64_all/bcc/bcc_00658.png
bcc,synth,data/synthetic/ddpm64_all/bcc/bcc_00659.png
bcc,synth,data/synthetic/ddpm64_all/bcc/bcc_00660.png
bcc,synth,data/synthetic/ddpm64_all/bcc/bcc_00661.png
bcc,synth,data/synthetic/ddpm64_all/bcc/bcc_00662.png
bcc,synth,data/synthetic/ddpm64_all/bcc/bcc_00663.png
bcc,synth,data/synthetic/ddpm64_all/bcc/bcc_00664.png
bcc,synth,data/synthetic/ddpm64_all/bcc/bcc_00665.png
bcc,synth,data/synthetic/ddpm64_all/bcc/bcc_00666.png
bcc,synth,data/synthetic/ddpm64_all/bcc/bcc_00667.png
bcc,synth,data/synthetic/ddpm64_all/bcc/bcc_00668.png
bcc,synth,data/synthetic/ddpm64_all/bcc/bcc_00669.png
bcc,synth,data/synthetic/ddpm64_all/bcc/bcc_00670.png
bcc,synth,data/synthetic/ddpm64_all/bcc/bcc_00671.png
bcc,synth,data/synthetic/ddpm64_all/bcc/bcc_00672.png
bcc,synth,data/synthetic/ddpm64_all/bcc/bcc_00673.png
bcc,synth,data/synthetic/ddpm64_all/bcc/bcc_00674.png
bcc,synth,data/synthetic/ddpm64_all/bcc/bcc_00675.png
bcc,synth,data/synthetic/ddpm64_all/bcc/bcc_00676.png
bcc,synth,data/synthetic/ddpm64_all/bcc/bcc_00677.png
bcc,synth,data/synthetic/ddpm64_all/bcc/bcc_00678.png
bcc,synth,data/synthetic/ddpm64_all/bcc/bcc_00679.png
bcc,synth,data/synthetic/ddpm64_all/bcc/bcc_00680.png
bcc,synth,data/synthetic/ddpm64_all/bcc/bcc_00681.png
bcc,synth,data/synthetic/ddpm64_all/bcc/bcc_00682.png
bcc,synth,data/synthetic/ddpm64_all/bcc/bcc_00683.png
bcc,synth,data/synthetic/ddpm64_all/bcc/bcc_00684.png
bcc,synth,data/synthetic/ddpm64_all/bcc/bcc_00685.png
bcc,synth,data/synthetic/ddpm64_all/bcc/bcc_00686.png
bcc,synth,data/synthetic/ddpm64_all/bcc/bcc_00687.png
bcc,synth,data/synthetic/ddpm64_all/bcc/bcc_00688.png
bcc,synth,data/synthetic/ddpm64_all/bcc/bcc_00689.png
bcc,synth,data/synthetic/ddpm64_all/bcc/bcc_00690.png
bcc,synth,data/synthetic/ddpm64_all/bcc/bcc_00691.png
bcc,synth,data/synthetic/ddpm64_all/bcc/bcc_00692.png
bcc,synth,data/synthetic/ddpm64_all/bcc/bcc_00693.png
bcc,synth,data/synthetic/ddpm64_all/bcc/bcc_00694.png
bcc,synth,data/synthetic/ddpm64_all/bcc/bcc_00695.png
bcc,synth,data/synthetic/ddpm64_all/bcc/bcc_00696.png
bcc,synth,data/synthetic/ddpm64_all/bcc/bcc_00697.png
bcc,synth,data/synthetic/ddpm64_all/bcc/bcc_00698.png
bcc,synth,data/synthetic/ddpm64_all/bcc/bcc_00699.png
bcc,synth,data/synthetic/ddpm64_all/bcc/bcc_00700.png
bcc,synth,data/synthetic/ddpm64_all/bcc/bcc_00701.png
bcc,synth,data/synthetic/ddpm64_all/bcc/bcc_00702.png
bcc,synth,data/synthetic/ddpm64_all/bcc/bcc_00703.png
bcc,synth,data/synthetic/ddpm64_all/bcc/bcc_00704.png
bcc,synth,data/synthetic/ddpm64_all/bcc/bcc_00705.png
bcc,synth,data/synthetic/ddpm64_all/bcc/bcc_00706.png
bcc,synth,data/synthetic/ddpm64_all/bcc/bcc_00707.png
bcc,synth,data/synthetic/ddpm64_all/bcc/bcc_00708.png
bcc,synth,data/synthetic/ddpm64_all/bcc/bcc_00709.png
bcc,synth,data/synthetic/ddpm64_all/bcc/bcc_00710.png
bcc,synth,data/synthetic/ddpm64_all/bcc/bcc_00711.png
bcc,synth,data/synthetic/ddpm64_all/bcc/bcc_00712.png
bcc,synth,data/synthetic/ddpm64_all/bcc/bcc_00713.png
bcc,synth,data/synthetic/ddpm64_all/bcc/bcc_00714.png
bcc,synth,data/synthetic/ddpm64_all/bcc/bcc_00715.png
bcc,synth,data/synthetic/ddpm64_all/bcc/bcc_00716.png
bcc,synth,data/synthetic/ddpm64_all/bcc/bcc_00717.png
bcc,synth,data/synthetic/ddpm64_all/bcc/bcc_00718.png
bcc,synth,data/synthetic/ddpm64_all/bcc/bcc_00719.png
bcc,synth,data/synthetic/ddpm64_all/bcc/bcc_00720.png
bcc,synth,data/synthetic/ddpm64_all/bcc/bcc_00721.png
bcc,synth,data/synthetic/ddpm64_all/bcc/bcc_00722.png
bcc,synth,data/synthetic/ddpm64_all/bcc/bcc_00723.png
bcc,synth,data/synthetic/ddpm64_all/bcc/bcc_00724.png
bcc,synth,data/synthetic/ddpm64_all/bcc/bcc_00725.png
bcc,synth,data/synthetic/ddpm64_all/bcc/bcc_00726.png
bcc,synth,data/synthetic/ddpm64_all/bcc/bcc_00727.png
bcc,synth,data/synthetic/ddpm64_all/bcc/bcc_00728.png
bcc,synth,data/synthetic/ddpm64_all/bcc/bcc_00729.png
bcc,synth,data/synthetic/ddpm64_all/bcc/bcc_00730.png
bcc,synth,data/synthetic/ddpm64_all/bcc/bcc_00731.png
bcc,synth,data/synthetic/ddpm64_all/bcc/bcc_00732.png
bcc,synth,data/synthetic/ddpm64_all/bcc/bcc_00733.png
bcc,synth,data/synthetic/ddpm64_all/bcc/bcc_00734.png
bcc,synth,data/synthetic/ddpm64_all/bcc/bcc_00735.png
bcc,synth,data/synthetic/ddpm64_all/bcc/bcc_00736.png
bcc,synth,data/synthetic/ddpm64_all/bcc/bcc_00737.png
bcc,synth,data/synthetic/ddpm64_all/bcc/bcc_00738.png
bcc,synth,data/synthetic/ddpm64_all/bcc/bcc_00739.png
bcc,synth,data/synthetic/ddpm64_all/bcc/bcc_00740.png
bcc,synth,data/synthetic/ddpm64_all/bcc/bcc_00741.png
bcc,synth,data/synthetic/ddpm64_all/bcc/bcc_00742.png
bcc,synth,data/synthetic/ddpm64_all/bcc/bcc_00743.png
bcc,synth,data/synthetic/ddpm64_all/bcc/bcc_00744.png
bcc,synth,data/synthetic/ddpm64_all/bcc/bcc_00745.png
bcc,synth,data/synthetic/ddpm64_all/bcc/bcc_00746.png
bcc,synth,data/synthetic/ddpm64_all/bcc/bcc_00747.png
bcc,synth,data/synthetic/ddpm64_all/bcc/bcc_00748.png
bcc,synth,data/synthetic/ddpm64_all/bcc/bcc_00749.png
bcc,synth,data/synthetic/ddpm64_all/bcc/bcc_00750.png
bcc,synth,data/synthetic/ddpm64_all/bcc/bcc_00751.png
bcc,synth,data/synthetic/ddpm64_all/bcc/bcc_00752.png
bcc,synth,data/synthetic/ddpm64_all/bcc/bcc_00753.png
bcc,synth,data/synthetic/ddpm64_all/bcc/bcc_00754.png
bcc,synth,data/synthetic/ddpm64_all/bcc/bcc_00755.png
bcc,synth,data/synthetic/ddpm64_all/bcc/bcc_00756.png
bcc,synth,data/synthetic/ddpm64_all/bcc/bcc_00757.png
bcc,synth,data/synthetic/ddpm64_all/bcc/bcc_00758.png
bcc,synth,data/synthetic/ddpm64_all/bcc/bcc_00759.png
bcc,synth,data/synthetic/ddpm64_all/bcc/bcc_00760.png
bcc,synth,data/synthetic/ddpm64_all/bcc/bcc_00761.png
bcc,synth,data/synthetic/ddpm64_all/bcc/bcc_00762.png
bcc,synth,data/synthetic/ddpm64_all/bcc/bcc_00763.png
bcc,synth,data/synthetic/ddpm64_all/bcc/bcc_00764.png
bcc,synth,data/synthetic/ddpm64_all/bcc/bcc_00765.png
bcc,synth,data/synthetic/ddpm64_all/bcc/bcc_00766.png
bcc,synth,data/synthetic/ddpm64_all/bcc/bcc_00767.png
bcc,synth,data/synthetic/ddpm64_all/bcc/bcc_00768.png
bcc,synth,data/synthetic/ddpm64_all/bcc/bcc_00769.png
bcc,synth,data/synthetic/ddpm64_all/bcc/bcc_00770.png
bcc,synth,data/synthetic/ddpm64_all/bcc/bcc_00771.png
bcc,synth,data/synthetic/ddpm64_all/bcc/bcc_00772.png
bcc,synth,data/synthetic/ddpm64_all/bcc/bcc_00773.png
bcc,synth,data/synthetic/ddpm64_all/bcc/bcc_00774.png
bcc,synth,data/synthetic/ddpm64_all/bcc/bcc_00775.png
bcc,synth,data/synthetic/ddpm64_all/bcc/bcc_00776.png
bcc,synth,data/synthetic/ddpm64_all/bcc/bcc_00777.png
bcc,synth,data/synthetic/ddpm64_all/bcc/bcc_00778.png
bcc,synth,data/synthetic/ddpm64_all/bcc/bcc_00779.png
bcc,synth,data/synthetic/ddpm64_all/bcc/bcc_00780.png
bcc,synth,data/synthetic/ddpm64_all/bcc/bcc_00781.png
bcc,synth,data/synthetic/ddpm64_all/bcc/bcc_00782.png
bcc,synth,data/synthetic/ddpm64_all/bcc/bcc_00783.png
bcc,synth,data/synthetic/ddpm64_all/bcc/bcc_00784.png
bcc,synth,data/synthetic/ddpm64_all/bcc/bcc_00785.png
bcc,synth,data/synthetic/ddpm64_all/bcc/bcc_00786.png
bcc,synth,data/synthetic/ddpm64_all/bcc/bcc_00787.png
bcc,synth,data/synthetic/ddpm64_all/bcc/bcc_00788.png
bcc,synth,data/synthetic/ddpm64_all/bcc/bcc_00789.png
bcc,synth,data/synthetic/ddpm64_all/bcc/bcc_00790.png
bcc,synth,data/synthetic/ddpm64_all/bcc/bcc_00791.png
bcc,synth,data/synthetic/ddpm64_all/bcc/bcc_00792.png
bcc,synth,data/synthetic/ddpm64_all/bcc/bcc_00793.png
bcc,synth,data/synthetic/ddpm64_all/bcc/bcc_00794.png
bcc,synth,data/synthetic/ddpm64_all/bcc/bcc_00795.png
bcc,synth,data/synthetic/ddpm64_all/bcc/bcc_00796.png
bcc,synth,data/synthetic/ddpm64_all/bcc/bcc_00797.png
bcc,synth,data/synthetic/ddpm64_all/bcc/bcc_00798.png
bcc,synth,data/synthetic/ddpm64_all/bcc/bcc_00799.png
bcc,synth,data/synthetic/ddpm64_all/bcc/bcc_00800.png
bcc,synth,data/synthetic/ddpm64_all/bcc/bcc_00801.png
bcc,synth,data/synthetic/ddpm64_all/bcc/bcc_00802.png
bcc,synth,data/synthetic/ddpm64_all/bcc/bcc_00803.png
bcc,synth,data/synthetic/ddpm64_all/bcc/bcc_00804.png
bcc,synth,data/synthetic/ddpm64_all/bcc/bcc_00805.png
bcc,synth,data/synthetic/ddpm64_all/bcc/bcc_00806.png
bcc,synth,data/synthetic/ddpm64_all/bcc/bcc_00807.png
bcc,synth,data/synthetic/ddpm64_all/bcc/bcc_00808.png
bcc,synth,data/synthetic/ddpm64_all/bcc/bcc_00809.png
bcc,synth,data/synthetic/ddpm64_all/bcc/bcc_00810.png
bcc,synth,data/synthetic/ddpm64_all/bcc/bcc_00811.png
bcc,synth,data/synthetic/ddpm64_all/bcc/bcc_00812.png
bcc,synth,data/synthetic/ddpm64_all/bcc/bcc_00813.png
bcc,synth,data/synthetic/ddpm64_all/bcc/bcc_00814.png
bcc,synth,data/synthetic/ddpm64_all/bcc/bcc_00815.png
bcc,synth,data/synthetic/ddpm64_all/bcc/bcc_00816.png
bcc,synth,data/synthetic/ddpm64_all/bcc/bcc_00817.png
bcc,synth,data/synthetic/ddpm64_all/bcc/bcc_00818.png
bcc,synth,data/synthetic/ddpm64_all/bcc/bcc_00819.png
bcc,synth,data/synthetic/ddpm64_all/bcc/bcc_00820.png
bcc,synth,data/synthetic/ddpm64_all/bcc/bcc_00821.png
bcc,synth,data/synthetic/ddpm64_all/bcc/bcc_00822.png
bcc,synth,data/synthetic/ddpm64_all/bcc/bcc_00823.png
bcc,synth,data/synthetic/ddpm64_all/bcc/bcc_00824.png
bcc,synth,data/synthetic/ddpm64_all/bcc/bcc_00825.png
bcc,synth,data/synthetic/ddpm64_all/bcc/bcc_00826.png
bcc,synth,data/synthetic/ddpm64_all/bcc/bcc_00827.png
bcc,synth,data/synthetic/ddpm64_all/bcc/bcc_00828.png
bcc,synth,data/synthetic/ddpm64_all/bcc/bcc_00829.png
bcc,synth,data/synthetic/ddpm64_all/bcc/bcc_00830.png
bcc,synth,data/synthetic/ddpm64_all/bcc/bcc_00831.png
bcc,synth,data/synthetic/ddpm64_all/bcc/bcc_00832.png
bcc,synth,data/synthetic/ddpm64_all/bcc/bcc_00833.png
bcc,synth,data/synthetic/ddpm64_all/bcc/bcc_00834.png
bcc,synth,data/synthetic/ddpm64_all/bcc/bcc_00835.png
bcc,synth,data/synthetic/ddpm64_all/bcc/bcc_00836.png
bcc,synth,data/synthetic/ddpm64_all/bcc/bcc_00837.png
bcc,synth,data/synthetic/ddpm64_all/bcc/bcc_00838.png
bcc,synth,data/synthetic/ddpm64_all/bcc/bcc_00839.png
bcc,synth,data/synthetic/ddpm64_all/bcc/bcc_00840.png
bcc,synth,data/synthetic/ddpm64_all/bcc/bcc_00841.png
bcc,synth,data/synthetic/ddpm64_all/bcc/bcc_00842.png
bcc,synth,data/synthetic/ddpm64_all/bcc/bcc_00843.png
bcc,synth,data/synthetic/ddpm64_all/bcc/bcc_00844.png
bcc,synth,data/synthetic/ddpm64_all/bcc/bcc_00845.png
bcc,synth,data/synthetic/ddpm64_all/bcc/bcc_00846.png
bcc,synth,data/synthetic/ddpm64_all/bcc/bcc_00847.png
bcc,synth,data/synthetic/ddpm64_all/bcc/bcc_00848.png
bcc,synth,data/synthetic/ddpm64_all/bcc/bcc_00849.png
bcc,synth,data/synthetic/ddpm64_all/bcc/bcc_00850.png
bcc,synth,data/synthetic/ddpm64_all/bcc/bcc_00851.png
bcc,synth,data/synthetic/ddpm64_all/bcc/bcc_00852.png
bcc,synth,data/synthetic/ddpm64_all/bcc/bcc_00853.png
bcc,synth,data/synthetic/ddpm64_all/bcc/bcc_00854.png
bcc,synth,data/synthetic/ddpm64_all/bcc/bcc_00855.png
bcc,synth,data/synthetic/ddpm64_all/bcc/bcc_00856.png
bcc,synth,data/synthetic/ddpm64_all/bcc/bcc_00857.png
bcc,synth,data/synthetic/ddpm64_all/bcc/bcc_00858.png
bcc,synth,data/synthetic/ddpm64_all/bcc/bcc_00859.png
bcc,synth,data/synthetic/ddpm64_all/bcc/bcc_00860.png
bcc,synth,data/synthetic/ddpm64_all/bcc/bcc_00861.png
bcc,synth,data/synthetic/ddpm64_all/bcc/bcc_00862.png
bcc,synth,data/synthetic/ddpm64_all/bcc/bcc_00863.png
bcc,synth,data/synthetic/ddpm64_all/bcc/bcc_00864.png
bcc,synth,data/synthetic/ddpm64_all/bcc/bcc_00865.png
bcc,synth,data/synthetic/ddpm64_all/bcc/bcc_00866.png
bcc,synth,data/synthetic/ddpm64_all/bcc/bcc_00867.png
bcc,synth,data/synthetic/ddpm64_all/bcc/bcc_00868.png
bcc,synth,data/synthetic/ddpm64_all/bcc/bcc_00869.png
bcc,synth,data/synthetic/ddpm64_all/bcc/bcc_00870.png
bcc,synth,data/synthetic/ddpm64_all/bcc/bcc_00871.png
bcc,synth,data/synthetic/ddpm64_all/bcc/bcc_00872.png
bcc,synth,data/synthetic/ddpm64_all/bcc/bcc_00873.png
bcc,synth,data/synthetic/ddpm64_all/bcc/bcc_00874.png
bcc,synth,data/synthetic/ddpm64_all/bcc/bcc_00875.png
bcc,synth,data/synthetic/ddpm64_all/bcc/bcc_00876.png
bcc,synth,data/synthetic/ddpm64_all/bcc/bcc_00877.png
bcc,synth,data/synthetic/ddpm64_all/bcc/bcc_00878.png
bcc,synth,data/synthetic/ddpm64_all/bcc/bcc_00879.png
bcc,synth,data/synthetic/ddpm64_all/bcc/bcc_00880.png
bcc,synth,data/synthetic/ddpm64_all/bcc/bcc_00881.png
bcc,synth,data/synthetic/ddpm64_all/bcc/bcc_00882.png
bcc,synth,data/synthetic/ddpm64_all/bcc/bcc_00883.png
bcc,synth,data/synthetic/ddpm64_all/bcc/bcc_00884.png
bcc,synth,data/synthetic/ddpm64_all/bcc/bcc_00885.png
bcc,synth,data/synthetic/ddpm64_all/bcc/bcc_00886.png
bcc,synth,data/synthetic/ddpm64_all/bcc/bcc_00887.png
bcc,synth,data/synthetic/ddpm64_all/bcc/bcc_00888.png
bcc,synth,data/synthetic/ddpm64_all/bcc/bcc_00889.png
bcc,synth,data/synthetic/ddpm64_all/bcc/bcc_00890.png
bcc,synth,data/synthetic/ddpm64_all/bcc/bcc_00891.png
bcc,synth,data/synthetic/ddpm64_all/bcc/bcc_00892.png
bcc,synth,data/synthetic/ddpm64_all/bcc/bcc_00893.png
bcc,synth,data/synthetic/ddpm64_all/bcc/bcc_00894.png
bcc,synth,data/synthetic/ddpm64_all/bcc/bcc_00895.png
bcc,synth,data/synthetic/ddpm64_all/bcc/bcc_00896.png
bcc,synth,data/synthetic/ddpm64_all/bcc/bcc_00897.png
bcc,synth,data/synthetic/ddpm64_all/bcc/bcc_00898.png
bcc,synth,data/synthetic/ddpm64_all/bcc/bcc_00899.png
bcc,synth,data/synthetic/ddpm64_all/bcc/bcc_00900.png
bcc,synth,data/synthetic/ddpm64_all/bcc/bcc_00901.png
bcc,synth,data/synthetic/ddpm64_all/bcc/bcc_00902.png
bcc,synth,data/synthetic/ddpm64_all/bcc/bcc_00903.png
bcc,synth,data/synthetic/ddpm64_all/bcc/bcc_00904.png
bcc,synth,data/synthetic/ddpm64_all/bcc/bcc_00905.png
bcc,synth,data/synthetic/ddpm64_all/bcc/bcc_00906.png
bcc,synth,data/synthetic/ddpm64_all/bcc/bcc_00907.png
bcc,synth,data/synthetic/ddpm64_all/bcc/bcc_00908.png
bcc,synth,data/synthetic/ddpm64_all/bcc/bcc_00909.png
bcc,synth,data/synthetic/ddpm64_all/bcc/bcc_00910.png
bcc,synth,data/synthetic/ddpm64_all/bcc/bcc_00911.png
bcc,synth,data/synthetic/ddpm64_all/bcc/bcc_00912.png
bcc,synth,data/synthetic/ddpm64_all/bcc/bcc_00913.png
bcc,synth,data/synthetic/ddpm64_all/bcc/bcc_00914.png
bcc,synth,data/synthetic/ddpm64_all/bcc/bcc_00915.png
bcc,synth,data/synthetic/ddpm64_all/bcc/bcc_00916.png
bcc,synth,data/synthetic/ddpm64_all/bcc/bcc_00917.png
bcc,synth,data/synthetic/ddpm64_all/bcc/bcc_00918.png
bcc,synth,data/synthetic/ddpm64_all/bcc/bcc_00919.png
bcc,synth,data/synthetic/ddpm64_all/bcc/bcc_00920.png
bcc,synth,data/synthetic/ddpm64_all/bcc/bcc_00921.png
bcc,synth,data/synthetic/ddpm64_all/bcc/bcc_00922.png
bcc,synth,data/synthetic/ddpm64_all/bcc/bcc_00923.png
bcc,synth,data/synthetic/ddpm64_all/bcc/bcc_00924.png
bcc,synth,data/synthetic/ddpm64_all/bcc/bcc_00925.png
bcc,synth,data/synthetic/ddpm64_all/bcc/bcc_00926.png
bcc,synth,data/synthetic/ddpm64_all/bcc/bcc_00927.png
bcc,synth,data/synthetic/ddpm64_all/bcc/bcc_00928.png
bcc,synth,data/synthetic/ddpm64_all/bcc/bcc_00929.png
bcc,synth,data/synthetic/ddpm64_all/bcc/bcc_00930.png
bcc,synth,data/synthetic/ddpm64_all/bcc/bcc_00931.png
bcc,synth,data/synthetic/ddpm64_all/bcc/bcc_00932.png
bcc,synth,data/synthetic/ddpm64_all/bcc/bcc_00933.png
bcc,synth,data/synthetic/ddpm64_all/bcc/bcc_00934.png
bcc,synth,data/synthetic/ddpm64_all/bcc/bcc_00935.png
bcc,synth,data/synthetic/ddpm64_all/bcc/bcc_00936.png
bcc,synth,data/synthetic/ddpm64_all/bcc/bcc_00937.png
bcc,synth,data/synthetic/ddpm64_all/bcc/bcc_00938.png
bcc,synth,data/synthetic/ddpm64_all/bcc/bcc_00939.png
bcc,synth,data/synthetic/ddpm64_all/bcc/bcc_00940.png
bcc,synth,data/synthetic/ddpm64_all/bcc/bcc_00941.png
bcc,synth,data/synthetic/ddpm64_all/bcc/bcc_00942.png
bcc,synth,data/synthetic/ddpm64_all/bcc/bcc_00943.png
bcc,synth,data/synthetic/ddpm64_all/bcc/bcc_00944.png
bcc,synth,data/synthetic/ddpm64_all/bcc/bcc_00945.png
bcc,synth,data/synthetic/ddpm64_all/bcc/bcc_00946.png
bcc,synth,data/synthetic/ddpm64_all/bcc/bcc_00947.png
bcc,synth,data/synthetic/ddpm64_all/bcc/bcc_00948.png
bcc,synth,data/synthetic/ddpm64_all/bcc/bcc_00949.png
bcc,synth,data/synthetic/ddpm64_all/bcc/bcc_00950.png
bcc,synth,data/synthetic/ddpm64_all/bcc/bcc_00951.png
bcc,synth,data/synthetic/ddpm64_all/bcc/bcc_00952.png
bcc,synth,data/synthetic/ddpm64_all/bcc/bcc_00953.png
bcc,synth,data/synthetic/ddpm64_all/bcc/bcc_00954.png
bcc,synth,data/synthetic/ddpm64_all/bcc/bcc_00955.png
bcc,synth,data/synthetic/ddpm64_all/bcc/bcc_00956.png
bcc,synth,data/synthetic/ddpm64_all/bcc/bcc_00957.png
bcc,synth,data/synthetic/ddpm64_all/bcc/bcc_00958.png
bcc,synth,data/synthetic/ddpm64_all/bcc/bcc_00959.png
bcc,synth,data/synthetic/ddpm64_all/bcc/bcc_00960.png
bcc,synth,data/synthetic/ddpm64_all/bcc/bcc_00961.png
bcc,synth,data/synthetic/ddpm64_all/bcc/bcc_00962.png
bcc,synth,data/synthetic/ddpm64_all/bcc/bcc_00963.png
bcc,synth,data/synthetic/ddpm64_all/bcc/bcc_00964.png
bcc,synth,data/synthetic/ddpm64_all/bcc/bcc_00965.png
bcc,synth,data/synthetic/ddpm64_all/bcc/bcc_00966.png
bcc,synth,data/synthetic/ddpm64_all/bcc/bcc_00967.png
bcc,synth,data/synthetic/ddpm64_all/bcc/bcc_00968.png
bcc,synth,data/synthetic/ddpm64_all/bcc/bcc_00969.png
bcc,synth,data/synthetic/ddpm64_all/bcc/bcc_00970.png
bcc,synth,data/synthetic/ddpm64_all/bcc/bcc_00971.png
bcc,synth,data/synthetic/ddpm64_all/bcc/bcc_00972.png
bcc,synth,data/synthetic/ddpm64_all/bcc/bcc_00973.png
bcc,synth,data/synthetic/ddpm64_all/bcc/bcc_00974.png
bcc,synth,data/synthetic/ddpm64_all/bcc/bcc_00975.png
bcc,synth,data/synthetic/ddpm64_all/bcc/bcc_00976.png
bcc,synth,data/synthetic/ddpm64_all/bcc/bcc_00977.png
bcc,synth,data/synthetic/ddpm64_all/bcc/bcc_00978.png
bcc,synth,data/synthetic/ddpm64_all/bcc/bcc_00979.png
bcc,synth,data/synthetic/ddpm64_all/bcc/bcc_00980.png
bcc,synth,data/synthetic/ddpm64_all/bcc/bcc_00981.png
bcc,synth,data/synthetic/ddpm64_all/bcc/bcc_00982.png
bcc,synth,data/synthetic/ddpm64_all/bcc/bcc_00983.png
bcc,synth,data/synthetic/ddpm64_all/bcc/bcc_00984.png
bcc,synth,data/synthetic/ddpm64_all/bcc/bcc_00985.png
bcc,synth,data/synthetic/ddpm64_all/bcc/bcc_00986.png
bcc,synth,data/synthetic/ddpm64_all/bcc/bcc_00987.png
bcc,synth,data/synthetic/ddpm64_all/bcc/bcc_00988.png
bcc,synth,data/synthetic/ddpm64_all/bcc/bcc_00989.png
bcc,synth,data/synthetic/ddpm64_all/bcc/bcc_00990.png
bcc,synth,data/synthetic/ddpm64_all/bcc/bcc_00991.png
bcc,synth,data/synthetic/ddpm64_all/bcc/bcc_00992.png
bcc,synth,data/synthetic/ddpm64_all/bcc/bcc_00993.png
bcc,synth,data/synthetic/ddpm64_all/bcc/bcc_00994.png
bcc,synth,data/synthetic/ddpm64_all/bcc/bcc_00995.png
bcc,synth,data/synthetic/ddpm64_all/bcc/bcc_00996.png
bcc,synth,data/synthetic/ddpm64_all/bcc/bcc_00997.png
bcc,synth,data/synthetic/ddpm64_all/bcc/bcc_00998.png
bcc,synth,data/synthetic/ddpm64_all/bcc/bcc_00999.png
bkl,synth,data/synthetic/ddpm64_all/bkl/bkl_00000.png
bkl,synth,data/synthetic/ddpm64_all/bkl/bkl_00001.png
bkl,synth,data/synthetic/ddpm64_all/bkl/bkl_00002.png
bkl,synth,data/synthetic/ddpm64_all/bkl/bkl_00003.png
bkl,synth,data/synthetic/ddpm64_all/bkl/bkl_00004.png
bkl,synth,data/synthetic/ddpm64_all/bkl/bkl_00005.png
bkl,synth,data/synthetic/ddpm64_all/bkl/bkl_00006.png
bkl,synth,data/synthetic/ddpm64_all/bkl/bkl_00007.png
bkl,synth,data/synthetic/ddpm64_all/bkl/bkl_00008.png
bkl,synth,data/synthetic/ddpm64_all/bkl/bkl_00009.png
bkl,synth,data/synthetic/ddpm64_all/bkl/bkl_00010.png
bkl,synth,data/synthetic/ddpm64_all/bkl/bkl_00011.png
bkl,synth,data/synthetic/ddpm64_all/bkl/bkl_00012.png
bkl,synth,data/synthetic/ddpm64_all/bkl/bkl_00013.png
bkl,synth,data/synthetic/ddpm64_all/bkl/bkl_00014.png
bkl,synth,data/synthetic/ddpm64_all/bkl/bkl_00015.png
bkl,synth,data/synthetic/ddpm64_all/bkl/bkl_00016.png
bkl,synth,data/synthetic/ddpm64_all/bkl/bkl_00017.png
bkl,synth,data/synthetic/ddpm64_all/bkl/bkl_00018.png
bkl,synth,data/synthetic/ddpm64_all/bkl/bkl_00019.png
bkl,synth,data/synthetic/ddpm64_all/bkl/bkl_00020.png
bkl,synth,data/synthetic/ddpm64_all/bkl/bkl_00021.png
bkl,synth,data/synthetic/ddpm64_all/bkl/bkl_00022.png
bkl,synth,data/synthetic/ddpm64_all/bkl/bkl_00023.png
bkl,synth,data/synthetic/ddpm64_all/bkl/bkl_00024.png
bkl,synth,data/synthetic/ddpm64_all/bkl/bkl_00025.png
bkl,synth,data/synthetic/ddpm64_all/bkl/bkl_00026.png
bkl,synth,data/synthetic/ddpm64_all/bkl/bkl_00027.png
bkl,synth,data/synthetic/ddpm64_all/bkl/bkl_00028.png
bkl,synth,data/synthetic/ddpm64_all/bkl/bkl_00029.png
bkl,synth,data/synthetic/ddpm64_all/bkl/bkl_00030.png
bkl,synth,data/synthetic/ddpm64_all/bkl/bkl_00031.png
bkl,synth,data/synthetic/ddpm64_all/bkl/bkl_00032.png
bkl,synth,data/synthetic/ddpm64_all/bkl/bkl_00033.png
bkl,synth,data/synthetic/ddpm64_all/bkl/bkl_00034.png
bkl,synth,data/synthetic/ddpm64_all/bkl/bkl_00035.png
bkl,synth,data/synthetic/ddpm64_all/bkl/bkl_00036.png
bkl,synth,data/synthetic/ddpm64_all/bkl/bkl_00037.png
bkl,synth,data/synthetic/ddpm64_all/bkl/bkl_00038.png
bkl,synth,data/synthetic/ddpm64_all/bkl/bkl_00039.png
bkl,synth,data/synthetic/ddpm64_all/bkl/bkl_00040.png
bkl,synth,data/synthetic/ddpm64_all/bkl/bkl_00041.png
bkl,synth,data/synthetic/ddpm64_all/bkl/bkl_00042.png
bkl,synth,data/synthetic/ddpm64_all/bkl/bkl_00043.png
bkl,synth,data/synthetic/ddpm64_all/bkl/bkl_00044.png
bkl,synth,data/synthetic/ddpm64_all/bkl/bkl_00045.png
bkl,synth,data/synthetic/ddpm64_all/bkl/bkl_00046.png
bkl,synth,data/synthetic/ddpm64_all/bkl/bkl_00047.png
bkl,synth,data/synthetic/ddpm64_all/bkl/bkl_00048.png
bkl,synth,data/synthetic/ddpm64_all/bkl/bkl_00049.png
bkl,synth,data/synthetic/ddpm64_all/bkl/bkl_00050.png
bkl,synth,data/synthetic/ddpm64_all/bkl/bkl_00051.png
bkl,synth,data/synthetic/ddpm64_all/bkl/bkl_00052.png
bkl,synth,data/synthetic/ddpm64_all/bkl/bkl_00053.png
bkl,synth,data/synthetic/ddpm64_all/bkl/bkl_00054.png
bkl,synth,data/synthetic/ddpm64_all/bkl/bkl_00055.png
bkl,synth,data/synthetic/ddpm64_all/bkl/bkl_00056.png
bkl,synth,data/synthetic/ddpm64_all/bkl/bkl_00057.png
bkl,synth,data/synthetic/ddpm64_all/bkl/bkl_00058.png
bkl,synth,data/synthetic/ddpm64_all/bkl/bkl_00059.png
bkl,synth,data/synthetic/ddpm64_all/bkl/bkl_00060.png
bkl,synth,data/synthetic/ddpm64_all/bkl/bkl_00061.png
bkl,synth,data/synthetic/ddpm64_all/bkl/bkl_00062.png
bkl,synth,data/synthetic/ddpm64_all/bkl/bkl_00063.png
bkl,synth,data/synthetic/ddpm64_all/bkl/bkl_00064.png
bkl,synth,data/synthetic/ddpm64_all/bkl/bkl_00065.png
bkl,synth,data/synthetic/ddpm64_all/bkl/bkl_00066.png
bkl,synth,data/synthetic/ddpm64_all/bkl/bkl_00067.png
bkl,synth,data/synthetic/ddpm64_all/bkl/bkl_00068.png
bkl,synth,data/synthetic/ddpm64_all/bkl/bkl_00069.png
bkl,synth,data/synthetic/ddpm64_all/bkl/bkl_00070.png
bkl,synth,data/synthetic/ddpm64_all/bkl/bkl_00071.png
bkl,synth,data/synthetic/ddpm64_all/bkl/bkl_00072.png
bkl,synth,data/synthetic/ddpm64_all/bkl/bkl_00073.png
bkl,synth,data/synthetic/ddpm64_all/bkl/bkl_00074.png
bkl,synth,data/synthetic/ddpm64_all/bkl/bkl_00075.png
bkl,synth,data/synthetic/ddpm64_all/bkl/bkl_00076.png
bkl,synth,data/synthetic/ddpm64_all/bkl/bkl_00077.png
bkl,synth,data/synthetic/ddpm64_all/bkl/bkl_00078.png
bkl,synth,data/synthetic/ddpm64_all/bkl/bkl_00079.png
bkl,synth,data/synthetic/ddpm64_all/bkl/bkl_00080.png
bkl,synth,data/synthetic/ddpm64_all/bkl/bkl_00081.png
bkl,synth,data/synthetic/ddpm64_all/bkl/bkl_00082.png
bkl,synth,data/synthetic/ddpm64_all/bkl/bkl_00083.png
bkl,synth,data/synthetic/ddpm64_all/bkl/bkl_00084.png
bkl,synth,data/synthetic/ddpm64_all/bkl/bkl_00085.png
bkl,synth,data/synthetic/ddpm64_all/bkl/bkl_00086.png
bkl,synth,data/synthetic/ddpm64_all/bkl/bkl_00087.png
bkl,synth,data/synthetic/ddpm64_all/bkl/bkl_00088.png
bkl,synth,data/synthetic/ddpm64_all/bkl/bkl_00089.png
bkl,synth,data/synthetic/ddpm64_all/bkl/bkl_00090.png
bkl,synth,data/synthetic/ddpm64_all/bkl/bkl_00091.png
bkl,synth,data/synthetic/ddpm64_all/bkl/bkl_00092.png
bkl,synth,data/synthetic/ddpm64_all/bkl/bkl_00093.png
bkl,synth,data/synthetic/ddpm64_all/bkl/bkl_00094.png
bkl,synth,data/synthetic/ddpm64_all/bkl/bkl_00095.png
bkl,synth,data/synthetic/ddpm64_all/bkl/bkl_00096.png
bkl,synth,data/synthetic/ddpm64_all/bkl/bkl_00097.png
bkl,synth,data/synthetic/ddpm64_all/bkl/bkl_00098.png
bkl,synth,data/synthetic/ddpm64_all/bkl/bkl_00099.png
bkl,synth,data/synthetic/ddpm64_all/bkl/bkl_00100.png
bkl,synth,data/synthetic/ddpm64_all/bkl/bkl_00101.png
bkl,synth,data/synthetic/ddpm64_all/bkl/bkl_00102.png
bkl,synth,data/synthetic/ddpm64_all/bkl/bkl_00103.png
bkl,synth,data/synthetic/ddpm64_all/bkl/bkl_00104.png
bkl,synth,data/synthetic/ddpm64_all/bkl/bkl_00105.png
bkl,synth,data/synthetic/ddpm64_all/bkl/bkl_00106.png
bkl,synth,data/synthetic/ddpm64_all/bkl/bkl_00107.png
bkl,synth,data/synthetic/ddpm64_all/bkl/bkl_00108.png
bkl,synth,data/synthetic/ddpm64_all/bkl/bkl_00109.png
bkl,synth,data/synthetic/ddpm64_all/bkl/bkl_00110.png
bkl,synth,data/synthetic/ddpm64_all/bkl/bkl_00111.png
bkl,synth,data/synthetic/ddpm64_all/bkl/bkl_00112.png
bkl,synth,data/synthetic/ddpm64_all/bkl/bkl_00113.png
bkl,synth,data/synthetic/ddpm64_all/bkl/bkl_00114.png
bkl,synth,data/synthetic/ddpm64_all/bkl/bkl_00115.png
bkl,synth,data/synthetic/ddpm64_all/bkl/bkl_00116.png
bkl,synth,data/synthetic/ddpm64_all/bkl/bkl_00117.png
bkl,synth,data/synthetic/ddpm64_all/bkl/bkl_00118.png
bkl,synth,data/synthetic/ddpm64_all/bkl/bkl_00119.png
bkl,synth,data/synthetic/ddpm64_all/bkl/bkl_00120.png
bkl,synth,data/synthetic/ddpm64_all/bkl/bkl_00121.png
bkl,synth,data/synthetic/ddpm64_all/bkl/bkl_00122.png
bkl,synth,data/synthetic/ddpm64_all/bkl/bkl_00123.png
bkl,synth,data/synthetic/ddpm64_all/bkl/bkl_00124.png
bkl,synth,data/synthetic/ddpm64_all/bkl/bkl_00125.png
bkl,synth,data/synthetic/ddpm64_all/bkl/bkl_00126.png
bkl,synth,data/synthetic/ddpm64_all/bkl/bkl_00127.png
bkl,synth,data/synthetic/ddpm64_all/bkl/bkl_00128.png
bkl,synth,data/synthetic/ddpm64_all/bkl/bkl_00129.png
bkl,synth,data/synthetic/ddpm64_all/bkl/bkl_00130.png
bkl,synth,data/synthetic/ddpm64_all/bkl/bkl_00131.png
bkl,synth,data/synthetic/ddpm64_all/bkl/bkl_00132.png
bkl,synth,data/synthetic/ddpm64_all/bkl/bkl_00133.png
bkl,synth,data/synthetic/ddpm64_all/bkl/bkl_00134.png
bkl,synth,data/synthetic/ddpm64_all/bkl/bkl_00135.png
bkl,synth,data/synthetic/ddpm64_all/bkl/bkl_00136.png
bkl,synth,data/synthetic/ddpm64_all/bkl/bkl_00137.png
bkl,synth,data/synthetic/ddpm64_all/bkl/bkl_00138.png
bkl,synth,data/synthetic/ddpm64_all/bkl/bkl_00139.png
bkl,synth,data/synthetic/ddpm64_all/bkl/bkl_00140.png
bkl,synth,data/synthetic/ddpm64_all/bkl/bkl_00141.png
bkl,synth,data/synthetic/ddpm64_all/bkl/bkl_00142.png
bkl,synth,data/synthetic/ddpm64_all/bkl/bkl_00143.png
bkl,synth,data/synthetic/ddpm64_all/bkl/bkl_00144.png
bkl,synth,data/synthetic/ddpm64_all/bkl/bkl_00145.png
bkl,synth,data/synthetic/ddpm64_all/bkl/bkl_00146.png
bkl,synth,data/synthetic/ddpm64_all/bkl/bkl_00147.png
bkl,synth,data/synthetic/ddpm64_all/bkl/bkl_00148.png
bkl,synth,data/synthetic/ddpm64_all/bkl/bkl_00149.png
bkl,synth,data/synthetic/ddpm64_all/bkl/bkl_00150.png
bkl,synth,data/synthetic/ddpm64_all/bkl/bkl_00151.png
bkl,synth,data/synthetic/ddpm64_all/bkl/bkl_00152.png
bkl,synth,data/synthetic/ddpm64_all/bkl/bkl_00153.png
bkl,synth,data/synthetic/ddpm64_all/bkl/bkl_00154.png
bkl,synth,data/synthetic/ddpm64_all/bkl/bkl_00155.png
bkl,synth,data/synthetic/ddpm64_all/bkl/bkl_00156.png
bkl,synth,data/synthetic/ddpm64_all/bkl/bkl_00157.png
bkl,synth,data/synthetic/ddpm64_all/bkl/bkl_00158.png
bkl,synth,data/synthetic/ddpm64_all/bkl/bkl_00159.png
bkl,synth,data/synthetic/ddpm64_all/bkl/bkl_00160.png
bkl,synth,data/synthetic/ddpm64_all/bkl/bkl_00161.png
bkl,synth,data/synthetic/ddpm64_all/bkl/bkl_00162.png
bkl,synth,data/synthetic/ddpm64_all/bkl/bkl_00163.png
bkl,synth,data/synthetic/ddpm64_all/bkl/bkl_00164.png
bkl,synth,data/synthetic/ddpm64_all/bkl/bkl_00165.png
bkl,synth,data/synthetic/ddpm64_all/bkl/bkl_00166.png
bkl,synth,data/synthetic/ddpm64_all/bkl/bkl_00167.png
bkl,synth,data/synthetic/ddpm64_all/bkl/bkl_00168.png
bkl,synth,data/synthetic/ddpm64_all/bkl/bkl_00169.png
bkl,synth,data/synthetic/ddpm64_all/bkl/bkl_00170.png
bkl,synth,data/synthetic/ddpm64_all/bkl/bkl_00171.png
bkl,synth,data/synthetic/ddpm64_all/bkl/bkl_00172.png
bkl,synth,data/synthetic/ddpm64_all/bkl/bkl_00173.png
bkl,synth,data/synthetic/ddpm64_all/bkl/bkl_00174.png
bkl,synth,data/synthetic/ddpm64_all/bkl/bkl_00175.png
bkl,synth,data/synthetic/ddpm64_all/bkl/bkl_00176.png
bkl,synth,data/synthetic/ddpm64_all/bkl/bkl_00177.png
bkl,synth,data/synthetic/ddpm64_all/bkl/bkl_00178.png
bkl,synth,data/synthetic/ddpm64_all/bkl/bkl_00179.png
bkl,synth,data/synthetic/ddpm64_all/bkl/bkl_00180.png
bkl,synth,data/synthetic/ddpm64_all/bkl/bkl_00181.png
bkl,synth,data/synthetic/ddpm64_all/bkl/bkl_00182.png
bkl,synth,data/synthetic/ddpm64_all/bkl/bkl_00183.png
bkl,synth,data/synthetic/ddpm64_all/bkl/bkl_00184.png
bkl,synth,data/synthetic/ddpm64_all/bkl/bkl_00185.png
bkl,synth,data/synthetic/ddpm64_all/bkl/bkl_00186.png
bkl,synth,data/synthetic/ddpm64_all/bkl/bkl_00187.png
bkl,synth,data/synthetic/ddpm64_all/bkl/bkl_00188.png
bkl,synth,data/synthetic/ddpm64_all/bkl/bkl_00189.png
bkl,synth,data/synthetic/ddpm64_all/bkl/bkl_00190.png
bkl,synth,data/synthetic/ddpm64_all/bkl/bkl_00191.png
bkl,synth,data/synthetic/ddpm64_all/bkl/bkl_00192.png
bkl,synth,data/synthetic/ddpm64_all/bkl/bkl_00193.png
bkl,synth,data/synthetic/ddpm64_all/bkl/bkl_00194.png
bkl,synth,data/synthetic/ddpm64_all/bkl/bkl_00195.png
bkl,synth,data/synthetic/ddpm64_all/bkl/bkl_00196.png
bkl,synth,data/synthetic/ddpm64_all/bkl/bkl_00197.png
bkl,synth,data/synthetic/ddpm64_all/bkl/bkl_00198.png
bkl,synth,data/synthetic/ddpm64_all/bkl/bkl_00199.png
bkl,synth,data/synthetic/ddpm64_all/bkl/bkl_00200.png
bkl,synth,data/synthetic/ddpm64_all/bkl/bkl_00201.png
bkl,synth,data/synthetic/ddpm64_all/bkl/bkl_00202.png
bkl,synth,data/synthetic/ddpm64_all/bkl/bkl_00203.png
bkl,synth,data/synthetic/ddpm64_all/bkl/bkl_00204.png
bkl,synth,data/synthetic/ddpm64_all/bkl/bkl_00205.png
bkl,synth,data/synthetic/ddpm64_all/bkl/bkl_00206.png
bkl,synth,data/synthetic/ddpm64_all/bkl/bkl_00207.png
bkl,synth,data/synthetic/ddpm64_all/bkl/bkl_00208.png
bkl,synth,data/synthetic/ddpm64_all/bkl/bkl_00209.png
bkl,synth,data/synthetic/ddpm64_all/bkl/bkl_00210.png
bkl,synth,data/synthetic/ddpm64_all/bkl/bkl_00211.png
bkl,synth,data/synthetic/ddpm64_all/bkl/bkl_00212.png
bkl,synth,data/synthetic/ddpm64_all/bkl/bkl_00213.png
bkl,synth,data/synthetic/ddpm64_all/bkl/bkl_00214.png
bkl,synth,data/synthetic/ddpm64_all/bkl/bkl_00215.png
bkl,synth,data/synthetic/ddpm64_all/bkl/bkl_00216.png
bkl,synth,data/synthetic/ddpm64_all/bkl/bkl_00217.png
bkl,synth,data/synthetic/ddpm64_all/bkl/bkl_00218.png
bkl,synth,data/synthetic/ddpm64_all/bkl/bkl_00219.png
bkl,synth,data/synthetic/ddpm64_all/bkl/bkl_00220.png
bkl,synth,data/synthetic/ddpm64_all/bkl/bkl_00221.png
bkl,synth,data/synthetic/ddpm64_all/bkl/bkl_00222.png
bkl,synth,data/synthetic/ddpm64_all/bkl/bkl_00223.png
bkl,synth,data/synthetic/ddpm64_all/bkl/bkl_00224.png
bkl,synth,data/synthetic/ddpm64_all/bkl/bkl_00225.png
bkl,synth,data/synthetic/ddpm64_all/bkl/bkl_00226.png
bkl,synth,data/synthetic/ddpm64_all/bkl/bkl_00227.png
bkl,synth,data/synthetic/ddpm64_all/bkl/bkl_00228.png
bkl,synth,data/synthetic/ddpm64_all/bkl/bkl_00229.png
bkl,synth,data/synthetic/ddpm64_all/bkl/bkl_00230.png
bkl,synth,data/synthetic/ddpm64_all/bkl/bkl_00231.png
bkl,synth,data/synthetic/ddpm64_all/bkl/bkl_00232.png
bkl,synth,data/synthetic/ddpm64_all/bkl/bkl_00233.png
bkl,synth,data/synthetic/ddpm64_all/bkl/bkl_00234.png
bkl,synth,data/synthetic/ddpm64_all/bkl/bkl_00235.png
bkl,synth,data/synthetic/ddpm64_all/bkl/bkl_00236.png
bkl,synth,data/synthetic/ddpm64_all/bkl/bkl_00237.png
bkl,synth,data/synthetic/ddpm64_all/bkl/bkl_00238.png
bkl,synth,data/synthetic/ddpm64_all/bkl/bkl_00239.png
bkl,synth,data/synthetic/ddpm64_all/bkl/bkl_00240.png
bkl,synth,data/synthetic/ddpm64_all/bkl/bkl_00241.png
bkl,synth,data/synthetic/ddpm64_all/bkl/bkl_00242.png
bkl,synth,data/synthetic/ddpm64_all/bkl/bkl_00243.png
bkl,synth,data/synthetic/ddpm64_all/bkl/bkl_00244.png
bkl,synth,data/synthetic/ddpm64_all/bkl/bkl_00245.png
bkl,synth,data/synthetic/ddpm64_all/bkl/bkl_00246.png
bkl,synth,data/synthetic/ddpm64_all/bkl/bkl_00247.png
bkl,synth,data/synthetic/ddpm64_all/bkl/bkl_00248.png
bkl,synth,data/synthetic/ddpm64_all/bkl/bkl_00249.png
bkl,synth,data/synthetic/ddpm64_all/bkl/bkl_00250.png
bkl,synth,data/synthetic/ddpm64_all/bkl/bkl_00251.png
bkl,synth,data/synthetic/ddpm64_all/bkl/bkl_00252.png
bkl,synth,data/synthetic/ddpm64_all/bkl/bkl_00253.png
bkl,synth,data/synthetic/ddpm64_all/bkl/bkl_00254.png
bkl,synth,data/synthetic/ddpm64_all/bkl/bkl_00255.png
bkl,synth,data/synthetic/ddpm64_all/bkl/bkl_00256.png
bkl,synth,data/synthetic/ddpm64_all/bkl/bkl_00257.png
bkl,synth,data/synthetic/ddpm64_all/bkl/bkl_00258.png
bkl,synth,data/synthetic/ddpm64_all/bkl/bkl_00259.png
bkl,synth,data/synthetic/ddpm64_all/bkl/bkl_00260.png
bkl,synth,data/synthetic/ddpm64_all/bkl/bkl_00261.png
bkl,synth,data/synthetic/ddpm64_all/bkl/bkl_00262.png
bkl,synth,data/synthetic/ddpm64_all/bkl/bkl_00263.png
bkl,synth,data/synthetic/ddpm64_all/bkl/bkl_00264.png
bkl,synth,data/synthetic/ddpm64_all/bkl/bkl_00265.png
bkl,synth,data/synthetic/ddpm64_all/bkl/bkl_00266.png
bkl,synth,data/synthetic/ddpm64_all/bkl/bkl_00267.png
bkl,synth,data/synthetic/ddpm64_all/bkl/bkl_00268.png
bkl,synth,data/synthetic/ddpm64_all/bkl/bkl_00269.png
bkl,synth,data/synthetic/ddpm64_all/bkl/bkl_00270.png
bkl,synth,data/synthetic/ddpm64_all/bkl/bkl_00271.png
bkl,synth,data/synthetic/ddpm64_all/bkl/bkl_00272.png
bkl,synth,data/synthetic/ddpm64_all/bkl/bkl_00273.png
bkl,synth,data/synthetic/ddpm64_all/bkl/bkl_00274.png
bkl,synth,data/synthetic/ddpm64_all/bkl/bkl_00275.png
bkl,synth,data/synthetic/ddpm64_all/bkl/bkl_00276.png
bkl,synth,data/synthetic/ddpm64_all/bkl/bkl_00277.png
bkl,synth,data/synthetic/ddpm64_all/bkl/bkl_00278.png
bkl,synth,data/synthetic/ddpm64_all/bkl/bkl_00279.png
bkl,synth,data/synthetic/ddpm64_all/bkl/bkl_00280.png
bkl,synth,data/synthetic/ddpm64_all/bkl/bkl_00281.png
bkl,synth,data/synthetic/ddpm64_all/bkl/bkl_00282.png
bkl,synth,data/synthetic/ddpm64_all/bkl/bkl_00283.png
bkl,synth,data/synthetic/ddpm64_all/bkl/bkl_00284.png
bkl,synth,data/synthetic/ddpm64_all/bkl/bkl_00285.png
bkl,synth,data/synthetic/ddpm64_all/bkl/bkl_00286.png
bkl,synth,data/synthetic/ddpm64_all/bkl/bkl_00287.png
bkl,synth,data/synthetic/ddpm64_all/bkl/bkl_00288.png
bkl,synth,data/synthetic/ddpm64_all/bkl/bkl_00289.png
bkl,synth,data/synthetic/ddpm64_all/bkl/bkl_00290.png
bkl,synth,data/synthetic/ddpm64_all/bkl/bkl_00291.png
bkl,synth,data/synthetic/ddpm64_all/bkl/bkl_00292.png
bkl,synth,data/synthetic/ddpm64_all/bkl/bkl_00293.png
bkl,synth,data/synthetic/ddpm64_all/bkl/bkl_00294.png
bkl,synth,data/synthetic/ddpm64_all/bkl/bkl_00295.png
bkl,synth,data/synthetic/ddpm64_all/bkl/bkl_00296.png
bkl,synth,data/synthetic/ddpm64_all/bkl/bkl_00297.png
bkl,synth,data/synthetic/ddpm64_all/bkl/bkl_00298.png
bkl,synth,data/synthetic/ddpm64_all/bkl/bkl_00299.png
bkl,synth,data/synthetic/ddpm64_all/bkl/bkl_00300.png
bkl,synth,data/synthetic/ddpm64_all/bkl/bkl_00301.png
bkl,synth,data/synthetic/ddpm64_all/bkl/bkl_00302.png
bkl,synth,data/synthetic/ddpm64_all/bkl/bkl_00303.png
bkl,synth,data/synthetic/ddpm64_all/bkl/bkl_00304.png
bkl,synth,data/synthetic/ddpm64_all/bkl/bkl_00305.png
bkl,synth,data/synthetic/ddpm64_all/bkl/bkl_00306.png
bkl,synth,data/synthetic/ddpm64_all/bkl/bkl_00307.png
bkl,synth,data/synthetic/ddpm64_all/bkl/bkl_00308.png
bkl,synth,data/synthetic/ddpm64_all/bkl/bkl_00309.png
bkl,synth,data/synthetic/ddpm64_all/bkl/bkl_00310.png
bkl,synth,data/synthetic/ddpm64_all/bkl/bkl_00311.png
bkl,synth,data/synthetic/ddpm64_all/bkl/bkl_00312.png
bkl,synth,data/synthetic/ddpm64_all/bkl/bkl_00313.png
bkl,synth,data/synthetic/ddpm64_all/bkl/bkl_00314.png
bkl,synth,data/synthetic/ddpm64_all/bkl/bkl_00315.png
bkl,synth,data/synthetic/ddpm64_all/bkl/bkl_00316.png
bkl,synth,data/synthetic/ddpm64_all/bkl/bkl_00317.png
bkl,synth,data/synthetic/ddpm64_all/bkl/bkl_00318.png
bkl,synth,data/synthetic/ddpm64_all/bkl/bkl_00319.png
bkl,synth,data/synthetic/ddpm64_all/bkl/bkl_00320.png
bkl,synth,data/synthetic/ddpm64_all/bkl/bkl_00321.png
bkl,synth,data/synthetic/ddpm64_all/bkl/bkl_00322.png
bkl,synth,data/synthetic/ddpm64_all/bkl/bkl_00323.png
bkl,synth,data/synthetic/ddpm64_all/bkl/bkl_00324.png
bkl,synth,data/synthetic/ddpm64_all/bkl/bkl_00325.png
bkl,synth,data/synthetic/ddpm64_all/bkl/bkl_00326.png
bkl,synth,data/synthetic/ddpm64_all/bkl/bkl_00327.png
bkl,synth,data/synthetic/ddpm64_all/bkl/bkl_00328.png
bkl,synth,data/synthetic/ddpm64_all/bkl/bkl_00329.png
bkl,synth,data/synthetic/ddpm64_all/bkl/bkl_00330.png
bkl,synth,data/synthetic/ddpm64_all/bkl/bkl_00331.png
bkl,synth,data/synthetic/ddpm64_all/bkl/bkl_00332.png
bkl,synth,data/synthetic/ddpm64_all/bkl/bkl_00333.png
bkl,synth,data/synthetic/ddpm64_all/bkl/bkl_00334.png
bkl,synth,data/synthetic/ddpm64_all/bkl/bkl_00335.png
bkl,synth,data/synthetic/ddpm64_all/bkl/bkl_00336.png
bkl,synth,data/synthetic/ddpm64_all/bkl/bkl_00337.png
bkl,synth,data/synthetic/ddpm64_all/bkl/bkl_00338.png
bkl,synth,data/synthetic/ddpm64_all/bkl/bkl_00339.png
bkl,synth,data/synthetic/ddpm64_all/bkl/bkl_00340.png
bkl,synth,data/synthetic/ddpm64_all/bkl/bkl_00341.png
bkl,synth,data/synthetic/ddpm64_all/bkl/bkl_00342.png
bkl,synth,data/synthetic/ddpm64_all/bkl/bkl_00343.png
bkl,synth,data/synthetic/ddpm64_all/bkl/bkl_00344.png
bkl,synth,data/synthetic/ddpm64_all/bkl/bkl_00345.png
bkl,synth,data/synthetic/ddpm64_all/bkl/bkl_00346.png
bkl,synth,data/synthetic/ddpm64_all/bkl/bkl_00347.png
bkl,synth,data/synthetic/ddpm64_all/bkl/bkl_00348.png
bkl,synth,data/synthetic/ddpm64_all/bkl/bkl_00349.png
bkl,synth,data/synthetic/ddpm64_all/bkl/bkl_00350.png
bkl,synth,data/synthetic/ddpm64_all/bkl/bkl_00351.png
bkl,synth,data/synthetic/ddpm64_all/bkl/bkl_00352.png
bkl,synth,data/synthetic/ddpm64_all/bkl/bkl_00353.png
bkl,synth,data/synthetic/ddpm64_all/bkl/bkl_00354.png
bkl,synth,data/synthetic/ddpm64_all/bkl/bkl_00355.png
bkl,synth,data/synthetic/ddpm64_all/bkl/bkl_00356.png
bkl,synth,data/synthetic/ddpm64_all/bkl/bkl_00357.png
bkl,synth,data/synthetic/ddpm64_all/bkl/bkl_00358.png
bkl,synth,data/synthetic/ddpm64_all/bkl/bkl_00359.png
bkl,synth,data/synthetic/ddpm64_all/bkl/bkl_00360.png
bkl,synth,data/synthetic/ddpm64_all/bkl/bkl_00361.png
bkl,synth,data/synthetic/ddpm64_all/bkl/bkl_00362.png
bkl,synth,data/synthetic/ddpm64_all/bkl/bkl_00363.png
bkl,synth,data/synthetic/ddpm64_all/bkl/bkl_00364.png
bkl,synth,data/synthetic/ddpm64_all/bkl/bkl_00365.png
bkl,synth,data/synthetic/ddpm64_all/bkl/bkl_00366.png
bkl,synth,data/synthetic/ddpm64_all/bkl/bkl_00367.png
bkl,synth,data/synthetic/ddpm64_all/bkl/bkl_00368.png
bkl,synth,data/synthetic/ddpm64_all/bkl/bkl_00369.png
bkl,synth,data/synthetic/ddpm64_all/bkl/bkl_00370.png
bkl,synth,data/synthetic/ddpm64_all/bkl/bkl_00371.png
bkl,synth,data/synthetic/ddpm64_all/bkl/bkl_00372.png
bkl,synth,data/synthetic/ddpm64_all/bkl/bkl_00373.png
bkl,synth,data/synthetic/ddpm64_all/bkl/bkl_00374.png
bkl,synth,data/synthetic/ddpm64_all/bkl/bkl_00375.png
bkl,synth,data/synthetic/ddpm64_all/bkl/bkl_00376.png
bkl,synth,data/synthetic/ddpm64_all/bkl/bkl_00377.png
bkl,synth,data/synthetic/ddpm64_all/bkl/bkl_00378.png
bkl,synth,data/synthetic/ddpm64_all/bkl/bkl_00379.png
bkl,synth,data/synthetic/ddpm64_all/bkl/bkl_00380.png
bkl,synth,data/synthetic/ddpm64_all/bkl/bkl_00381.png
bkl,synth,data/synthetic/ddpm64_all/bkl/bkl_00382.png
bkl,synth,data/synthetic/ddpm64_all/bkl/bkl_00383.png
bkl,synth,data/synthetic/ddpm64_all/bkl/bkl_00384.png
bkl,synth,data/synthetic/ddpm64_all/bkl/bkl_00385.png
bkl,synth,data/synthetic/ddpm64_all/bkl/bkl_00386.png
bkl,synth,data/synthetic/ddpm64_all/bkl/bkl_00387.png
bkl,synth,data/synthetic/ddpm64_all/bkl/bkl_00388.png
bkl,synth,data/synthetic/ddpm64_all/bkl/bkl_00389.png
bkl,synth,data/synthetic/ddpm64_all/bkl/bkl_00390.png
bkl,synth,data/synthetic/ddpm64_all/bkl/bkl_00391.png
bkl,synth,data/synthetic/ddpm64_all/bkl/bkl_00392.png
bkl,synth,data/synthetic/ddpm64_all/bkl/bkl_00393.png
bkl,synth,data/synthetic/ddpm64_all/bkl/bkl_00394.png
bkl,synth,data/synthetic/ddpm64_all/bkl/bkl_00395.png
bkl,synth,data/synthetic/ddpm64_all/bkl/bkl_00396.png
bkl,synth,data/synthetic/ddpm64_all/bkl/bkl_00397.png
bkl,synth,data/synthetic/ddpm64_all/bkl/bkl_00398.png
bkl,synth,data/synthetic/ddpm64_all/bkl/bkl_00399.png
bkl,synth,data/synthetic/ddpm64_all/bkl/bkl_00400.png
bkl,synth,data/synthetic/ddpm64_all/bkl/bkl_00401.png
bkl,synth,data/synthetic/ddpm64_all/bkl/bkl_00402.png
bkl,synth,data/synthetic/ddpm64_all/bkl/bkl_00403.png
bkl,synth,data/synthetic/ddpm64_all/bkl/bkl_00404.png
bkl,synth,data/synthetic/ddpm64_all/bkl/bkl_00405.png
bkl,synth,data/synthetic/ddpm64_all/bkl/bkl_00406.png
bkl,synth,data/synthetic/ddpm64_all/bkl/bkl_00407.png
bkl,synth,data/synthetic/ddpm64_all/bkl/bkl_00408.png
bkl,synth,data/synthetic/ddpm64_all/bkl/bkl_00409.png
bkl,synth,data/synthetic/ddpm64_all/bkl/bkl_00410.png
bkl,synth,data/synthetic/ddpm64_all/bkl/bkl_00411.png
bkl,synth,data/synthetic/ddpm64_all/bkl/bkl_00412.png
bkl,synth,data/synthetic/ddpm64_all/bkl/bkl_00413.png
bkl,synth,data/synthetic/ddpm64_all/bkl/bkl_00414.png
bkl,synth,data/synthetic/ddpm64_all/bkl/bkl_00415.png
bkl,synth,data/synthetic/ddpm64_all/bkl/bkl_00416.png
bkl,synth,data/synthetic/ddpm64_all/bkl/bkl_00417.png
bkl,synth,data/synthetic/ddpm64_all/bkl/bkl_00418.png
bkl,synth,data/synthetic/ddpm64_all/bkl/bkl_00419.png
bkl,synth,data/synthetic/ddpm64_all/bkl/bkl_00420.png
bkl,synth,data/synthetic/ddpm64_all/bkl/bkl_00421.png
bkl,synth,data/synthetic/ddpm64_all/bkl/bkl_00422.png
bkl,synth,data/synthetic/ddpm64_all/bkl/bkl_00423.png
bkl,synth,data/synthetic/ddpm64_all/bkl/bkl_00424.png
bkl,synth,data/synthetic/ddpm64_all/bkl/bkl_00425.png
bkl,synth,data/synthetic/ddpm64_all/bkl/bkl_00426.png
bkl,synth,data/synthetic/ddpm64_all/bkl/bkl_00427.png
bkl,synth,data/synthetic/ddpm64_all/bkl/bkl_00428.png
bkl,synth,data/synthetic/ddpm64_all/bkl/bkl_00429.png
bkl,synth,data/synthetic/ddpm64_all/bkl/bkl_00430.png
bkl,synth,data/synthetic/ddpm64_all/bkl/bkl_00431.png
bkl,synth,data/synthetic/ddpm64_all/bkl/bkl_00432.png
bkl,synth,data/synthetic/ddpm64_all/bkl/bkl_00433.png
bkl,synth,data/synthetic/ddpm64_all/bkl/bkl_00434.png
bkl,synth,data/synthetic/ddpm64_all/bkl/bkl_00435.png
bkl,synth,data/synthetic/ddpm64_all/bkl/bkl_00436.png
bkl,synth,data/synthetic/ddpm64_all/bkl/bkl_00437.png
bkl,synth,data/synthetic/ddpm64_all/bkl/bkl_00438.png
bkl,synth,data/synthetic/ddpm64_all/bkl/bkl_00439.png
bkl,synth,data/synthetic/ddpm64_all/bkl/bkl_00440.png
bkl,synth,data/synthetic/ddpm64_all/bkl/bkl_00441.png
bkl,synth,data/synthetic/ddpm64_all/bkl/bkl_00442.png
bkl,synth,data/synthetic/ddpm64_all/bkl/bkl_00443.png
bkl,synth,data/synthetic/ddpm64_all/bkl/bkl_00444.png
bkl,synth,data/synthetic/ddpm64_all/bkl/bkl_00445.png
bkl,synth,data/synthetic/ddpm64_all/bkl/bkl_00446.png
bkl,synth,data/synthetic/ddpm64_all/bkl/bkl_00447.png
bkl,synth,data/synthetic/ddpm64_all/bkl/bkl_00448.png
bkl,synth,data/synthetic/ddpm64_all/bkl/bkl_00449.png
bkl,synth,data/synthetic/ddpm64_all/bkl/bkl_00450.png
bkl,synth,data/synthetic/ddpm64_all/bkl/bkl_00451.png
bkl,synth,data/synthetic/ddpm64_all/bkl/bkl_00452.png
bkl,synth,data/synthetic/ddpm64_all/bkl/bkl_00453.png
bkl,synth,data/synthetic/ddpm64_all/bkl/bkl_00454.png
bkl,synth,data/synthetic/ddpm64_all/bkl/bkl_00455.png
bkl,synth,data/synthetic/ddpm64_all/bkl/bkl_00456.png
bkl,synth,data/synthetic/ddpm64_all/bkl/bkl_00457.png
bkl,synth,data/synthetic/ddpm64_all/bkl/bkl_00458.png
bkl,synth,data/synthetic/ddpm64_all/bkl/bkl_00459.png
bkl,synth,data/synthetic/ddpm64_all/bkl/bkl_00460.png
bkl,synth,data/synthetic/ddpm64_all/bkl/bkl_00461.png
bkl,synth,data/synthetic/ddpm64_all/bkl/bkl_00462.png
bkl,synth,data/synthetic/ddpm64_all/bkl/bkl_00463.png
bkl,synth,data/synthetic/ddpm64_all/bkl/bkl_00464.png
bkl,synth,data/synthetic/ddpm64_all/bkl/bkl_00465.png
bkl,synth,data/synthetic/ddpm64_all/bkl/bkl_00466.png
bkl,synth,data/synthetic/ddpm64_all/bkl/bkl_00467.png
bkl,synth,data/synthetic/ddpm64_all/bkl/bkl_00468.png
bkl,synth,data/synthetic/ddpm64_all/bkl/bkl_00469.png
bkl,synth,data/synthetic/ddpm64_all/bkl/bkl_00470.png
bkl,synth,data/synthetic/ddpm64_all/bkl/bkl_00471.png
bkl,synth,data/synthetic/ddpm64_all/bkl/bkl_00472.png
bkl,synth,data/synthetic/ddpm64_all/bkl/bkl_00473.png
bkl,synth,data/synthetic/ddpm64_all/bkl/bkl_00474.png
bkl,synth,data/synthetic/ddpm64_all/bkl/bkl_00475.png
bkl,synth,data/synthetic/ddpm64_all/bkl/bkl_00476.png
bkl,synth,data/synthetic/ddpm64_all/bkl/bkl_00477.png
bkl,synth,data/synthetic/ddpm64_all/bkl/bkl_00478.png
bkl,synth,data/synthetic/ddpm64_all/bkl/bkl_00479.png
bkl,synth,data/synthetic/ddpm64_all/bkl/bkl_00480.png
bkl,synth,data/synthetic/ddpm64_all/bkl/bkl_00481.png
bkl,synth,data/synthetic/ddpm64_all/bkl/bkl_00482.png
bkl,synth,data/synthetic/ddpm64_all/bkl/bkl_00483.png
bkl,synth,data/synthetic/ddpm64_all/bkl/bkl_00484.png
bkl,synth,data/synthetic/ddpm64_all/bkl/bkl_00485.png
bkl,synth,data/synthetic/ddpm64_all/bkl/bkl_00486.png
bkl,synth,data/synthetic/ddpm64_all/bkl/bkl_00487.png
bkl,synth,data/synthetic/ddpm64_all/bkl/bkl_00488.png
bkl,synth,data/synthetic/ddpm64_all/bkl/bkl_00489.png
bkl,synth,data/synthetic/ddpm64_all/bkl/bkl_00490.png
bkl,synth,data/synthetic/ddpm64_all/bkl/bkl_00491.png
bkl,synth,data/synthetic/ddpm64_all/bkl/bkl_00492.png
bkl,synth,data/synthetic/ddpm64_all/bkl/bkl_00493.png
bkl,synth,data/synthetic/ddpm64_all/bkl/bkl_00494.png
bkl,synth,data/synthetic/ddpm64_all/bkl/bkl_00495.png
bkl,synth,data/synthetic/ddpm64_all/bkl/bkl_00496.png
bkl,synth,data/synthetic/ddpm64_all/bkl/bkl_00497.png
bkl,synth,data/synthetic/ddpm64_all/bkl/bkl_00498.png
bkl,synth,data/synthetic/ddpm64_all/bkl/bkl_00499.png
bkl,synth,data/synthetic/ddpm64_all/bkl/bkl_00500.png
bkl,synth,data/synthetic/ddpm64_all/bkl/bkl_00501.png
bkl,synth,data/synthetic/ddpm64_all/bkl/bkl_00502.png
bkl,synth,data/synthetic/ddpm64_all/bkl/bkl_00503.png
bkl,synth,data/synthetic/ddpm64_all/bkl/bkl_00504.png
bkl,synth,data/synthetic/ddpm64_all/bkl/bkl_00505.png
bkl,synth,data/synthetic/ddpm64_all/bkl/bkl_00506.png
bkl,synth,data/synthetic/ddpm64_all/bkl/bkl_00507.png
bkl,synth,data/synthetic/ddpm64_all/bkl/bkl_00508.png
bkl,synth,data/synthetic/ddpm64_all/bkl/bkl_00509.png
bkl,synth,data/synthetic/ddpm64_all/bkl/bkl_00510.png
bkl,synth,data/synthetic/ddpm64_all/bkl/bkl_00511.png
bkl,synth,data/synthetic/ddpm64_all/bkl/bkl_00512.png
bkl,synth,data/synthetic/ddpm64_all/bkl/bkl_00513.png
bkl,synth,data/synthetic/ddpm64_all/bkl/bkl_00514.png
bkl,synth,data/synthetic/ddpm64_all/bkl/bkl_00515.png
bkl,synth,data/synthetic/ddpm64_all/bkl/bkl_00516.png
bkl,synth,data/synthetic/ddpm64_all/bkl/bkl_00517.png
bkl,synth,data/synthetic/ddpm64_all/bkl/bkl_00518.png
bkl,synth,data/synthetic/ddpm64_all/bkl/bkl_00519.png
bkl,synth,data/synthetic/ddpm64_all/bkl/bkl_00520.png
bkl,synth,data/synthetic/ddpm64_all/bkl/bkl_00521.png
bkl,synth,data/synthetic/ddpm64_all/bkl/bkl_00522.png
bkl,synth,data/synthetic/ddpm64_all/bkl/bkl_00523.png
bkl,synth,data/synthetic/ddpm64_all/bkl/bkl_00524.png
bkl,synth,data/synthetic/ddpm64_all/bkl/bkl_00525.png
bkl,synth,data/synthetic/ddpm64_all/bkl/bkl_00526.png
bkl,synth,data/synthetic/ddpm64_all/bkl/bkl_00527.png
bkl,synth,data/synthetic/ddpm64_all/bkl/bkl_00528.png
bkl,synth,data/synthetic/ddpm64_all/bkl/bkl_00529.png
bkl,synth,data/synthetic/ddpm64_all/bkl/bkl_00530.png
bkl,synth,data/synthetic/ddpm64_all/bkl/bkl_00531.png
bkl,synth,data/synthetic/ddpm64_all/bkl/bkl_00532.png
bkl,synth,data/synthetic/ddpm64_all/bkl/bkl_00533.png
bkl,synth,data/synthetic/ddpm64_all/bkl/bkl_00534.png
bkl,synth,data/synthetic/ddpm64_all/bkl/bkl_00535.png
bkl,synth,data/synthetic/ddpm64_all/bkl/bkl_00536.png
bkl,synth,data/synthetic/ddpm64_all/bkl/bkl_00537.png
bkl,synth,data/synthetic/ddpm64_all/bkl/bkl_00538.png
bkl,synth,data/synthetic/ddpm64_all/bkl/bkl_00539.png
bkl,synth,data/synthetic/ddpm64_all/bkl/bkl_00540.png
bkl,synth,data/synthetic/ddpm64_all/bkl/bkl_00541.png
bkl,synth,data/synthetic/ddpm64_all/bkl/bkl_00542.png
bkl,synth,data/synthetic/ddpm64_all/bkl/bkl_00543.png
bkl,synth,data/synthetic/ddpm64_all/bkl/bkl_00544.png
bkl,synth,data/synthetic/ddpm64_all/bkl/bkl_00545.png
bkl,synth,data/synthetic/ddpm64_all/bkl/bkl_00546.png
bkl,synth,data/synthetic/ddpm64_all/bkl/bkl_00547.png
bkl,synth,data/synthetic/ddpm64_all/bkl/bkl_00548.png
bkl,synth,data/synthetic/ddpm64_all/bkl/bkl_00549.png
bkl,synth,data/synthetic/ddpm64_all/bkl/bkl_00550.png
bkl,synth,data/synthetic/ddpm64_all/bkl/bkl_00551.png
bkl,synth,data/synthetic/ddpm64_all/bkl/bkl_00552.png
bkl,synth,data/synthetic/ddpm64_all/bkl/bkl_00553.png
bkl,synth,data/synthetic/ddpm64_all/bkl/bkl_00554.png
bkl,synth,data/synthetic/ddpm64_all/bkl/bkl_00555.png
bkl,synth,data/synthetic/ddpm64_all/bkl/bkl_00556.png
bkl,synth,data/synthetic/ddpm64_all/bkl/bkl_00557.png
bkl,synth,data/synthetic/ddpm64_all/bkl/bkl_00558.png
bkl,synth,data/synthetic/ddpm64_all/bkl/bkl_00559.png
bkl,synth,data/synthetic/ddpm64_all/bkl/bkl_00560.png
bkl,synth,data/synthetic/ddpm64_all/bkl/bkl_00561.png
bkl,synth,data/synthetic/ddpm64_all/bkl/bkl_00562.png
bkl,synth,data/synthetic/ddpm64_all/bkl/bkl_00563.png
bkl,synth,data/synthetic/ddpm64_all/bkl/bkl_00564.png
bkl,synth,data/synthetic/ddpm64_all/bkl/bkl_00565.png
bkl,synth,data/synthetic/ddpm64_all/bkl/bkl_00566.png
bkl,synth,data/synthetic/ddpm64_all/bkl/bkl_00567.png
bkl,synth,data/synthetic/ddpm64_all/bkl/bkl_00568.png
bkl,synth,data/synthetic/ddpm64_all/bkl/bkl_00569.png
bkl,synth,data/synthetic/ddpm64_all/bkl/bkl_00570.png
bkl,synth,data/synthetic/ddpm64_all/bkl/bkl_00571.png
bkl,synth,data/synthetic/ddpm64_all/bkl/bkl_00572.png
bkl,synth,data/synthetic/ddpm64_all/bkl/bkl_00573.png
bkl,synth,data/synthetic/ddpm64_all/bkl/bkl_00574.png
bkl,synth,data/synthetic/ddpm64_all/bkl/bkl_00575.png
bkl,synth,data/synthetic/ddpm64_all/bkl/bkl_00576.png
bkl,synth,data/synthetic/ddpm64_all/bkl/bkl_00577.png
bkl,synth,data/synthetic/ddpm64_all/bkl/bkl_00578.png
bkl,synth,data/synthetic/ddpm64_all/bkl/bkl_00579.png
bkl,synth,data/synthetic/ddpm64_all/bkl/bkl_00580.png
bkl,synth,data/synthetic/ddpm64_all/bkl/bkl_00581.png
bkl,synth,data/synthetic/ddpm64_all/bkl/bkl_00582.png
bkl,synth,data/synthetic/ddpm64_all/bkl/bkl_00583.png
bkl,synth,data/synthetic/ddpm64_all/bkl/bkl_00584.png
bkl,synth,data/synthetic/ddpm64_all/bkl/bkl_00585.png
bkl,synth,data/synthetic/ddpm64_all/bkl/bkl_00586.png
bkl,synth,data/synthetic/ddpm64_all/bkl/bkl_00587.png
bkl,synth,data/synthetic/ddpm64_all/bkl/bkl_00588.png
bkl,synth,data/synthetic/ddpm64_all/bkl/bkl_00589.png
bkl,synth,data/synthetic/ddpm64_all/bkl/bkl_00590.png
bkl,synth,data/synthetic/ddpm64_all/bkl/bkl_00591.png
bkl,synth,data/synthetic/ddpm64_all/bkl/bkl_00592.png
bkl,synth,data/synthetic/ddpm64_all/bkl/bkl_00593.png
bkl,synth,data/synthetic/ddpm64_all/bkl/bkl_00594.png
bkl,synth,data/synthetic/ddpm64_all/bkl/bkl_00595.png
bkl,synth,data/synthetic/ddpm64_all/bkl/bkl_00596.png
bkl,synth,data/synthetic/ddpm64_all/bkl/bkl_00597.png
bkl,synth,data/synthetic/ddpm64_all/bkl/bkl_00598.png
bkl,synth,data/synthetic/ddpm64_all/bkl/bkl_00599.png
bkl,synth,data/synthetic/ddpm64_all/bkl/bkl_00600.png
bkl,synth,data/synthetic/ddpm64_all/bkl/bkl_00601.png
bkl,synth,data/synthetic/ddpm64_all/bkl/bkl_00602.png
bkl,synth,data/synthetic/ddpm64_all/bkl/bkl_00603.png
bkl,synth,data/synthetic/ddpm64_all/bkl/bkl_00604.png
bkl,synth,data/synthetic/ddpm64_all/bkl/bkl_00605.png
bkl,synth,data/synthetic/ddpm64_all/bkl/bkl_00606.png
bkl,synth,data/synthetic/ddpm64_all/bkl/bkl_00607.png
bkl,synth,data/synthetic/ddpm64_all/bkl/bkl_00608.png
bkl,synth,data/synthetic/ddpm64_all/bkl/bkl_00609.png
bkl,synth,data/synthetic/ddpm64_all/bkl/bkl_00610.png
bkl,synth,data/synthetic/ddpm64_all/bkl/bkl_00611.png
bkl,synth,data/synthetic/ddpm64_all/bkl/bkl_00612.png
bkl,synth,data/synthetic/ddpm64_all/bkl/bkl_00613.png
bkl,synth,data/synthetic/ddpm64_all/bkl/bkl_00614.png
bkl,synth,data/synthetic/ddpm64_all/bkl/bkl_00615.png
bkl,synth,data/synthetic/ddpm64_all/bkl/bkl_00616.png
bkl,synth,data/synthetic/ddpm64_all/bkl/bkl_00617.png
bkl,synth,data/synthetic/ddpm64_all/bkl/bkl_00618.png
bkl,synth,data/synthetic/ddpm64_all/bkl/bkl_00619.png
bkl,synth,data/synthetic/ddpm64_all/bkl/bkl_00620.png
bkl,synth,data/synthetic/ddpm64_all/bkl/bkl_00621.png
bkl,synth,data/synthetic/ddpm64_all/bkl/bkl_00622.png
bkl,synth,data/synthetic/ddpm64_all/bkl/bkl_00623.png
bkl,synth,data/synthetic/ddpm64_all/bkl/bkl_00624.png
bkl,synth,data/synthetic/ddpm64_all/bkl/bkl_00625.png
bkl,synth,data/synthetic/ddpm64_all/bkl/bkl_00626.png
bkl,synth,data/synthetic/ddpm64_all/bkl/bkl_00627.png
bkl,synth,data/synthetic/ddpm64_all/bkl/bkl_00628.png
bkl,synth,data/synthetic/ddpm64_all/bkl/bkl_00629.png
bkl,synth,data/synthetic/ddpm64_all/bkl/bkl_00630.png
bkl,synth,data/synthetic/ddpm64_all/bkl/bkl_00631.png
bkl,synth,data/synthetic/ddpm64_all/bkl/bkl_00632.png
bkl,synth,data/synthetic/ddpm64_all/bkl/bkl_00633.png
bkl,synth,data/synthetic/ddpm64_all/bkl/bkl_00634.png
bkl,synth,data/synthetic/ddpm64_all/bkl/bkl_00635.png
bkl,synth,data/synthetic/ddpm64_all/bkl/bkl_00636.png
bkl,synth,data/synthetic/ddpm64_all/bkl/bkl_00637.png
bkl,synth,data/synthetic/ddpm64_all/bkl/bkl_00638.png
bkl,synth,data/synthetic/ddpm64_all/bkl/bkl_00639.png
bkl,synth,data/synthetic/ddpm64_all/bkl/bkl_00640.png
bkl,synth,data/synthetic/ddpm64_all/bkl/bkl_00641.png
bkl,synth,data/synthetic/ddpm64_all/bkl/bkl_00642.png
bkl,synth,data/synthetic/ddpm64_all/bkl/bkl_00643.png
bkl,synth,data/synthetic/ddpm64_all/bkl/bkl_00644.png
bkl,synth,data/synthetic/ddpm64_all/bkl/bkl_00645.png
bkl,synth,data/synthetic/ddpm64_all/bkl/bkl_00646.png
bkl,synth,data/synthetic/ddpm64_all/bkl/bkl_00647.png
bkl,synth,data/synthetic/ddpm64_all/bkl/bkl_00648.png
bkl,synth,data/synthetic/ddpm64_all/bkl/bkl_00649.png
bkl,synth,data/synthetic/ddpm64_all/bkl/bkl_00650.png
bkl,synth,data/synthetic/ddpm64_all/bkl/bkl_00651.png
bkl,synth,data/synthetic/ddpm64_all/bkl/bkl_00652.png
bkl,synth,data/synthetic/ddpm64_all/bkl/bkl_00653.png
bkl,synth,data/synthetic/ddpm64_all/bkl/bkl_00654.png
bkl,synth,data/synthetic/ddpm64_all/bkl/bkl_00655.png
bkl,synth,data/synthetic/ddpm64_all/bkl/bkl_00656.png
bkl,synth,data/synthetic/ddpm64_all/bkl/bkl_00657.png
bkl,synth,data/synthetic/ddpm64_all/bkl/bkl_00658.png
bkl,synth,data/synthetic/ddpm64_all/bkl/bkl_00659.png
bkl,synth,data/synthetic/ddpm64_all/bkl/bkl_00660.png
bkl,synth,data/synthetic/ddpm64_all/bkl/bkl_00661.png
bkl,synth,data/synthetic/ddpm64_all/bkl/bkl_00662.png
bkl,synth,data/synthetic/ddpm64_all/bkl/bkl_00663.png
bkl,synth,data/synthetic/ddpm64_all/bkl/bkl_00664.png
bkl,synth,data/synthetic/ddpm64_all/bkl/bkl_00665.png
bkl,synth,data/synthetic/ddpm64_all/bkl/bkl_00666.png
bkl,synth,data/synthetic/ddpm64_all/bkl/bkl_00667.png
bkl,synth,data/synthetic/ddpm64_all/bkl/bkl_00668.png
bkl,synth,data/synthetic/ddpm64_all/bkl/bkl_00669.png
bkl,synth,data/synthetic/ddpm64_all/bkl/bkl_00670.png
bkl,synth,data/synthetic/ddpm64_all/bkl/bkl_00671.png
bkl,synth,data/synthetic/ddpm64_all/bkl/bkl_00672.png
bkl,synth,data/synthetic/ddpm64_all/bkl/bkl_00673.png
bkl,synth,data/synthetic/ddpm64_all/bkl/bkl_00674.png
bkl,synth,data/synthetic/ddpm64_all/bkl/bkl_00675.png
bkl,synth,data/synthetic/ddpm64_all/bkl/bkl_00676.png
bkl,synth,data/synthetic/ddpm64_all/bkl/bkl_00677.png
bkl,synth,data/synthetic/ddpm64_all/bkl/bkl_00678.png
bkl,synth,data/synthetic/ddpm64_all/bkl/bkl_00679.png
bkl,synth,data/synthetic/ddpm64_all/bkl/bkl_00680.png
bkl,synth,data/synthetic/ddpm64_all/bkl/bkl_00681.png
bkl,synth,data/synthetic/ddpm64_all/bkl/bkl_00682.png
bkl,synth,data/synthetic/ddpm64_all/bkl/bkl_00683.png
bkl,synth,data/synthetic/ddpm64_all/bkl/bkl_00684.png
bkl,synth,data/synthetic/ddpm64_all/bkl/bkl_00685.png
bkl,synth,data/synthetic/ddpm64_all/bkl/bkl_00686.png
bkl,synth,data/synthetic/ddpm64_all/bkl/bkl_00687.png
bkl,synth,data/synthetic/ddpm64_all/bkl/bkl_00688.png
bkl,synth,data/synthetic/ddpm64_all/bkl/bkl_00689.png
bkl,synth,data/synthetic/ddpm64_all/bkl/bkl_00690.png
bkl,synth,data/synthetic/ddpm64_all/bkl/bkl_00691.png
bkl,synth,data/synthetic/ddpm64_all/bkl/bkl_00692.png
bkl,synth,data/synthetic/ddpm64_all/bkl/bkl_00693.png
bkl,synth,data/synthetic/ddpm64_all/bkl/bkl_00694.png
bkl,synth,data/synthetic/ddpm64_all/bkl/bkl_00695.png
bkl,synth,data/synthetic/ddpm64_all/bkl/bkl_00696.png
bkl,synth,data/synthetic/ddpm64_all/bkl/bkl_00697.png
bkl,synth,data/synthetic/ddpm64_all/bkl/bkl_00698.png
bkl,synth,data/synthetic/ddpm64_all/bkl/bkl_00699.png
bkl,synth,data/synthetic/ddpm64_all/bkl/bkl_00700.png
bkl,synth,data/synthetic/ddpm64_all/bkl/bkl_00701.png
bkl,synth,data/synthetic/ddpm64_all/bkl/bkl_00702.png
bkl,synth,data/synthetic/ddpm64_all/bkl/bkl_00703.png
bkl,synth,data/synthetic/ddpm64_all/bkl/bkl_00704.png
bkl,synth,data/synthetic/ddpm64_all/bkl/bkl_00705.png
bkl,synth,data/synthetic/ddpm64_all/bkl/bkl_00706.png
bkl,synth,data/synthetic/ddpm64_all/bkl/bkl_00707.png
bkl,synth,data/synthetic/ddpm64_all/bkl/bkl_00708.png
bkl,synth,data/synthetic/ddpm64_all/bkl/bkl_00709.png
bkl,synth,data/synthetic/ddpm64_all/bkl/bkl_00710.png
bkl,synth,data/synthetic/ddpm64_all/bkl/bkl_00711.png
bkl,synth,data/synthetic/ddpm64_all/bkl/bkl_00712.png
bkl,synth,data/synthetic/ddpm64_all/bkl/bkl_00713.png
bkl,synth,data/synthetic/ddpm64_all/bkl/bkl_00714.png
bkl,synth,data/synthetic/ddpm64_all/bkl/bkl_00715.png
bkl,synth,data/synthetic/ddpm64_all/bkl/bkl_00716.png
bkl,synth,data/synthetic/ddpm64_all/bkl/bkl_00717.png
bkl,synth,data/synthetic/ddpm64_all/bkl/bkl_00718.png
bkl,synth,data/synthetic/ddpm64_all/bkl/bkl_00719.png
bkl,synth,data/synthetic/ddpm64_all/bkl/bkl_00720.png
bkl,synth,data/synthetic/ddpm64_all/bkl/bkl_00721.png
bkl,synth,data/synthetic/ddpm64_all/bkl/bkl_00722.png
bkl,synth,data/synthetic/ddpm64_all/bkl/bkl_00723.png
bkl,synth,data/synthetic/ddpm64_all/bkl/bkl_00724.png
bkl,synth,data/synthetic/ddpm64_all/bkl/bkl_00725.png
bkl,synth,data/synthetic/ddpm64_all/bkl/bkl_00726.png
bkl,synth,data/synthetic/ddpm64_all/bkl/bkl_00727.png
bkl,synth,data/synthetic/ddpm64_all/bkl/bkl_00728.png
bkl,synth,data/synthetic/ddpm64_all/bkl/bkl_00729.png
bkl,synth,data/synthetic/ddpm64_all/bkl/bkl_00730.png
bkl,synth,data/synthetic/ddpm64_all/bkl/bkl_00731.png
bkl,synth,data/synthetic/ddpm64_all/bkl/bkl_00732.png
bkl,synth,data/synthetic/ddpm64_all/bkl/bkl_00733.png
bkl,synth,data/synthetic/ddpm64_all/bkl/bkl_00734.png
bkl,synth,data/synthetic/ddpm64_all/bkl/bkl_00735.png
bkl,synth,data/synthetic/ddpm64_all/bkl/bkl_00736.png
bkl,synth,data/synthetic/ddpm64_all/bkl/bkl_00737.png
bkl,synth,data/synthetic/ddpm64_all/bkl/bkl_00738.png
bkl,synth,data/synthetic/ddpm64_all/bkl/bkl_00739.png
bkl,synth,data/synthetic/ddpm64_all/bkl/bkl_00740.png
bkl,synth,data/synthetic/ddpm64_all/bkl/bkl_00741.png
bkl,synth,data/synthetic/ddpm64_all/bkl/bkl_00742.png
bkl,synth,data/synthetic/ddpm64_all/bkl/bkl_00743.png
bkl,synth,data/synthetic/ddpm64_all/bkl/bkl_00744.png
bkl,synth,data/synthetic/ddpm64_all/bkl/bkl_00745.png
bkl,synth,data/synthetic/ddpm64_all/bkl/bkl_00746.png
bkl,synth,data/synthetic/ddpm64_all/bkl/bkl_00747.png
bkl,synth,data/synthetic/ddpm64_all/bkl/bkl_00748.png
bkl,synth,data/synthetic/ddpm64_all/bkl/bkl_00749.png
bkl,synth,data/synthetic/ddpm64_all/bkl/bkl_00750.png
bkl,synth,data/synthetic/ddpm64_all/bkl/bkl_00751.png
bkl,synth,data/synthetic/ddpm64_all/bkl/bkl_00752.png
bkl,synth,data/synthetic/ddpm64_all/bkl/bkl_00753.png
bkl,synth,data/synthetic/ddpm64_all/bkl/bkl_00754.png
bkl,synth,data/synthetic/ddpm64_all/bkl/bkl_00755.png
bkl,synth,data/synthetic/ddpm64_all/bkl/bkl_00756.png
bkl,synth,data/synthetic/ddpm64_all/bkl/bkl_00757.png
bkl,synth,data/synthetic/ddpm64_all/bkl/bkl_00758.png
bkl,synth,data/synthetic/ddpm64_all/bkl/bkl_00759.png
bkl,synth,data/synthetic/ddpm64_all/bkl/bkl_00760.png
bkl,synth,data/synthetic/ddpm64_all/bkl/bkl_00761.png
bkl,synth,data/synthetic/ddpm64_all/bkl/bkl_00762.png
bkl,synth,data/synthetic/ddpm64_all/bkl/bkl_00763.png
bkl,synth,data/synthetic/ddpm64_all/bkl/bkl_00764.png
bkl,synth,data/synthetic/ddpm64_all/bkl/bkl_00765.png
bkl,synth,data/synthetic/ddpm64_all/bkl/bkl_00766.png
bkl,synth,data/synthetic/ddpm64_all/bkl/bkl_00767.png
bkl,synth,data/synthetic/ddpm64_all/bkl/bkl_00768.png
bkl,synth,data/synthetic/ddpm64_all/bkl/bkl_00769.png
bkl,synth,data/synthetic/ddpm64_all/bkl/bkl_00770.png
bkl,synth,data/synthetic/ddpm64_all/bkl/bkl_00771.png
bkl,synth,data/synthetic/ddpm64_all/bkl/bkl_00772.png
bkl,synth,data/synthetic/ddpm64_all/bkl/bkl_00773.png
bkl,synth,data/synthetic/ddpm64_all/bkl/bkl_00774.png
bkl,synth,data/synthetic/ddpm64_all/bkl/bkl_00775.png
bkl,synth,data/synthetic/ddpm64_all/bkl/bkl_00776.png
bkl,synth,data/synthetic/ddpm64_all/bkl/bkl_00777.png
bkl,synth,data/synthetic/ddpm64_all/bkl/bkl_00778.png
bkl,synth,data/synthetic/ddpm64_all/bkl/bkl_00779.png
bkl,synth,data/synthetic/ddpm64_all/bkl/bkl_00780.png
bkl,synth,data/synthetic/ddpm64_all/bkl/bkl_00781.png
bkl,synth,data/synthetic/ddpm64_all/bkl/bkl_00782.png
bkl,synth,data/synthetic/ddpm64_all/bkl/bkl_00783.png
bkl,synth,data/synthetic/ddpm64_all/bkl/bkl_00784.png
bkl,synth,data/synthetic/ddpm64_all/bkl/bkl_00785.png
bkl,synth,data/synthetic/ddpm64_all/bkl/bkl_00786.png
bkl,synth,data/synthetic/ddpm64_all/bkl/bkl_00787.png
bkl,synth,data/synthetic/ddpm64_all/bkl/bkl_00788.png
bkl,synth,data/synthetic/ddpm64_all/bkl/bkl_00789.png
bkl,synth,data/synthetic/ddpm64_all/bkl/bkl_00790.png
bkl,synth,data/synthetic/ddpm64_all/bkl/bkl_00791.png
bkl,synth,data/synthetic/ddpm64_all/bkl/bkl_00792.png
bkl,synth,data/synthetic/ddpm64_all/bkl/bkl_00793.png
bkl,synth,data/synthetic/ddpm64_all/bkl/bkl_00794.png
bkl,synth,data/synthetic/ddpm64_all/bkl/bkl_00795.png
bkl,synth,data/synthetic/ddpm64_all/bkl/bkl_00796.png
bkl,synth,data/synthetic/ddpm64_all/bkl/bkl_00797.png
bkl,synth,data/synthetic/ddpm64_all/bkl/bkl_00798.png
bkl,synth,data/synthetic/ddpm64_all/bkl/bkl_00799.png
bkl,synth,data/synthetic/ddpm64_all/bkl/bkl_00800.png
bkl,synth,data/synthetic/ddpm64_all/bkl/bkl_00801.png
bkl,synth,data/synthetic/ddpm64_all/bkl/bkl_00802.png
bkl,synth,data/synthetic/ddpm64_all/bkl/bkl_00803.png
bkl,synth,data/synthetic/ddpm64_all/bkl/bkl_00804.png
bkl,synth,data/synthetic/ddpm64_all/bkl/bkl_00805.png
bkl,synth,data/synthetic/ddpm64_all/bkl/bkl_00806.png
bkl,synth,data/synthetic/ddpm64_all/bkl/bkl_00807.png
bkl,synth,data/synthetic/ddpm64_all/bkl/bkl_00808.png
bkl,synth,data/synthetic/ddpm64_all/bkl/bkl_00809.png
bkl,synth,data/synthetic/ddpm64_all/bkl/bkl_00810.png
bkl,synth,data/synthetic/ddpm64_all/bkl/bkl_00811.png
bkl,synth,data/synthetic/ddpm64_all/bkl/bkl_00812.png
bkl,synth,data/synthetic/ddpm64_all/bkl/bkl_00813.png
bkl,synth,data/synthetic/ddpm64_all/bkl/bkl_00814.png
bkl,synth,data/synthetic/ddpm64_all/bkl/bkl_00815.png
bkl,synth,data/synthetic/ddpm64_all/bkl/bkl_00816.png
bkl,synth,data/synthetic/ddpm64_all/bkl/bkl_00817.png
bkl,synth,data/synthetic/ddpm64_all/bkl/bkl_00818.png
bkl,synth,data/synthetic/ddpm64_all/bkl/bkl_00819.png
bkl,synth,data/synthetic/ddpm64_all/bkl/bkl_00820.png
bkl,synth,data/synthetic/ddpm64_all/bkl/bkl_00821.png
bkl,synth,data/synthetic/ddpm64_all/bkl/bkl_00822.png
bkl,synth,data/synthetic/ddpm64_all/bkl/bkl_00823.png
bkl,synth,data/synthetic/ddpm64_all/bkl/bkl_00824.png
bkl,synth,data/synthetic/ddpm64_all/bkl/bkl_00825.png
bkl,synth,data/synthetic/ddpm64_all/bkl/bkl_00826.png
bkl,synth,data/synthetic/ddpm64_all/bkl/bkl_00827.png
bkl,synth,data/synthetic/ddpm64_all/bkl/bkl_00828.png
bkl,synth,data/synthetic/ddpm64_all/bkl/bkl_00829.png
bkl,synth,data/synthetic/ddpm64_all/bkl/bkl_00830.png
bkl,synth,data/synthetic/ddpm64_all/bkl/bkl_00831.png
bkl,synth,data/synthetic/ddpm64_all/bkl/bkl_00832.png
bkl,synth,data/synthetic/ddpm64_all/bkl/bkl_00833.png
bkl,synth,data/synthetic/ddpm64_all/bkl/bkl_00834.png
bkl,synth,data/synthetic/ddpm64_all/bkl/bkl_00835.png
bkl,synth,data/synthetic/ddpm64_all/bkl/bkl_00836.png
bkl,synth,data/synthetic/ddpm64_all/bkl/bkl_00837.png
bkl,synth,data/synthetic/ddpm64_all/bkl/bkl_00838.png
bkl,synth,data/synthetic/ddpm64_all/bkl/bkl_00839.png
bkl,synth,data/synthetic/ddpm64_all/bkl/bkl_00840.png
bkl,synth,data/synthetic/ddpm64_all/bkl/bkl_00841.png
bkl,synth,data/synthetic/ddpm64_all/bkl/bkl_00842.png
bkl,synth,data/synthetic/ddpm64_all/bkl/bkl_00843.png
bkl,synth,data/synthetic/ddpm64_all/bkl/bkl_00844.png
bkl,synth,data/synthetic/ddpm64_all/bkl/bkl_00845.png
bkl,synth,data/synthetic/ddpm64_all/bkl/bkl_00846.png
bkl,synth,data/synthetic/ddpm64_all/bkl/bkl_00847.png
bkl,synth,data/synthetic/ddpm64_all/bkl/bkl_00848.png
bkl,synth,data/synthetic/ddpm64_all/bkl/bkl_00849.png
bkl,synth,data/synthetic/ddpm64_all/bkl/bkl_00850.png
bkl,synth,data/synthetic/ddpm64_all/bkl/bkl_00851.png
bkl,synth,data/synthetic/ddpm64_all/bkl/bkl_00852.png
bkl,synth,data/synthetic/ddpm64_all/bkl/bkl_00853.png
bkl,synth,data/synthetic/ddpm64_all/bkl/bkl_00854.png
bkl,synth,data/synthetic/ddpm64_all/bkl/bkl_00855.png
bkl,synth,data/synthetic/ddpm64_all/bkl/bkl_00856.png
bkl,synth,data/synthetic/ddpm64_all/bkl/bkl_00857.png
bkl,synth,data/synthetic/ddpm64_all/bkl/bkl_00858.png
bkl,synth,data/synthetic/ddpm64_all/bkl/bkl_00859.png
bkl,synth,data/synthetic/ddpm64_all/bkl/bkl_00860.png
bkl,synth,data/synthetic/ddpm64_all/bkl/bkl_00861.png
bkl,synth,data/synthetic/ddpm64_all/bkl/bkl_00862.png
bkl,synth,data/synthetic/ddpm64_all/bkl/bkl_00863.png
bkl,synth,data/synthetic/ddpm64_all/bkl/bkl_00864.png
bkl,synth,data/synthetic/ddpm64_all/bkl/bkl_00865.png
bkl,synth,data/synthetic/ddpm64_all/bkl/bkl_00866.png
bkl,synth,data/synthetic/ddpm64_all/bkl/bkl_00867.png
bkl,synth,data/synthetic/ddpm64_all/bkl/bkl_00868.png
bkl,synth,data/synthetic/ddpm64_all/bkl/bkl_00869.png
bkl,synth,data/synthetic/ddpm64_all/bkl/bkl_00870.png
bkl,synth,data/synthetic/ddpm64_all/bkl/bkl_00871.png
bkl,synth,data/synthetic/ddpm64_all/bkl/bkl_00872.png
bkl,synth,data/synthetic/ddpm64_all/bkl/bkl_00873.png
bkl,synth,data/synthetic/ddpm64_all/bkl/bkl_00874.png
bkl,synth,data/synthetic/ddpm64_all/bkl/bkl_00875.png
bkl,synth,data/synthetic/ddpm64_all/bkl/bkl_00876.png
bkl,synth,data/synthetic/ddpm64_all/bkl/bkl_00877.png
bkl,synth,data/synthetic/ddpm64_all/bkl/bkl_00878.png
bkl,synth,data/synthetic/ddpm64_all/bkl/bkl_00879.png
bkl,synth,data/synthetic/ddpm64_all/bkl/bkl_00880.png
bkl,synth,data/synthetic/ddpm64_all/bkl/bkl_00881.png
bkl,synth,data/synthetic/ddpm64_all/bkl/bkl_00882.png
bkl,synth,data/synthetic/ddpm64_all/bkl/bkl_00883.png
bkl,synth,data/synthetic/ddpm64_all/bkl/bkl_00884.png
bkl,synth,data/synthetic/ddpm64_all/bkl/bkl_00885.png
bkl,synth,data/synthetic/ddpm64_all/bkl/bkl_00886.png
bkl,synth,data/synthetic/ddpm64_all/bkl/bkl_00887.png
bkl,synth,data/synthetic/ddpm64_all/bkl/bkl_00888.png
bkl,synth,data/synthetic/ddpm64_all/bkl/bkl_00889.png
bkl,synth,data/synthetic/ddpm64_all/bkl/bkl_00890.png
bkl,synth,data/synthetic/ddpm64_all/bkl/bkl_00891.png
bkl,synth,data/synthetic/ddpm64_all/bkl/bkl_00892.png
bkl,synth,data/synthetic/ddpm64_all/bkl/bkl_00893.png
bkl,synth,data/synthetic/ddpm64_all/bkl/bkl_00894.png
bkl,synth,data/synthetic/ddpm64_all/bkl/bkl_00895.png
bkl,synth,data/synthetic/ddpm64_all/bkl/bkl_00896.png
bkl,synth,data/synthetic/ddpm64_all/bkl/bkl_00897.png
bkl,synth,data/synthetic/ddpm64_all/bkl/bkl_00898.png
bkl,synth,data/synthetic/ddpm64_all/bkl/bkl_00899.png
bkl,synth,data/synthetic/ddpm64_all/bkl/bkl_00900.png
bkl,synth,data/synthetic/ddpm64_all/bkl/bkl_00901.png
bkl,synth,data/synthetic/ddpm64_all/bkl/bkl_00902.png
bkl,synth,data/synthetic/ddpm64_all/bkl/bkl_00903.png
bkl,synth,data/synthetic/ddpm64_all/bkl/bkl_00904.png
bkl,synth,data/synthetic/ddpm64_all/bkl/bkl_00905.png
bkl,synth,data/synthetic/ddpm64_all/bkl/bkl_00906.png
bkl,synth,data/synthetic/ddpm64_all/bkl/bkl_00907.png
bkl,synth,data/synthetic/ddpm64_all/bkl/bkl_00908.png
bkl,synth,data/synthetic/ddpm64_all/bkl/bkl_00909.png
bkl,synth,data/synthetic/ddpm64_all/bkl/bkl_00910.png
bkl,synth,data/synthetic/ddpm64_all/bkl/bkl_00911.png
bkl,synth,data/synthetic/ddpm64_all/bkl/bkl_00912.png
bkl,synth,data/synthetic/ddpm64_all/bkl/bkl_00913.png
bkl,synth,data/synthetic/ddpm64_all/bkl/bkl_00914.png
bkl,synth,data/synthetic/ddpm64_all/bkl/bkl_00915.png
bkl,synth,data/synthetic/ddpm64_all/bkl/bkl_00916.png
bkl,synth,data/synthetic/ddpm64_all/bkl/bkl_00917.png
bkl,synth,data/synthetic/ddpm64_all/bkl/bkl_00918.png
bkl,synth,data/synthetic/ddpm64_all/bkl/bkl_00919.png
bkl,synth,data/synthetic/ddpm64_all/bkl/bkl_00920.png
bkl,synth,data/synthetic/ddpm64_all/bkl/bkl_00921.png
bkl,synth,data/synthetic/ddpm64_all/bkl/bkl_00922.png
bkl,synth,data/synthetic/ddpm64_all/bkl/bkl_00923.png
bkl,synth,data/synthetic/ddpm64_all/bkl/bkl_00924.png
bkl,synth,data/synthetic/ddpm64_all/bkl/bkl_00925.png
bkl,synth,data/synthetic/ddpm64_all/bkl/bkl_00926.png
bkl,synth,data/synthetic/ddpm64_all/bkl/bkl_00927.png
bkl,synth,data/synthetic/ddpm64_all/bkl/bkl_00928.png
bkl,synth,data/synthetic/ddpm64_all/bkl/bkl_00929.png
bkl,synth,data/synthetic/ddpm64_all/bkl/bkl_00930.png
bkl,synth,data/synthetic/ddpm64_all/bkl/bkl_00931.png
bkl,synth,data/synthetic/ddpm64_all/bkl/bkl_00932.png
bkl,synth,data/synthetic/ddpm64_all/bkl/bkl_00933.png
bkl,synth,data/synthetic/ddpm64_all/bkl/bkl_00934.png
bkl,synth,data/synthetic/ddpm64_all/bkl/bkl_00935.png
bkl,synth,data/synthetic/ddpm64_all/bkl/bkl_00936.png
bkl,synth,data/synthetic/ddpm64_all/bkl/bkl_00937.png
bkl,synth,data/synthetic/ddpm64_all/bkl/bkl_00938.png
bkl,synth,data/synthetic/ddpm64_all/bkl/bkl_00939.png
bkl,synth,data/synthetic/ddpm64_all/bkl/bkl_00940.png
bkl,synth,data/synthetic/ddpm64_all/bkl/bkl_00941.png
bkl,synth,data/synthetic/ddpm64_all/bkl/bkl_00942.png
bkl,synth,data/synthetic/ddpm64_all/bkl/bkl_00943.png
bkl,synth,data/synthetic/ddpm64_all/bkl/bkl_00944.png
bkl,synth,data/synthetic/ddpm64_all/bkl/bkl_00945.png
bkl,synth,data/synthetic/ddpm64_all/bkl/bkl_00946.png
bkl,synth,data/synthetic/ddpm64_all/bkl/bkl_00947.png
bkl,synth,data/synthetic/ddpm64_all/bkl/bkl_00948.png
bkl,synth,data/synthetic/ddpm64_all/bkl/bkl_00949.png
bkl,synth,data/synthetic/ddpm64_all/bkl/bkl_00950.png
bkl,synth,data/synthetic/ddpm64_all/bkl/bkl_00951.png
bkl,synth,data/synthetic/ddpm64_all/bkl/bkl_00952.png
bkl,synth,data/synthetic/ddpm64_all/bkl/bkl_00953.png
bkl,synth,data/synthetic/ddpm64_all/bkl/bkl_00954.png
bkl,synth,data/synthetic/ddpm64_all/bkl/bkl_00955.png
bkl,synth,data/synthetic/ddpm64_all/bkl/bkl_00956.png
bkl,synth,data/synthetic/ddpm64_all/bkl/bkl_00957.png
bkl,synth,data/synthetic/ddpm64_all/bkl/bkl_00958.png
bkl,synth,data/synthetic/ddpm64_all/bkl/bkl_00959.png
bkl,synth,data/synthetic/ddpm64_all/bkl/bkl_00960.png
bkl,synth,data/synthetic/ddpm64_all/bkl/bkl_00961.png
bkl,synth,data/synthetic/ddpm64_all/bkl/bkl_00962.png
bkl,synth,data/synthetic/ddpm64_all/bkl/bkl_00963.png
bkl,synth,data/synthetic/ddpm64_all/bkl/bkl_00964.png
bkl,synth,data/synthetic/ddpm64_all/bkl/bkl_00965.png
bkl,synth,data/synthetic/ddpm64_all/bkl/bkl_00966.png
bkl,synth,data/synthetic/ddpm64_all/bkl/bkl_00967.png
bkl,synth,data/synthetic/ddpm64_all/bkl/bkl_00968.png
bkl,synth,data/synthetic/ddpm64_all/bkl/bkl_00969.png
bkl,synth,data/synthetic/ddpm64_all/bkl/bkl_00970.png
bkl,synth,data/synthetic/ddpm64_all/bkl/bkl_00971.png
bkl,synth,data/synthetic/ddpm64_all/bkl/bkl_00972.png
bkl,synth,data/synthetic/ddpm64_all/bkl/bkl_00973.png
bkl,synth,data/synthetic/ddpm64_all/bkl/bkl_00974.png
bkl,synth,data/synthetic/ddpm64_all/bkl/bkl_00975.png
bkl,synth,data/synthetic/ddpm64_all/bkl/bkl_00976.png
bkl,synth,data/synthetic/ddpm64_all/bkl/bkl_00977.png
bkl,synth,data/synthetic/ddpm64_all/bkl/bkl_00978.png
bkl,synth,data/synthetic/ddpm64_all/bkl/bkl_00979.png
bkl,synth,data/synthetic/ddpm64_all/bkl/bkl_00980.png
bkl,synth,data/synthetic/ddpm64_all/bkl/bkl_00981.png
bkl,synth,data/synthetic/ddpm64_all/bkl/bkl_00982.png
bkl,synth,data/synthetic/ddpm64_all/bkl/bkl_00983.png
bkl,synth,data/synthetic/ddpm64_all/bkl/bkl_00984.png
bkl,synth,data/synthetic/ddpm64_all/bkl/bkl_00985.png
bkl,synth,data/synthetic/ddpm64_all/bkl/bkl_00986.png
bkl,synth,data/synthetic/ddpm64_all/bkl/bkl_00987.png
bkl,synth,data/synthetic/ddpm64_all/bkl/bkl_00988.png
bkl,synth,data/synthetic/ddpm64_all/bkl/bkl_00989.png
bkl,synth,data/synthetic/ddpm64_all/bkl/bkl_00990.png
bkl,synth,data/synthetic/ddpm64_all/bkl/bkl_00991.png
bkl,synth,data/synthetic/ddpm64_all/bkl/bkl_00992.png
bkl,synth,data/synthetic/ddpm64_all/bkl/bkl_00993.png
bkl,synth,data/synthetic/ddpm64_all/bkl/bkl_00994.png
bkl,synth,data/synthetic/ddpm64_all/bkl/bkl_00995.png
bkl,synth,data/synthetic/ddpm64_all/bkl/bkl_00996.png
bkl,synth,data/synthetic/ddpm64_all/bkl/bkl_00997.png
bkl,synth,data/synthetic/ddpm64_all/bkl/bkl_00998.png
bkl,synth,data/synthetic/ddpm64_all/bkl/bkl_00999.png
df,synth,data/synthetic/ddpm64_all/df/df_00000.png
df,synth,data/synthetic/ddpm64_all/df/df_00001.png
df,synth,data/synthetic/ddpm64_all/df/df_00002.png
df,synth,data/synthetic/ddpm64_all/df/df_00003.png
df,synth,data/synthetic/ddpm64_all/df/df_00004.png
df,synth,data/synthetic/ddpm64_all/df/df_00005.png
df,synth,data/synthetic/ddpm64_all/df/df_00006.png
df,synth,data/synthetic/ddpm64_all/df/df_00007.png
df,synth,data/synthetic/ddpm64_all/df/df_00008.png
df,synth,data/synthetic/ddpm64_all/df/df_00009.png
df,synth,data/synthetic/ddpm64_all/df/df_00010.png
df,synth,data/synthetic/ddpm64_all/df/df_00011.png
df,synth,data/synthetic/ddpm64_all/df/df_00012.png
df,synth,data/synthetic/ddpm64_all/df/df_00013.png
df,synth,data/synthetic/ddpm64_all/df/df_00014.png
df,synth,data/synthetic/ddpm64_all/df/df_00015.png
df,synth,data/synthetic/ddpm64_all/df/df_00016.png
df,synth,data/synthetic/ddpm64_all/df/df_00017.png
df,synth,data/synthetic/ddpm64_all/df/df_00018.png
df,synth,data/synthetic/ddpm64_all/df/df_00019.png
df,synth,data/synthetic/ddpm64_all/df/df_00020.png
df,synth,data/synthetic/ddpm64_all/df/df_00021.png
df,synth,data/synthetic/ddpm64_all/df/df_00022.png
df,synth,data/synthetic/ddpm64_all/df/df_00023.png
df,synth,data/synthetic/ddpm64_all/df/df_00024.png
df,synth,data/synthetic/ddpm64_all/df/df_00025.png
df,synth,data/synthetic/ddpm64_all/df/df_00026.png
df,synth,data/synthetic/ddpm64_all/df/df_00027.png
df,synth,data/synthetic/ddpm64_all/df/df_00028.png
df,synth,data/synthetic/ddpm64_all/df/df_00029.png
df,synth,data/synthetic/ddpm64_all/df/df_00030.png
df,synth,data/synthetic/ddpm64_all/df/df_00031.png
df,synth,data/synthetic/ddpm64_all/df/df_00032.png
df,synth,data/synthetic/ddpm64_all/df/df_00033.png
df,synth,data/synthetic/ddpm64_all/df/df_00034.png
df,synth,data/synthetic/ddpm64_all/df/df_00035.png
df,synth,data/synthetic/ddpm64_all/df/df_00036.png
df,synth,data/synthetic/ddpm64_all/df/df_00037.png
df,synth,data/synthetic/ddpm64_all/df/df_00038.png
df,synth,data/synthetic/ddpm64_all/df/df_00039.png
df,synth,data/synthetic/ddpm64_all/df/df_00040.png
df,synth,data/synthetic/ddpm64_all/df/df_00041.png
df,synth,data/synthetic/ddpm64_all/df/df_00042.png
df,synth,data/synthetic/ddpm64_all/df/df_00043.png
df,synth,data/synthetic/ddpm64_all/df/df_00044.png
df,synth,data/synthetic/ddpm64_all/df/df_00045.png
df,synth,data/synthetic/ddpm64_all/df/df_00046.png
df,synth,data/synthetic/ddpm64_all/df/df_00047.png
df,synth,data/synthetic/ddpm64_all/df/df_00048.png
df,synth,data/synthetic/ddpm64_all/df/df_00049.png
df,synth,data/synthetic/ddpm64_all/df/df_00050.png
df,synth,data/synthetic/ddpm64_all/df/df_00051.png
df,synth,data/synthetic/ddpm64_all/df/df_00052.png
df,synth,data/synthetic/ddpm64_all/df/df_00053.png
df,synth,data/synthetic/ddpm64_all/df/df_00054.png
df,synth,data/synthetic/ddpm64_all/df/df_00055.png
df,synth,data/synthetic/ddpm64_all/df/df_00056.png
df,synth,data/synthetic/ddpm64_all/df/df_00057.png
df,synth,data/synthetic/ddpm64_all/df/df_00058.png
df,synth,data/synthetic/ddpm64_all/df/df_00059.png
df,synth,data/synthetic/ddpm64_all/df/df_00060.png
df,synth,data/synthetic/ddpm64_all/df/df_00061.png
df,synth,data/synthetic/ddpm64_all/df/df_00062.png
df,synth,data/synthetic/ddpm64_all/df/df_00063.png
df,synth,data/synthetic/ddpm64_all/df/df_00064.png
df,synth,data/synthetic/ddpm64_all/df/df_00065.png
df,synth,data/synthetic/ddpm64_all/df/df_00066.png
df,synth,data/synthetic/ddpm64_all/df/df_00067.png
df,synth,data/synthetic/ddpm64_all/df/df_00068.png
df,synth,data/synthetic/ddpm64_all/df/df_00069.png
df,synth,data/synthetic/ddpm64_all/df/df_00070.png
df,synth,data/synthetic/ddpm64_all/df/df_00071.png
df,synth,data/synthetic/ddpm64_all/df/df_00072.png
df,synth,data/synthetic/ddpm64_all/df/df_00073.png
df,synth,data/synthetic/ddpm64_all/df/df_00074.png
df,synth,data/synthetic/ddpm64_all/df/df_00075.png
df,synth,data/synthetic/ddpm64_all/df/df_00076.png
df,synth,data/synthetic/ddpm64_all/df/df_00077.png
df,synth,data/synthetic/ddpm64_all/df/df_00078.png
df,synth,data/synthetic/ddpm64_all/df/df_00079.png
df,synth,data/synthetic/ddpm64_all/df/df_00080.png
df,synth,data/synthetic/ddpm64_all/df/df_00081.png
df,synth,data/synthetic/ddpm64_all/df/df_00082.png
df,synth,data/synthetic/ddpm64_all/df/df_00083.png
df,synth,data/synthetic/ddpm64_all/df/df_00084.png
df,synth,data/synthetic/ddpm64_all/df/df_00085.png
df,synth,data/synthetic/ddpm64_all/df/df_00086.png
df,synth,data/synthetic/ddpm64_all/df/df_00087.png
df,synth,data/synthetic/ddpm64_all/df/df_00088.png
df,synth,data/synthetic/ddpm64_all/df/df_00089.png
df,synth,data/synthetic/ddpm64_all/df/df_00090.png
df,synth,data/synthetic/ddpm64_all/df/df_00091.png
df,synth,data/synthetic/ddpm64_all/df/df_00092.png
df,synth,data/synthetic/ddpm64_all/df/df_00093.png
df,synth,data/synthetic/ddpm64_all/df/df_00094.png
df,synth,data/synthetic/ddpm64_all/df/df_00095.png
df,synth,data/synthetic/ddpm64_all/df/df_00096.png
df,synth,data/synthetic/ddpm64_all/df/df_00097.png
df,synth,data/synthetic/ddpm64_all/df/df_00098.png
df,synth,data/synthetic/ddpm64_all/df/df_00099.png
df,synth,data/synthetic/ddpm64_all/df/df_00100.png
df,synth,data/synthetic/ddpm64_all/df/df_00101.png
df,synth,data/synthetic/ddpm64_all/df/df_00102.png
df,synth,data/synthetic/ddpm64_all/df/df_00103.png
df,synth,data/synthetic/ddpm64_all/df/df_00104.png
df,synth,data/synthetic/ddpm64_all/df/df_00105.png
df,synth,data/synthetic/ddpm64_all/df/df_00106.png
df,synth,data/synthetic/ddpm64_all/df/df_00107.png
df,synth,data/synthetic/ddpm64_all/df/df_00108.png
df,synth,data/synthetic/ddpm64_all/df/df_00109.png
df,synth,data/synthetic/ddpm64_all/df/df_00110.png
df,synth,data/synthetic/ddpm64_all/df/df_00111.png
df,synth,data/synthetic/ddpm64_all/df/df_00112.png
df,synth,data/synthetic/ddpm64_all/df/df_00113.png
df,synth,data/synthetic/ddpm64_all/df/df_00114.png
df,synth,data/synthetic/ddpm64_all/df/df_00115.png
df,synth,data/synthetic/ddpm64_all/df/df_00116.png
df,synth,data/synthetic/ddpm64_all/df/df_00117.png
df,synth,data/synthetic/ddpm64_all/df/df_00118.png
df,synth,data/synthetic/ddpm64_all/df/df_00119.png
df,synth,data/synthetic/ddpm64_all/df/df_00120.png
df,synth,data/synthetic/ddpm64_all/df/df_00121.png
df,synth,data/synthetic/ddpm64_all/df/df_00122.png
df,synth,data/synthetic/ddpm64_all/df/df_00123.png
df,synth,data/synthetic/ddpm64_all/df/df_00124.png
df,synth,data/synthetic/ddpm64_all/df/df_00125.png
df,synth,data/synthetic/ddpm64_all/df/df_00126.png
df,synth,data/synthetic/ddpm64_all/df/df_00127.png
df,synth,data/synthetic/ddpm64_all/df/df_00128.png
df,synth,data/synthetic/ddpm64_all/df/df_00129.png
df,synth,data/synthetic/ddpm64_all/df/df_00130.png
df,synth,data/synthetic/ddpm64_all/df/df_00131.png
df,synth,data/synthetic/ddpm64_all/df/df_00132.png
df,synth,data/synthetic/ddpm64_all/df/df_00133.png
df,synth,data/synthetic/ddpm64_all/df/df_00134.png
df,synth,data/synthetic/ddpm64_all/df/df_00135.png
df,synth,data/synthetic/ddpm64_all/df/df_00136.png
df,synth,data/synthetic/ddpm64_all/df/df_00137.png
df,synth,data/synthetic/ddpm64_all/df/df_00138.png
df,synth,data/synthetic/ddpm64_all/df/df_00139.png
df,synth,data/synthetic/ddpm64_all/df/df_00140.png
df,synth,data/synthetic/ddpm64_all/df/df_00141.png
df,synth,data/synthetic/ddpm64_all/df/df_00142.png
df,synth,data/synthetic/ddpm64_all/df/df_00143.png
df,synth,data/synthetic/ddpm64_all/df/df_00144.png
df,synth,data/synthetic/ddpm64_all/df/df_00145.png
df,synth,data/synthetic/ddpm64_all/df/df_00146.png
df,synth,data/synthetic/ddpm64_all/df/df_00147.png
df,synth,data/synthetic/ddpm64_all/df/df_00148.png
df,synth,data/synthetic/ddpm64_all/df/df_00149.png
df,synth,data/synthetic/ddpm64_all/df/df_00150.png
df,synth,data/synthetic/ddpm64_all/df/df_00151.png
df,synth,data/synthetic/ddpm64_all/df/df_00152.png
df,synth,data/synthetic/ddpm64_all/df/df_00153.png
df,synth,data/synthetic/ddpm64_all/df/df_00154.png
df,synth,data/synthetic/ddpm64_all/df/df_00155.png
df,synth,data/synthetic/ddpm64_all/df/df_00156.png
df,synth,data/synthetic/ddpm64_all/df/df_00157.png
df,synth,data/synthetic/ddpm64_all/df/df_00158.png
df,synth,data/synthetic/ddpm64_all/df/df_00159.png
df,synth,data/synthetic/ddpm64_all/df/df_00160.png
df,synth,data/synthetic/ddpm64_all/df/df_00161.png
df,synth,data/synthetic/ddpm64_all/df/df_00162.png
df,synth,data/synthetic/ddpm64_all/df/df_00163.png
df,synth,data/synthetic/ddpm64_all/df/df_00164.png
df,synth,data/synthetic/ddpm64_all/df/df_00165.png
df,synth,data/synthetic/ddpm64_all/df/df_00166.png
df,synth,data/synthetic/ddpm64_all/df/df_00167.png
df,synth,data/synthetic/ddpm64_all/df/df_00168.png
df,synth,data/synthetic/ddpm64_all/df/df_00169.png
df,synth,data/synthetic/ddpm64_all/df/df_00170.png
df,synth,data/synthetic/ddpm64_all/df/df_00171.png
df,synth,data/synthetic/ddpm64_all/df/df_00172.png
df,synth,data/synthetic/ddpm64_all/df/df_00173.png
df,synth,data/synthetic/ddpm64_all/df/df_00174.png
df,synth,data/synthetic/ddpm64_all/df/df_00175.png
df,synth,data/synthetic/ddpm64_all/df/df_00176.png
df,synth,data/synthetic/ddpm64_all/df/df_00177.png
df,synth,data/synthetic/ddpm64_all/df/df_00178.png
df,synth,data/synthetic/ddpm64_all/df/df_00179.png
df,synth,data/synthetic/ddpm64_all/df/df_00180.png
df,synth,data/synthetic/ddpm64_all/df/df_00181.png
df,synth,data/synthetic/ddpm64_all/df/df_00182.png
df,synth,data/synthetic/ddpm64_all/df/df_00183.png
df,synth,data/synthetic/ddpm64_all/df/df_00184.png
df,synth,data/synthetic/ddpm64_all/df/df_00185.png
df,synth,data/synthetic/ddpm64_all/df/df_00186.png
df,synth,data/synthetic/ddpm64_all/df/df_00187.png
df,synth,data/synthetic/ddpm64_all/df/df_00188.png
df,synth,data/synthetic/ddpm64_all/df/df_00189.png
df,synth,data/synthetic/ddpm64_all/df/df_00190.png
df,synth,data/synthetic/ddpm64_all/df/df_00191.png
df,synth,data/synthetic/ddpm64_all/df/df_00192.png
df,synth,data/synthetic/ddpm64_all/df/df_00193.png
df,synth,data/synthetic/ddpm64_all/df/df_00194.png
df,synth,data/synthetic/ddpm64_all/df/df_00195.png
df,synth,data/synthetic/ddpm64_all/df/df_00196.png
df,synth,data/synthetic/ddpm64_all/df/df_00197.png
df,synth,data/synthetic/ddpm64_all/df/df_00198.png
df,synth,data/synthetic/ddpm64_all/df/df_00199.png
df,synth,data/synthetic/ddpm64_all/df/df_00200.png
df,synth,data/synthetic/ddpm64_all/df/df_00201.png
df,synth,data/synthetic/ddpm64_all/df/df_00202.png
df,synth,data/synthetic/ddpm64_all/df/df_00203.png
df,synth,data/synthetic/ddpm64_all/df/df_00204.png
df,synth,data/synthetic/ddpm64_all/df/df_00205.png
df,synth,data/synthetic/ddpm64_all/df/df_00206.png
df,synth,data/synthetic/ddpm64_all/df/df_00207.png
df,synth,data/synthetic/ddpm64_all/df/df_00208.png
df,synth,data/synthetic/ddpm64_all/df/df_00209.png
df,synth,data/synthetic/ddpm64_all/df/df_00210.png
df,synth,data/synthetic/ddpm64_all/df/df_00211.png
df,synth,data/synthetic/ddpm64_all/df/df_00212.png
df,synth,data/synthetic/ddpm64_all/df/df_00213.png
df,synth,data/synthetic/ddpm64_all/df/df_00214.png
df,synth,data/synthetic/ddpm64_all/df/df_00215.png
df,synth,data/synthetic/ddpm64_all/df/df_00216.png
df,synth,data/synthetic/ddpm64_all/df/df_00217.png
df,synth,data/synthetic/ddpm64_all/df/df_00218.png
df,synth,data/synthetic/ddpm64_all/df/df_00219.png
df,synth,data/synthetic/ddpm64_all/df/df_00220.png
df,synth,data/synthetic/ddpm64_all/df/df_00221.png
df,synth,data/synthetic/ddpm64_all/df/df_00222.png
df,synth,data/synthetic/ddpm64_all/df/df_00223.png
df,synth,data/synthetic/ddpm64_all/df/df_00224.png
df,synth,data/synthetic/ddpm64_all/df/df_00225.png
df,synth,data/synthetic/ddpm64_all/df/df_00226.png
df,synth,data/synthetic/ddpm64_all/df/df_00227.png
df,synth,data/synthetic/ddpm64_all/df/df_00228.png
df,synth,data/synthetic/ddpm64_all/df/df_00229.png
df,synth,data/synthetic/ddpm64_all/df/df_00230.png
df,synth,data/synthetic/ddpm64_all/df/df_00231.png
df,synth,data/synthetic/ddpm64_all/df/df_00232.png
df,synth,data/synthetic/ddpm64_all/df/df_00233.png
df,synth,data/synthetic/ddpm64_all/df/df_00234.png
df,synth,data/synthetic/ddpm64_all/df/df_00235.png
df,synth,data/synthetic/ddpm64_all/df/df_00236.png
df,synth,data/synthetic/ddpm64_all/df/df_00237.png
df,synth,data/synthetic/ddpm64_all/df/df_00238.png
df,synth,data/synthetic/ddpm64_all/df/df_00239.png
df,synth,data/synthetic/ddpm64_all/df/df_00240.png
df,synth,data/synthetic/ddpm64_all/df/df_00241.png
df,synth,data/synthetic/ddpm64_all/df/df_00242.png
df,synth,data/synthetic/ddpm64_all/df/df_00243.png
df,synth,data/synthetic/ddpm64_all/df/df_00244.png
df,synth,data/synthetic/ddpm64_all/df/df_00245.png
df,synth,data/synthetic/ddpm64_all/df/df_00246.png
df,synth,data/synthetic/ddpm64_all/df/df_00247.png
df,synth,data/synthetic/ddpm64_all/df/df_00248.png
df,synth,data/synthetic/ddpm64_all/df/df_00249.png
df,synth,data/synthetic/ddpm64_all/df/df_00250.png
df,synth,data/synthetic/ddpm64_all/df/df_00251.png
df,synth,data/synthetic/ddpm64_all/df/df_00252.png
df,synth,data/synthetic/ddpm64_all/df/df_00253.png
df,synth,data/synthetic/ddpm64_all/df/df_00254.png
df,synth,data/synthetic/ddpm64_all/df/df_00255.png
df,synth,data/synthetic/ddpm64_all/df/df_00256.png
df,synth,data/synthetic/ddpm64_all/df/df_00257.png
df,synth,data/synthetic/ddpm64_all/df/df_00258.png
df,synth,data/synthetic/ddpm64_all/df/df_00259.png
df,synth,data/synthetic/ddpm64_all/df/df_00260.png
df,synth,data/synthetic/ddpm64_all/df/df_00261.png
df,synth,data/synthetic/ddpm64_all/df/df_00262.png
df,synth,data/synthetic/ddpm64_all/df/df_00263.png
df,synth,data/synthetic/ddpm64_all/df/df_00264.png
df,synth,data/synthetic/ddpm64_all/df/df_00265.png
df,synth,data/synthetic/ddpm64_all/df/df_00266.png
df,synth,data/synthetic/ddpm64_all/df/df_00267.png
df,synth,data/synthetic/ddpm64_all/df/df_00268.png
df,synth,data/synthetic/ddpm64_all/df/df_00269.png
df,synth,data/synthetic/ddpm64_all/df/df_00270.png
df,synth,data/synthetic/ddpm64_all/df/df_00271.png
df,synth,data/synthetic/ddpm64_all/df/df_00272.png
df,synth,data/synthetic/ddpm64_all/df/df_00273.png
df,synth,data/synthetic/ddpm64_all/df/df_00274.png
df,synth,data/synthetic/ddpm64_all/df/df_00275.png
df,synth,data/synthetic/ddpm64_all/df/df_00276.png
df,synth,data/synthetic/ddpm64_all/df/df_00277.png
df,synth,data/synthetic/ddpm64_all/df/df_00278.png
df,synth,data/synthetic/ddpm64_all/df/df_00279.png
df,synth,data/synthetic/ddpm64_all/df/df_00280.png
df,synth,data/synthetic/ddpm64_all/df/df_00281.png
df,synth,data/synthetic/ddpm64_all/df/df_00282.png
df,synth,data/synthetic/ddpm64_all/df/df_00283.png
df,synth,data/synthetic/ddpm64_all/df/df_00284.png
df,synth,data/synthetic/ddpm64_all/df/df_00285.png
df,synth,data/synthetic/ddpm64_all/df/df_00286.png
df,synth,data/synthetic/ddpm64_all/df/df_00287.png
df,synth,data/synthetic/ddpm64_all/df/df_00288.png
df,synth,data/synthetic/ddpm64_all/df/df_00289.png
df,synth,data/synthetic/ddpm64_all/df/df_00290.png
df,synth,data/synthetic/ddpm64_all/df/df_00291.png
df,synth,data/synthetic/ddpm64_all/df/df_00292.png
df,synth,data/synthetic/ddpm64_all/df/df_00293.png
df,synth,data/synthetic/ddpm64_all/df/df_00294.png
df,synth,data/synthetic/ddpm64_all/df/df_00295.png
df,synth,data/synthetic/ddpm64_all/df/df_00296.png
df,synth,data/synthetic/ddpm64_all/df/df_00297.png
df,synth,data/synthetic/ddpm64_all/df/df_00298.png
df,synth,data/synthetic/ddpm64_all/df/df_00299.png
df,synth,data/synthetic/ddpm64_all/df/df_00300.png
df,synth,data/synthetic/ddpm64_all/df/df_00301.png
df,synth,data/synthetic/ddpm64_all/df/df_00302.png
df,synth,data/synthetic/ddpm64_all/df/df_00303.png
df,synth,data/synthetic/ddpm64_all/df/df_00304.png
df,synth,data/synthetic/ddpm64_all/df/df_00305.png
df,synth,data/synthetic/ddpm64_all/df/df_00306.png
df,synth,data/synthetic/ddpm64_all/df/df_00307.png
df,synth,data/synthetic/ddpm64_all/df/df_00308.png
df,synth,data/synthetic/ddpm64_all/df/df_00309.png
df,synth,data/synthetic/ddpm64_all/df/df_00310.png
df,synth,data/synthetic/ddpm64_all/df/df_00311.png
df,synth,data/synthetic/ddpm64_all/df/df_00312.png
df,synth,data/synthetic/ddpm64_all/df/df_00313.png
df,synth,data/synthetic/ddpm64_all/df/df_00314.png
df,synth,data/synthetic/ddpm64_all/df/df_00315.png
df,synth,data/synthetic/ddpm64_all/df/df_00316.png
df,synth,data/synthetic/ddpm64_all/df/df_00317.png
df,synth,data/synthetic/ddpm64_all/df/df_00318.png
df,synth,data/synthetic/ddpm64_all/df/df_00319.png
df,synth,data/synthetic/ddpm64_all/df/df_00320.png
df,synth,data/synthetic/ddpm64_all/df/df_00321.png
df,synth,data/synthetic/ddpm64_all/df/df_00322.png
df,synth,data/synthetic/ddpm64_all/df/df_00323.png
df,synth,data/synthetic/ddpm64_all/df/df_00324.png
df,synth,data/synthetic/ddpm64_all/df/df_00325.png
df,synth,data/synthetic/ddpm64_all/df/df_00326.png
df,synth,data/synthetic/ddpm64_all/df/df_00327.png
df,synth,data/synthetic/ddpm64_all/df/df_00328.png
df,synth,data/synthetic/ddpm64_all/df/df_00329.png
df,synth,data/synthetic/ddpm64_all/df/df_00330.png
df,synth,data/synthetic/ddpm64_all/df/df_00331.png
df,synth,data/synthetic/ddpm64_all/df/df_00332.png
df,synth,data/synthetic/ddpm64_all/df/df_00333.png
df,synth,data/synthetic/ddpm64_all/df/df_00334.png
df,synth,data/synthetic/ddpm64_all/df/df_00335.png
df,synth,data/synthetic/ddpm64_all/df/df_00336.png
df,synth,data/synthetic/ddpm64_all/df/df_00337.png
df,synth,data/synthetic/ddpm64_all/df/df_00338.png
df,synth,data/synthetic/ddpm64_all/df/df_00339.png
df,synth,data/synthetic/ddpm64_all/df/df_00340.png
df,synth,data/synthetic/ddpm64_all/df/df_00341.png
df,synth,data/synthetic/ddpm64_all/df/df_00342.png
df,synth,data/synthetic/ddpm64_all/df/df_00343.png
df,synth,data/synthetic/ddpm64_all/df/df_00344.png
df,synth,data/synthetic/ddpm64_all/df/df_00345.png
df,synth,data/synthetic/ddpm64_all/df/df_00346.png
df,synth,data/synthetic/ddpm64_all/df/df_00347.png
df,synth,data/synthetic/ddpm64_all/df/df_00348.png
df,synth,data/synthetic/ddpm64_all/df/df_00349.png
df,synth,data/synthetic/ddpm64_all/df/df_00350.png
df,synth,data/synthetic/ddpm64_all/df/df_00351.png
df,synth,data/synthetic/ddpm64_all/df/df_00352.png
df,synth,data/synthetic/ddpm64_all/df/df_00353.png
df,synth,data/synthetic/ddpm64_all/df/df_00354.png
df,synth,data/synthetic/ddpm64_all/df/df_00355.png
df,synth,data/synthetic/ddpm64_all/df/df_00356.png
df,synth,data/synthetic/ddpm64_all/df/df_00357.png
df,synth,data/synthetic/ddpm64_all/df/df_00358.png
df,synth,data/synthetic/ddpm64_all/df/df_00359.png
df,synth,data/synthetic/ddpm64_all/df/df_00360.png
df,synth,data/synthetic/ddpm64_all/df/df_00361.png
df,synth,data/synthetic/ddpm64_all/df/df_00362.png
df,synth,data/synthetic/ddpm64_all/df/df_00363.png
df,synth,data/synthetic/ddpm64_all/df/df_00364.png
df,synth,data/synthetic/ddpm64_all/df/df_00365.png
df,synth,data/synthetic/ddpm64_all/df/df_00366.png
df,synth,data/synthetic/ddpm64_all/df/df_00367.png
df,synth,data/synthetic/ddpm64_all/df/df_00368.png
df,synth,data/synthetic/ddpm64_all/df/df_00369.png
df,synth,data/synthetic/ddpm64_all/df/df_00370.png
df,synth,data/synthetic/ddpm64_all/df/df_00371.png
df,synth,data/synthetic/ddpm64_all/df/df_00372.png
df,synth,data/synthetic/ddpm64_all/df/df_00373.png
df,synth,data/synthetic/ddpm64_all/df/df_00374.png
df,synth,data/synthetic/ddpm64_all/df/df_00375.png
df,synth,data/synthetic/ddpm64_all/df/df_00376.png
df,synth,data/synthetic/ddpm64_all/df/df_00377.png
df,synth,data/synthetic/ddpm64_all/df/df_00378.png
df,synth,data/synthetic/ddpm64_all/df/df_00379.png
df,synth,data/synthetic/ddpm64_all/df/df_00380.png
df,synth,data/synthetic/ddpm64_all/df/df_00381.png
df,synth,data/synthetic/ddpm64_all/df/df_00382.png
df,synth,data/synthetic/ddpm64_all/df/df_00383.png
df,synth,data/synthetic/ddpm64_all/df/df_00384.png
df,synth,data/synthetic/ddpm64_all/df/df_00385.png
df,synth,data/synthetic/ddpm64_all/df/df_00386.png
df,synth,data/synthetic/ddpm64_all/df/df_00387.png
df,synth,data/synthetic/ddpm64_all/df/df_00388.png
df,synth,data/synthetic/ddpm64_all/df/df_00389.png
df,synth,data/synthetic/ddpm64_all/df/df_00390.png
df,synth,data/synthetic/ddpm64_all/df/df_00391.png
df,synth,data/synthetic/ddpm64_all/df/df_00392.png
df,synth,data/synthetic/ddpm64_all/df/df_00393.png
df,synth,data/synthetic/ddpm64_all/df/df_00394.png
df,synth,data/synthetic/ddpm64_all/df/df_00395.png
df,synth,data/synthetic/ddpm64_all/df/df_00396.png
df,synth,data/synthetic/ddpm64_all/df/df_00397.png
df,synth,data/synthetic/ddpm64_all/df/df_00398.png
df,synth,data/synthetic/ddpm64_all/df/df_00399.png
df,synth,data/synthetic/ddpm64_all/df/df_00400.png
df,synth,data/synthetic/ddpm64_all/df/df_00401.png
df,synth,data/synthetic/ddpm64_all/df/df_00402.png
df,synth,data/synthetic/ddpm64_all/df/df_00403.png
df,synth,data/synthetic/ddpm64_all/df/df_00404.png
df,synth,data/synthetic/ddpm64_all/df/df_00405.png
df,synth,data/synthetic/ddpm64_all/df/df_00406.png
df,synth,data/synthetic/ddpm64_all/df/df_00407.png
df,synth,data/synthetic/ddpm64_all/df/df_00408.png
df,synth,data/synthetic/ddpm64_all/df/df_00409.png
df,synth,data/synthetic/ddpm64_all/df/df_00410.png
df,synth,data/synthetic/ddpm64_all/df/df_00411.png
df,synth,data/synthetic/ddpm64_all/df/df_00412.png
df,synth,data/synthetic/ddpm64_all/df/df_00413.png
df,synth,data/synthetic/ddpm64_all/df/df_00414.png
df,synth,data/synthetic/ddpm64_all/df/df_00415.png
df,synth,data/synthetic/ddpm64_all/df/df_00416.png
df,synth,data/synthetic/ddpm64_all/df/df_00417.png
df,synth,data/synthetic/ddpm64_all/df/df_00418.png
df,synth,data/synthetic/ddpm64_all/df/df_00419.png
df,synth,data/synthetic/ddpm64_all/df/df_00420.png
df,synth,data/synthetic/ddpm64_all/df/df_00421.png
df,synth,data/synthetic/ddpm64_all/df/df_00422.png
df,synth,data/synthetic/ddpm64_all/df/df_00423.png
df,synth,data/synthetic/ddpm64_all/df/df_00424.png
df,synth,data/synthetic/ddpm64_all/df/df_00425.png
df,synth,data/synthetic/ddpm64_all/df/df_00426.png
df,synth,data/synthetic/ddpm64_all/df/df_00427.png
df,synth,data/synthetic/ddpm64_all/df/df_00428.png
df,synth,data/synthetic/ddpm64_all/df/df_00429.png
df,synth,data/synthetic/ddpm64_all/df/df_00430.png
df,synth,data/synthetic/ddpm64_all/df/df_00431.png
df,synth,data/synthetic/ddpm64_all/df/df_00432.png
df,synth,data/synthetic/ddpm64_all/df/df_00433.png
df,synth,data/synthetic/ddpm64_all/df/df_00434.png
df,synth,data/synthetic/ddpm64_all/df/df_00435.png
df,synth,data/synthetic/ddpm64_all/df/df_00436.png
df,synth,data/synthetic/ddpm64_all/df/df_00437.png
df,synth,data/synthetic/ddpm64_all/df/df_00438.png
df,synth,data/synthetic/ddpm64_all/df/df_00439.png
df,synth,data/synthetic/ddpm64_all/df/df_00440.png
df,synth,data/synthetic/ddpm64_all/df/df_00441.png
df,synth,data/synthetic/ddpm64_all/df/df_00442.png
df,synth,data/synthetic/ddpm64_all/df/df_00443.png
df,synth,data/synthetic/ddpm64_all/df/df_00444.png
df,synth,data/synthetic/ddpm64_all/df/df_00445.png
df,synth,data/synthetic/ddpm64_all/df/df_00446.png
df,synth,data/synthetic/ddpm64_all/df/df_00447.png
df,synth,data/synthetic/ddpm64_all/df/df_00448.png
df,synth,data/synthetic/ddpm64_all/df/df_00449.png
df,synth,data/synthetic/ddpm64_all/df/df_00450.png
df,synth,data/synthetic/ddpm64_all/df/df_00451.png
df,synth,data/synthetic/ddpm64_all/df/df_00452.png
df,synth,data/synthetic/ddpm64_all/df/df_00453.png
df,synth,data/synthetic/ddpm64_all/df/df_00454.png
df,synth,data/synthetic/ddpm64_all/df/df_00455.png
df,synth,data/synthetic/ddpm64_all/df/df_00456.png
df,synth,data/synthetic/ddpm64_all/df/df_00457.png
df,synth,data/synthetic/ddpm64_all/df/df_00458.png
df,synth,data/synthetic/ddpm64_all/df/df_00459.png
df,synth,data/synthetic/ddpm64_all/df/df_00460.png
df,synth,data/synthetic/ddpm64_all/df/df_00461.png
df,synth,data/synthetic/ddpm64_all/df/df_00462.png
df,synth,data/synthetic/ddpm64_all/df/df_00463.png
df,synth,data/synthetic/ddpm64_all/df/df_00464.png
df,synth,data/synthetic/ddpm64_all/df/df_00465.png
df,synth,data/synthetic/ddpm64_all/df/df_00466.png
df,synth,data/synthetic/ddpm64_all/df/df_00467.png
df,synth,data/synthetic/ddpm64_all/df/df_00468.png
df,synth,data/synthetic/ddpm64_all/df/df_00469.png
df,synth,data/synthetic/ddpm64_all/df/df_00470.png
df,synth,data/synthetic/ddpm64_all/df/df_00471.png
df,synth,data/synthetic/ddpm64_all/df/df_00472.png
df,synth,data/synthetic/ddpm64_all/df/df_00473.png
df,synth,data/synthetic/ddpm64_all/df/df_00474.png
df,synth,data/synthetic/ddpm64_all/df/df_00475.png
df,synth,data/synthetic/ddpm64_all/df/df_00476.png
df,synth,data/synthetic/ddpm64_all/df/df_00477.png
df,synth,data/synthetic/ddpm64_all/df/df_00478.png
df,synth,data/synthetic/ddpm64_all/df/df_00479.png
df,synth,data/synthetic/ddpm64_all/df/df_00480.png
df,synth,data/synthetic/ddpm64_all/df/df_00481.png
df,synth,data/synthetic/ddpm64_all/df/df_00482.png
df,synth,data/synthetic/ddpm64_all/df/df_00483.png
df,synth,data/synthetic/ddpm64_all/df/df_00484.png
df,synth,data/synthetic/ddpm64_all/df/df_00485.png
df,synth,data/synthetic/ddpm64_all/df/df_00486.png
df,synth,data/synthetic/ddpm64_all/df/df_00487.png
df,synth,data/synthetic/ddpm64_all/df/df_00488.png
df,synth,data/synthetic/ddpm64_all/df/df_00489.png
df,synth,data/synthetic/ddpm64_all/df/df_00490.png
df,synth,data/synthetic/ddpm64_all/df/df_00491.png
df,synth,data/synthetic/ddpm64_all/df/df_00492.png
df,synth,data/synthetic/ddpm64_all/df/df_00493.png
df,synth,data/synthetic/ddpm64_all/df/df_00494.png
df,synth,data/synthetic/ddpm64_all/df/df_00495.png
df,synth,data/synthetic/ddpm64_all/df/df_00496.png
df,synth,data/synthetic/ddpm64_all/df/df_00497.png
df,synth,data/synthetic/ddpm64_all/df/df_00498.png
df,synth,data/synthetic/ddpm64_all/df/df_00499.png
df,synth,data/synthetic/ddpm64_all/df/df_00500.png
df,synth,data/synthetic/ddpm64_all/df/df_00501.png
df,synth,data/synthetic/ddpm64_all/df/df_00502.png
df,synth,data/synthetic/ddpm64_all/df/df_00503.png
df,synth,data/synthetic/ddpm64_all/df/df_00504.png
df,synth,data/synthetic/ddpm64_all/df/df_00505.png
df,synth,data/synthetic/ddpm64_all/df/df_00506.png
df,synth,data/synthetic/ddpm64_all/df/df_00507.png
df,synth,data/synthetic/ddpm64_all/df/df_00508.png
df,synth,data/synthetic/ddpm64_all/df/df_00509.png
df,synth,data/synthetic/ddpm64_all/df/df_00510.png
df,synth,data/synthetic/ddpm64_all/df/df_00511.png
df,synth,data/synthetic/ddpm64_all/df/df_00512.png
df,synth,data/synthetic/ddpm64_all/df/df_00513.png
df,synth,data/synthetic/ddpm64_all/df/df_00514.png
df,synth,data/synthetic/ddpm64_all/df/df_00515.png
df,synth,data/synthetic/ddpm64_all/df/df_00516.png
df,synth,data/synthetic/ddpm64_all/df/df_00517.png
df,synth,data/synthetic/ddpm64_all/df/df_00518.png
df,synth,data/synthetic/ddpm64_all/df/df_00519.png
df,synth,data/synthetic/ddpm64_all/df/df_00520.png
df,synth,data/synthetic/ddpm64_all/df/df_00521.png
df,synth,data/synthetic/ddpm64_all/df/df_00522.png
df,synth,data/synthetic/ddpm64_all/df/df_00523.png
df,synth,data/synthetic/ddpm64_all/df/df_00524.png
df,synth,data/synthetic/ddpm64_all/df/df_00525.png
df,synth,data/synthetic/ddpm64_all/df/df_00526.png
df,synth,data/synthetic/ddpm64_all/df/df_00527.png
df,synth,data/synthetic/ddpm64_all/df/df_00528.png
df,synth,data/synthetic/ddpm64_all/df/df_00529.png
df,synth,data/synthetic/ddpm64_all/df/df_00530.png
df,synth,data/synthetic/ddpm64_all/df/df_00531.png
df,synth,data/synthetic/ddpm64_all/df/df_00532.png
df,synth,data/synthetic/ddpm64_all/df/df_00533.png
df,synth,data/synthetic/ddpm64_all/df/df_00534.png
df,synth,data/synthetic/ddpm64_all/df/df_00535.png
df,synth,data/synthetic/ddpm64_all/df/df_00536.png
df,synth,data/synthetic/ddpm64_all/df/df_00537.png
df,synth,data/synthetic/ddpm64_all/df/df_00538.png
df,synth,data/synthetic/ddpm64_all/df/df_00539.png
df,synth,data/synthetic/ddpm64_all/df/df_00540.png
df,synth,data/synthetic/ddpm64_all/df/df_00541.png
df,synth,data/synthetic/ddpm64_all/df/df_00542.png
df,synth,data/synthetic/ddpm64_all/df/df_00543.png
df,synth,data/synthetic/ddpm64_all/df/df_00544.png
df,synth,data/synthetic/ddpm64_all/df/df_00545.png
df,synth,data/synthetic/ddpm64_all/df/df_00546.png
df,synth,data/synthetic/ddpm64_all/df/df_00547.png
df,synth,data/synthetic/ddpm64_all/df/df_00548.png
df,synth,data/synthetic/ddpm64_all/df/df_00549.png
df,synth,data/synthetic/ddpm64_all/df/df_00550.png
df,synth,data/synthetic/ddpm64_all/df/df_00551.png
df,synth,data/synthetic/ddpm64_all/df/df_00552.png
df,synth,data/synthetic/ddpm64_all/df/df_00553.png
df,synth,data/synthetic/ddpm64_all/df/df_00554.png
df,synth,data/synthetic/ddpm64_all/df/df_00555.png
df,synth,data/synthetic/ddpm64_all/df/df_00556.png
df,synth,data/synthetic/ddpm64_all/df/df_00557.png
df,synth,data/synthetic/ddpm64_all/df/df_00558.png
df,synth,data/synthetic/ddpm64_all/df/df_00559.png
df,synth,data/synthetic/ddpm64_all/df/df_00560.png
df,synth,data/synthetic/ddpm64_all/df/df_00561.png
df,synth,data/synthetic/ddpm64_all/df/df_00562.png
df,synth,data/synthetic/ddpm64_all/df/df_00563.png
df,synth,data/synthetic/ddpm64_all/df/df_00564.png
df,synth,data/synthetic/ddpm64_all/df/df_00565.png
df,synth,data/synthetic/ddpm64_all/df/df_00566.png
df,synth,data/synthetic/ddpm64_all/df/df_00567.png
df,synth,data/synthetic/ddpm64_all/df/df_00568.png
df,synth,data/synthetic/ddpm64_all/df/df_00569.png
df,synth,data/synthetic/ddpm64_all/df/df_00570.png
df,synth,data/synthetic/ddpm64_all/df/df_00571.png
df,synth,data/synthetic/ddpm64_all/df/df_00572.png
df,synth,data/synthetic/ddpm64_all/df/df_00573.png
df,synth,data/synthetic/ddpm64_all/df/df_00574.png
df,synth,data/synthetic/ddpm64_all/df/df_00575.png
df,synth,data/synthetic/ddpm64_all/df/df_00576.png
df,synth,data/synthetic/ddpm64_all/df/df_00577.png
df,synth,data/synthetic/ddpm64_all/df/df_00578.png
df,synth,data/synthetic/ddpm64_all/df/df_00579.png
df,synth,data/synthetic/ddpm64_all/df/df_00580.png
df,synth,data/synthetic/ddpm64_all/df/df_00581.png
df,synth,data/synthetic/ddpm64_all/df/df_00582.png
df,synth,data/synthetic/ddpm64_all/df/df_00583.png
df,synth,data/synthetic/ddpm64_all/df/df_00584.png
df,synth,data/synthetic/ddpm64_all/df/df_00585.png
df,synth,data/synthetic/ddpm64_all/df/df_00586.png
df,synth,data/synthetic/ddpm64_all/df/df_00587.png
df,synth,data/synthetic/ddpm64_all/df/df_00588.png
df,synth,data/synthetic/ddpm64_all/df/df_00589.png
df,synth,data/synthetic/ddpm64_all/df/df_00590.png
df,synth,data/synthetic/ddpm64_all/df/df_00591.png
df,synth,data/synthetic/ddpm64_all/df/df_00592.png
df,synth,data/synthetic/ddpm64_all/df/df_00593.png
df,synth,data/synthetic/ddpm64_all/df/df_00594.png
df,synth,data/synthetic/ddpm64_all/df/df_00595.png
df,synth,data/synthetic/ddpm64_all/df/df_00596.png
df,synth,data/synthetic/ddpm64_all/df/df_00597.png
df,synth,data/synthetic/ddpm64_all/df/df_00598.png
df,synth,data/synthetic/ddpm64_all/df/df_00599.png
df,synth,data/synthetic/ddpm64_all/df/df_00600.png
df,synth,data/synthetic/ddpm64_all/df/df_00601.png
df,synth,data/synthetic/ddpm64_all/df/df_00602.png
df,synth,data/synthetic/ddpm64_all/df/df_00603.png
df,synth,data/synthetic/ddpm64_all/df/df_00604.png
df,synth,data/synthetic/ddpm64_all/df/df_00605.png
df,synth,data/synthetic/ddpm64_all/df/df_00606.png
df,synth,data/synthetic/ddpm64_all/df/df_00607.png
df,synth,data/synthetic/ddpm64_all/df/df_00608.png
df,synth,data/synthetic/ddpm64_all/df/df_00609.png
df,synth,data/synthetic/ddpm64_all/df/df_00610.png
df,synth,data/synthetic/ddpm64_all/df/df_00611.png
df,synth,data/synthetic/ddpm64_all/df/df_00612.png
df,synth,data/synthetic/ddpm64_all/df/df_00613.png
df,synth,data/synthetic/ddpm64_all/df/df_00614.png
df,synth,data/synthetic/ddpm64_all/df/df_00615.png
df,synth,data/synthetic/ddpm64_all/df/df_00616.png
df,synth,data/synthetic/ddpm64_all/df/df_00617.png
df,synth,data/synthetic/ddpm64_all/df/df_00618.png
df,synth,data/synthetic/ddpm64_all/df/df_00619.png
df,synth,data/synthetic/ddpm64_all/df/df_00620.png
df,synth,data/synthetic/ddpm64_all/df/df_00621.png
df,synth,data/synthetic/ddpm64_all/df/df_00622.png
df,synth,data/synthetic/ddpm64_all/df/df_00623.png
df,synth,data/synthetic/ddpm64_all/df/df_00624.png
df,synth,data/synthetic/ddpm64_all/df/df_00625.png
df,synth,data/synthetic/ddpm64_all/df/df_00626.png
df,synth,data/synthetic/ddpm64_all/df/df_00627.png
df,synth,data/synthetic/ddpm64_all/df/df_00628.png
df,synth,data/synthetic/ddpm64_all/df/df_00629.png
df,synth,data/synthetic/ddpm64_all/df/df_00630.png
df,synth,data/synthetic/ddpm64_all/df/df_00631.png
df,synth,data/synthetic/ddpm64_all/df/df_00632.png
df,synth,data/synthetic/ddpm64_all/df/df_00633.png
df,synth,data/synthetic/ddpm64_all/df/df_00634.png
df,synth,data/synthetic/ddpm64_all/df/df_00635.png
df,synth,data/synthetic/ddpm64_all/df/df_00636.png
df,synth,data/synthetic/ddpm64_all/df/df_00637.png
df,synth,data/synthetic/ddpm64_all/df/df_00638.png
df,synth,data/synthetic/ddpm64_all/df/df_00639.png
df,synth,data/synthetic/ddpm64_all/df/df_00640.png
df,synth,data/synthetic/ddpm64_all/df/df_00641.png
df,synth,data/synthetic/ddpm64_all/df/df_00642.png
df,synth,data/synthetic/ddpm64_all/df/df_00643.png
df,synth,data/synthetic/ddpm64_all/df/df_00644.png
df,synth,data/synthetic/ddpm64_all/df/df_00645.png
df,synth,data/synthetic/ddpm64_all/df/df_00646.png
df,synth,data/synthetic/ddpm64_all/df/df_00647.png
df,synth,data/synthetic/ddpm64_all/df/df_00648.png
df,synth,data/synthetic/ddpm64_all/df/df_00649.png
df,synth,data/synthetic/ddpm64_all/df/df_00650.png
df,synth,data/synthetic/ddpm64_all/df/df_00651.png
df,synth,data/synthetic/ddpm64_all/df/df_00652.png
df,synth,data/synthetic/ddpm64_all/df/df_00653.png
df,synth,data/synthetic/ddpm64_all/df/df_00654.png
df,synth,data/synthetic/ddpm64_all/df/df_00655.png
df,synth,data/synthetic/ddpm64_all/df/df_00656.png
df,synth,data/synthetic/ddpm64_all/df/df_00657.png
df,synth,data/synthetic/ddpm64_all/df/df_00658.png
df,synth,data/synthetic/ddpm64_all/df/df_00659.png
df,synth,data/synthetic/ddpm64_all/df/df_00660.png
df,synth,data/synthetic/ddpm64_all/df/df_00661.png
df,synth,data/synthetic/ddpm64_all/df/df_00662.png
df,synth,data/synthetic/ddpm64_all/df/df_00663.png
df,synth,data/synthetic/ddpm64_all/df/df_00664.png
df,synth,data/synthetic/ddpm64_all/df/df_00665.png
df,synth,data/synthetic/ddpm64_all/df/df_00666.png
df,synth,data/synthetic/ddpm64_all/df/df_00667.png
df,synth,data/synthetic/ddpm64_all/df/df_00668.png
df,synth,data/synthetic/ddpm64_all/df/df_00669.png
df,synth,data/synthetic/ddpm64_all/df/df_00670.png
df,synth,data/synthetic/ddpm64_all/df/df_00671.png
df,synth,data/synthetic/ddpm64_all/df/df_00672.png
df,synth,data/synthetic/ddpm64_all/df/df_00673.png
df,synth,data/synthetic/ddpm64_all/df/df_00674.png
df,synth,data/synthetic/ddpm64_all/df/df_00675.png
df,synth,data/synthetic/ddpm64_all/df/df_00676.png
df,synth,data/synthetic/ddpm64_all/df/df_00677.png
df,synth,data/synthetic/ddpm64_all/df/df_00678.png
df,synth,data/synthetic/ddpm64_all/df/df_00679.png
df,synth,data/synthetic/ddpm64_all/df/df_00680.png
df,synth,data/synthetic/ddpm64_all/df/df_00681.png
df,synth,data/synthetic/ddpm64_all/df/df_00682.png
df,synth,data/synthetic/ddpm64_all/df/df_00683.png
df,synth,data/synthetic/ddpm64_all/df/df_00684.png
df,synth,data/synthetic/ddpm64_all/df/df_00685.png
df,synth,data/synthetic/ddpm64_all/df/df_00686.png
df,synth,data/synthetic/ddpm64_all/df/df_00687.png
df,synth,data/synthetic/ddpm64_all/df/df_00688.png
df,synth,data/synthetic/ddpm64_all/df/df_00689.png
df,synth,data/synthetic/ddpm64_all/df/df_00690.png
df,synth,data/synthetic/ddpm64_all/df/df_00691.png
df,synth,data/synthetic/ddpm64_all/df/df_00692.png
df,synth,data/synthetic/ddpm64_all/df/df_00693.png
df,synth,data/synthetic/ddpm64_all/df/df_00694.png
df,synth,data/synthetic/ddpm64_all/df/df_00695.png
df,synth,data/synthetic/ddpm64_all/df/df_00696.png
df,synth,data/synthetic/ddpm64_all/df/df_00697.png
df,synth,data/synthetic/ddpm64_all/df/df_00698.png
df,synth,data/synthetic/ddpm64_all/df/df_00699.png
df,synth,data/synthetic/ddpm64_all/df/df_00700.png
df,synth,data/synthetic/ddpm64_all/df/df_00701.png
df,synth,data/synthetic/ddpm64_all/df/df_00702.png
df,synth,data/synthetic/ddpm64_all/df/df_00703.png
df,synth,data/synthetic/ddpm64_all/df/df_00704.png
df,synth,data/synthetic/ddpm64_all/df/df_00705.png
df,synth,data/synthetic/ddpm64_all/df/df_00706.png
df,synth,data/synthetic/ddpm64_all/df/df_00707.png
df,synth,data/synthetic/ddpm64_all/df/df_00708.png
df,synth,data/synthetic/ddpm64_all/df/df_00709.png
df,synth,data/synthetic/ddpm64_all/df/df_00710.png
df,synth,data/synthetic/ddpm64_all/df/df_00711.png
df,synth,data/synthetic/ddpm64_all/df/df_00712.png
df,synth,data/synthetic/ddpm64_all/df/df_00713.png
df,synth,data/synthetic/ddpm64_all/df/df_00714.png
df,synth,data/synthetic/ddpm64_all/df/df_00715.png
df,synth,data/synthetic/ddpm64_all/df/df_00716.png
df,synth,data/synthetic/ddpm64_all/df/df_00717.png
df,synth,data/synthetic/ddpm64_all/df/df_00718.png
df,synth,data/synthetic/ddpm64_all/df/df_00719.png
df,synth,data/synthetic/ddpm64_all/df/df_00720.png
df,synth,data/synthetic/ddpm64_all/df/df_00721.png
df,synth,data/synthetic/ddpm64_all/df/df_00722.png
df,synth,data/synthetic/ddpm64_all/df/df_00723.png
df,synth,data/synthetic/ddpm64_all/df/df_00724.png
df,synth,data/synthetic/ddpm64_all/df/df_00725.png
df,synth,data/synthetic/ddpm64_all/df/df_00726.png
df,synth,data/synthetic/ddpm64_all/df/df_00727.png
df,synth,data/synthetic/ddpm64_all/df/df_00728.png
df,synth,data/synthetic/ddpm64_all/df/df_00729.png
df,synth,data/synthetic/ddpm64_all/df/df_00730.png
df,synth,data/synthetic/ddpm64_all/df/df_00731.png
df,synth,data/synthetic/ddpm64_all/df/df_00732.png
df,synth,data/synthetic/ddpm64_all/df/df_00733.png
df,synth,data/synthetic/ddpm64_all/df/df_00734.png
df,synth,data/synthetic/ddpm64_all/df/df_00735.png
df,synth,data/synthetic/ddpm64_all/df/df_00736.png
df,synth,data/synthetic/ddpm64_all/df/df_00737.png
df,synth,data/synthetic/ddpm64_all/df/df_00738.png
df,synth,data/synthetic/ddpm64_all/df/df_00739.png
df,synth,data/synthetic/ddpm64_all/df/df_00740.png
df,synth,data/synthetic/ddpm64_all/df/df_00741.png
df,synth,data/synthetic/ddpm64_all/df/df_00742.png
df,synth,data/synthetic/ddpm64_all/df/df_00743.png
df,synth,data/synthetic/ddpm64_all/df/df_00744.png
df,synth,data/synthetic/ddpm64_all/df/df_00745.png
df,synth,data/synthetic/ddpm64_all/df/df_00746.png
df,synth,data/synthetic/ddpm64_all/df/df_00747.png
df,synth,data/synthetic/ddpm64_all/df/df_00748.png
df,synth,data/synthetic/ddpm64_all/df/df_00749.png
df,synth,data/synthetic/ddpm64_all/df/df_00750.png
df,synth,data/synthetic/ddpm64_all/df/df_00751.png
df,synth,data/synthetic/ddpm64_all/df/df_00752.png
df,synth,data/synthetic/ddpm64_all/df/df_00753.png
df,synth,data/synthetic/ddpm64_all/df/df_00754.png
df,synth,data/synthetic/ddpm64_all/df/df_00755.png
df,synth,data/synthetic/ddpm64_all/df/df_00756.png
df,synth,data/synthetic/ddpm64_all/df/df_00757.png
df,synth,data/synthetic/ddpm64_all/df/df_00758.png
df,synth,data/synthetic/ddpm64_all/df/df_00759.png
df,synth,data/synthetic/ddpm64_all/df/df_00760.png
df,synth,data/synthetic/ddpm64_all/df/df_00761.png
df,synth,data/synthetic/ddpm64_all/df/df_00762.png
df,synth,data/synthetic/ddpm64_all/df/df_00763.png
df,synth,data/synthetic/ddpm64_all/df/df_00764.png
df,synth,data/synthetic/ddpm64_all/df/df_00765.png
df,synth,data/synthetic/ddpm64_all/df/df_00766.png
df,synth,data/synthetic/ddpm64_all/df/df_00767.png
df,synth,data/synthetic/ddpm64_all/df/df_00768.png
df,synth,data/synthetic/ddpm64_all/df/df_00769.png
df,synth,data/synthetic/ddpm64_all/df/df_00770.png
df,synth,data/synthetic/ddpm64_all/df/df_00771.png
df,synth,data/synthetic/ddpm64_all/df/df_00772.png
df,synth,data/synthetic/ddpm64_all/df/df_00773.png
df,synth,data/synthetic/ddpm64_all/df/df_00774.png
df,synth,data/synthetic/ddpm64_all/df/df_00775.png
df,synth,data/synthetic/ddpm64_all/df/df_00776.png
df,synth,data/synthetic/ddpm64_all/df/df_00777.png
df,synth,data/synthetic/ddpm64_all/df/df_00778.png
df,synth,data/synthetic/ddpm64_all/df/df_00779.png
df,synth,data/synthetic/ddpm64_all/df/df_00780.png
df,synth,data/synthetic/ddpm64_all/df/df_00781.png
df,synth,data/synthetic/ddpm64_all/df/df_00782.png
df,synth,data/synthetic/ddpm64_all/df/df_00783.png
df,synth,data/synthetic/ddpm64_all/df/df_00784.png
df,synth,data/synthetic/ddpm64_all/df/df_00785.png
df,synth,data/synthetic/ddpm64_all/df/df_00786.png
df,synth,data/synthetic/ddpm64_all/df/df_00787.png
df,synth,data/synthetic/ddpm64_all/df/df_00788.png
df,synth,data/synthetic/ddpm64_all/df/df_00789.png
df,synth,data/synthetic/ddpm64_all/df/df_00790.png
df,synth,data/synthetic/ddpm64_all/df/df_00791.png
df,synth,data/synthetic/ddpm64_all/df/df_00792.png
df,synth,data/synthetic/ddpm64_all/df/df_00793.png
df,synth,data/synthetic/ddpm64_all/df/df_00794.png
df,synth,data/synthetic/ddpm64_all/df/df_00795.png
df,synth,data/synthetic/ddpm64_all/df/df_00796.png
df,synth,data/synthetic/ddpm64_all/df/df_00797.png
df,synth,data/synthetic/ddpm64_all/df/df_00798.png
df,synth,data/synthetic/ddpm64_all/df/df_00799.png
df,synth,data/synthetic/ddpm64_all/df/df_00800.png
df,synth,data/synthetic/ddpm64_all/df/df_00801.png
df,synth,data/synthetic/ddpm64_all/df/df_00802.png
df,synth,data/synthetic/ddpm64_all/df/df_00803.png
df,synth,data/synthetic/ddpm64_all/df/df_00804.png
df,synth,data/synthetic/ddpm64_all/df/df_00805.png
df,synth,data/synthetic/ddpm64_all/df/df_00806.png
df,synth,data/synthetic/ddpm64_all/df/df_00807.png
df,synth,data/synthetic/ddpm64_all/df/df_00808.png
df,synth,data/synthetic/ddpm64_all/df/df_00809.png
df,synth,data/synthetic/ddpm64_all/df/df_00810.png
df,synth,data/synthetic/ddpm64_all/df/df_00811.png
df,synth,data/synthetic/ddpm64_all/df/df_00812.png
df,synth,data/synthetic/ddpm64_all/df/df_00813.png
df,synth,data/synthetic/ddpm64_all/df/df_00814.png
df,synth,data/synthetic/ddpm64_all/df/df_00815.png
df,synth,data/synthetic/ddpm64_all/df/df_00816.png
df,synth,data/synthetic/ddpm64_all/df/df_00817.png
df,synth,data/synthetic/ddpm64_all/df/df_00818.png
df,synth,data/synthetic/ddpm64_all/df/df_00819.png
df,synth,data/synthetic/ddpm64_all/df/df_00820.png
df,synth,data/synthetic/ddpm64_all/df/df_00821.png
df,synth,data/synthetic/ddpm64_all/df/df_00822.png
df,synth,data/synthetic/ddpm64_all/df/df_00823.png
df,synth,data/synthetic/ddpm64_all/df/df_00824.png
df,synth,data/synthetic/ddpm64_all/df/df_00825.png
df,synth,data/synthetic/ddpm64_all/df/df_00826.png
df,synth,data/synthetic/ddpm64_all/df/df_00827.png
df,synth,data/synthetic/ddpm64_all/df/df_00828.png
df,synth,data/synthetic/ddpm64_all/df/df_00829.png
df,synth,data/synthetic/ddpm64_all/df/df_00830.png
df,synth,data/synthetic/ddpm64_all/df/df_00831.png
df,synth,data/synthetic/ddpm64_all/df/df_00832.png
df,synth,data/synthetic/ddpm64_all/df/df_00833.png
df,synth,data/synthetic/ddpm64_all/df/df_00834.png
df,synth,data/synthetic/ddpm64_all/df/df_00835.png
df,synth,data/synthetic/ddpm64_all/df/df_00836.png
df,synth,data/synthetic/ddpm64_all/df/df_00837.png
df,synth,data/synthetic/ddpm64_all/df/df_00838.png
df,synth,data/synthetic/ddpm64_all/df/df_00839.png
df,synth,data/synthetic/ddpm64_all/df/df_00840.png
df,synth,data/synthetic/ddpm64_all/df/df_00841.png
df,synth,data/synthetic/ddpm64_all/df/df_00842.png
df,synth,data/synthetic/ddpm64_all/df/df_00843.png
df,synth,data/synthetic/ddpm64_all/df/df_00844.png
df,synth,data/synthetic/ddpm64_all/df/df_00845.png
df,synth,data/synthetic/ddpm64_all/df/df_00846.png
df,synth,data/synthetic/ddpm64_all/df/df_00847.png
df,synth,data/synthetic/ddpm64_all/df/df_00848.png
df,synth,data/synthetic/ddpm64_all/df/df_00849.png
df,synth,data/synthetic/ddpm64_all/df/df_00850.png
df,synth,data/synthetic/ddpm64_all/df/df_00851.png
df,synth,data/synthetic/ddpm64_all/df/df_00852.png
df,synth,data/synthetic/ddpm64_all/df/df_00853.png
df,synth,data/synthetic/ddpm64_all/df/df_00854.png
df,synth,data/synthetic/ddpm64_all/df/df_00855.png
df,synth,data/synthetic/ddpm64_all/df/df_00856.png
df,synth,data/synthetic/ddpm64_all/df/df_00857.png
df,synth,data/synthetic/ddpm64_all/df/df_00858.png
df,synth,data/synthetic/ddpm64_all/df/df_00859.png
df,synth,data/synthetic/ddpm64_all/df/df_00860.png
df,synth,data/synthetic/ddpm64_all/df/df_00861.png
df,synth,data/synthetic/ddpm64_all/df/df_00862.png
df,synth,data/synthetic/ddpm64_all/df/df_00863.png
df,synth,data/synthetic/ddpm64_all/df/df_00864.png
df,synth,data/synthetic/ddpm64_all/df/df_00865.png
df,synth,data/synthetic/ddpm64_all/df/df_00866.png
df,synth,data/synthetic/ddpm64_all/df/df_00867.png
df,synth,data/synthetic/ddpm64_all/df/df_00868.png
df,synth,data/synthetic/ddpm64_all/df/df_00869.png
df,synth,data/synthetic/ddpm64_all/df/df_00870.png
df,synth,data/synthetic/ddpm64_all/df/df_00871.png
df,synth,data/synthetic/ddpm64_all/df/df_00872.png
df,synth,data/synthetic/ddpm64_all/df/df_00873.png
df,synth,data/synthetic/ddpm64_all/df/df_00874.png
df,synth,data/synthetic/ddpm64_all/df/df_00875.png
df,synth,data/synthetic/ddpm64_all/df/df_00876.png
df,synth,data/synthetic/ddpm64_all/df/df_00877.png
df,synth,data/synthetic/ddpm64_all/df/df_00878.png
df,synth,data/synthetic/ddpm64_all/df/df_00879.png
df,synth,data/synthetic/ddpm64_all/df/df_00880.png
df,synth,data/synthetic/ddpm64_all/df/df_00881.png
df,synth,data/synthetic/ddpm64_all/df/df_00882.png
df,synth,data/synthetic/ddpm64_all/df/df_00883.png
df,synth,data/synthetic/ddpm64_all/df/df_00884.png
df,synth,data/synthetic/ddpm64_all/df/df_00885.png
df,synth,data/synthetic/ddpm64_all/df/df_00886.png
df,synth,data/synthetic/ddpm64_all/df/df_00887.png
df,synth,data/synthetic/ddpm64_all/df/df_00888.png
df,synth,data/synthetic/ddpm64_all/df/df_00889.png
df,synth,data/synthetic/ddpm64_all/df/df_00890.png
df,synth,data/synthetic/ddpm64_all/df/df_00891.png
df,synth,data/synthetic/ddpm64_all/df/df_00892.png
df,synth,data/synthetic/ddpm64_all/df/df_00893.png
df,synth,data/synthetic/ddpm64_all/df/df_00894.png
df,synth,data/synthetic/ddpm64_all/df/df_00895.png
df,synth,data/synthetic/ddpm64_all/df/df_00896.png
df,synth,data/synthetic/ddpm64_all/df/df_00897.png
df,synth,data/synthetic/ddpm64_all/df/df_00898.png
df,synth,data/synthetic/ddpm64_all/df/df_00899.png
df,synth,data/synthetic/ddpm64_all/df/df_00900.png
df,synth,data/synthetic/ddpm64_all/df/df_00901.png
df,synth,data/synthetic/ddpm64_all/df/df_00902.png
df,synth,data/synthetic/ddpm64_all/df/df_00903.png
df,synth,data/synthetic/ddpm64_all/df/df_00904.png
df,synth,data/synthetic/ddpm64_all/df/df_00905.png
df,synth,data/synthetic/ddpm64_all/df/df_00906.png
df,synth,data/synthetic/ddpm64_all/df/df_00907.png
df,synth,data/synthetic/ddpm64_all/df/df_00908.png
df,synth,data/synthetic/ddpm64_all/df/df_00909.png
df,synth,data/synthetic/ddpm64_all/df/df_00910.png
df,synth,data/synthetic/ddpm64_all/df/df_00911.png
df,synth,data/synthetic/ddpm64_all/df/df_00912.png
df,synth,data/synthetic/ddpm64_all/df/df_00913.png
df,synth,data/synthetic/ddpm64_all/df/df_00914.png
df,synth,data/synthetic/ddpm64_all/df/df_00915.png
df,synth,data/synthetic/ddpm64_all/df/df_00916.png
df,synth,data/synthetic/ddpm64_all/df/df_00917.png
df,synth,data/synthetic/ddpm64_all/df/df_00918.png
df,synth,data/synthetic/ddpm64_all/df/df_00919.png
df,synth,data/synthetic/ddpm64_all/df/df_00920.png
df,synth,data/synthetic/ddpm64_all/df/df_00921.png
df,synth,data/synthetic/ddpm64_all/df/df_00922.png
df,synth,data/synthetic/ddpm64_all/df/df_00923.png
df,synth,data/synthetic/ddpm64_all/df/df_00924.png
df,synth,data/synthetic/ddpm64_all/df/df_00925.png
df,synth,data/synthetic/ddpm64_all/df/df_00926.png
df,synth,data/synthetic/ddpm64_all/df/df_00927.png
df,synth,data/synthetic/ddpm64_all/df/df_00928.png
df,synth,data/synthetic/ddpm64_all/df/df_00929.png
df,synth,data/synthetic/ddpm64_all/df/df_00930.png
df,synth,data/synthetic/ddpm64_all/df/df_00931.png
df,synth,data/synthetic/ddpm64_all/df/df_00932.png
df,synth,data/synthetic/ddpm64_all/df/df_00933.png
df,synth,data/synthetic/ddpm64_all/df/df_00934.png
df,synth,data/synthetic/ddpm64_all/df/df_00935.png
df,synth,data/synthetic/ddpm64_all/df/df_00936.png
df,synth,data/synthetic/ddpm64_all/df/df_00937.png
df,synth,data/synthetic/ddpm64_all/df/df_00938.png
df,synth,data/synthetic/ddpm64_all/df/df_00939.png
df,synth,data/synthetic/ddpm64_all/df/df_00940.png
df,synth,data/synthetic/ddpm64_all/df/df_00941.png
df,synth,data/synthetic/ddpm64_all/df/df_00942.png
df,synth,data/synthetic/ddpm64_all/df/df_00943.png
df,synth,data/synthetic/ddpm64_all/df/df_00944.png
df,synth,data/synthetic/ddpm64_all/df/df_00945.png
df,synth,data/synthetic/ddpm64_all/df/df_00946.png
df,synth,data/synthetic/ddpm64_all/df/df_00947.png
df,synth,data/synthetic/ddpm64_all/df/df_00948.png
df,synth,data/synthetic/ddpm64_all/df/df_00949.png
df,synth,data/synthetic/ddpm64_all/df/df_00950.png
df,synth,data/synthetic/ddpm64_all/df/df_00951.png
df,synth,data/synthetic/ddpm64_all/df/df_00952.png
df,synth,data/synthetic/ddpm64_all/df/df_00953.png
df,synth,data/synthetic/ddpm64_all/df/df_00954.png
df,synth,data/synthetic/ddpm64_all/df/df_00955.png
df,synth,data/synthetic/ddpm64_all/df/df_00956.png
df,synth,data/synthetic/ddpm64_all/df/df_00957.png
df,synth,data/synthetic/ddpm64_all/df/df_00958.png
df,synth,data/synthetic/ddpm64_all/df/df_00959.png
df,synth,data/synthetic/ddpm64_all/df/df_00960.png
df,synth,data/synthetic/ddpm64_all/df/df_00961.png
df,synth,data/synthetic/ddpm64_all/df/df_00962.png
df,synth,data/synthetic/ddpm64_all/df/df_00963.png
df,synth,data/synthetic/ddpm64_all/df/df_00964.png
df,synth,data/synthetic/ddpm64_all/df/df_00965.png
df,synth,data/synthetic/ddpm64_all/df/df_00966.png
df,synth,data/synthetic/ddpm64_all/df/df_00967.png
df,synth,data/synthetic/ddpm64_all/df/df_00968.png
df,synth,data/synthetic/ddpm64_all/df/df_00969.png
df,synth,data/synthetic/ddpm64_all/df/df_00970.png
df,synth,data/synthetic/ddpm64_all/df/df_00971.png
df,synth,data/synthetic/ddpm64_all/df/df_00972.png
df,synth,data/synthetic/ddpm64_all/df/df_00973.png
df,synth,data/synthetic/ddpm64_all/df/df_00974.png
df,synth,data/synthetic/ddpm64_all/df/df_00975.png
df,synth,data/synthetic/ddpm64_all/df/df_00976.png
df,synth,data/synthetic/ddpm64_all/df/df_00977.png
df,synth,data/synthetic/ddpm64_all/df/df_00978.png
df,synth,data/synthetic/ddpm64_all/df/df_00979.png
df,synth,data/synthetic/ddpm64_all/df/df_00980.png
df,synth,data/synthetic/ddpm64_all/df/df_00981.png
df,synth,data/synthetic/ddpm64_all/df/df_00982.png
df,synth,data/synthetic/ddpm64_all/df/df_00983.png
df,synth,data/synthetic/ddpm64_all/df/df_00984.png
df,synth,data/synthetic/ddpm64_all/df/df_00985.png
df,synth,data/synthetic/ddpm64_all/df/df_00986.png
df,synth,data/synthetic/ddpm64_all/df/df_00987.png
df,synth,data/synthetic/ddpm64_all/df/df_00988.png
df,synth,data/synthetic/ddpm64_all/df/df_00989.png
df,synth,data/synthetic/ddpm64_all/df/df_00990.png
df,synth,data/synthetic/ddpm64_all/df/df_00991.png
df,synth,data/synthetic/ddpm64_all/df/df_00992.png
df,synth,data/synthetic/ddpm64_all/df/df_00993.png
df,synth,data/synthetic/ddpm64_all/df/df_00994.png
df,synth,data/synthetic/ddpm64_all/df/df_00995.png
df,synth,data/synthetic/ddpm64_all/df/df_00996.png
df,synth,data/synthetic/ddpm64_all/df/df_00997.png
df,synth,data/synthetic/ddpm64_all/df/df_00998.png
df,synth,data/synthetic/ddpm64_all/df/df_00999.png
mel,synth,data/synthetic/ddpm64_all/mel/mel_00000.png
mel,synth,data/synthetic/ddpm64_all/mel/mel_00001.png
mel,synth,data/synthetic/ddpm64_all/mel/mel_00002.png
mel,synth,data/synthetic/ddpm64_all/mel/mel_00003.png
mel,synth,data/synthetic/ddpm64_all/mel/mel_00004.png
mel,synth,data/synthetic/ddpm64_all/mel/mel_00005.png
mel,synth,data/synthetic/ddpm64_all/mel/mel_00006.png
mel,synth,data/synthetic/ddpm64_all/mel/mel_00007.png
mel,synth,data/synthetic/ddpm64_all/mel/mel_00008.png
mel,synth,data/synthetic/ddpm64_all/mel/mel_00009.png
mel,synth,data/synthetic/ddpm64_all/mel/mel_00010.png
mel,synth,data/synthetic/ddpm64_all/mel/mel_00011.png
mel,synth,data/synthetic/ddpm64_all/mel/mel_00012.png
mel,synth,data/synthetic/ddpm64_all/mel/mel_00013.png
mel,synth,data/synthetic/ddpm64_all/mel/mel_00014.png
mel,synth,data/synthetic/ddpm64_all/mel/mel_00015.png
mel,synth,data/synthetic/ddpm64_all/mel/mel_00016.png
mel,synth,data/synthetic/ddpm64_all/mel/mel_00017.png
mel,synth,data/synthetic/ddpm64_all/mel/mel_00018.png
mel,synth,data/synthetic/ddpm64_all/mel/mel_00019.png
mel,synth,data/synthetic/ddpm64_all/mel/mel_00020.png
mel,synth,data/synthetic/ddpm64_all/mel/mel_00021.png
mel,synth,data/synthetic/ddpm64_all/mel/mel_00022.png
mel,synth,data/synthetic/ddpm64_all/mel/mel_00023.png
mel,synth,data/synthetic/ddpm64_all/mel/mel_00024.png
mel,synth,data/synthetic/ddpm64_all/mel/mel_00025.png
mel,synth,data/synthetic/ddpm64_all/mel/mel_00026.png
mel,synth,data/synthetic/ddpm64_all/mel/mel_00027.png
mel,synth,data/synthetic/ddpm64_all/mel/mel_00028.png
mel,synth,data/synthetic/ddpm64_all/mel/mel_00029.png
mel,synth,data/synthetic/ddpm64_all/mel/mel_00030.png
mel,synth,data/synthetic/ddpm64_all/mel/mel_00031.png
mel,synth,data/synthetic/ddpm64_all/mel/mel_00032.png
mel,synth,data/synthetic/ddpm64_all/mel/mel_00033.png
mel,synth,data/synthetic/ddpm64_all/mel/mel_00034.png
mel,synth,data/synthetic/ddpm64_all/mel/mel_00035.png
mel,synth,data/synthetic/ddpm64_all/mel/mel_00036.png
mel,synth,data/synthetic/ddpm64_all/mel/mel_00037.png
mel,synth,data/synthetic/ddpm64_all/mel/mel_00038.png
mel,synth,data/synthetic/ddpm64_all/mel/mel_00039.png
mel,synth,data/synthetic/ddpm64_all/mel/mel_00040.png
mel,synth,data/synthetic/ddpm64_all/mel/mel_00041.png
mel,synth,data/synthetic/ddpm64_all/mel/mel_00042.png
mel,synth,data/synthetic/ddpm64_all/mel/mel_00043.png
mel,synth,data/synthetic/ddpm64_all/mel/mel_00044.png
mel,synth,data/synthetic/ddpm64_all/mel/mel_00045.png
mel,synth,data/synthetic/ddpm64_all/mel/mel_00046.png
mel,synth,data/synthetic/ddpm64_all/mel/mel_00047.png
mel,synth,data/synthetic/ddpm64_all/mel/mel_00048.png
mel,synth,data/synthetic/ddpm64_all/mel/mel_00049.png
mel,synth,data/synthetic/ddpm64_all/mel/mel_00050.png
mel,synth,data/synthetic/ddpm64_all/mel/mel_00051.png
mel,synth,data/synthetic/ddpm64_all/mel/mel_00052.png
mel,synth,data/synthetic/ddpm64_all/mel/mel_00053.png
mel,synth,data/synthetic/ddpm64_all/mel/mel_00054.png
mel,synth,data/synthetic/ddpm64_all/mel/mel_00055.png
mel,synth,data/synthetic/ddpm64_all/mel/mel_00056.png
mel,synth,data/synthetic/ddpm64_all/mel/mel_00057.png
mel,synth,data/synthetic/ddpm64_all/mel/mel_00058.png
mel,synth,data/synthetic/ddpm64_all/mel/mel_00059.png
mel,synth,data/synthetic/ddpm64_all/mel/mel_00060.png
mel,synth,data/synthetic/ddpm64_all/mel/mel_00061.png
mel,synth,data/synthetic/ddpm64_all/mel/mel_00062.png
mel,synth,data/synthetic/ddpm64_all/mel/mel_00063.png
mel,synth,data/synthetic/ddpm64_all/mel/mel_00064.png
mel,synth,data/synthetic/ddpm64_all/mel/mel_00065.png
mel,synth,data/synthetic/ddpm64_all/mel/mel_00066.png
mel,synth,data/synthetic/ddpm64_all/mel/mel_00067.png
mel,synth,data/synthetic/ddpm64_all/mel/mel_00068.png
mel,synth,data/synthetic/ddpm64_all/mel/mel_00069.png
mel,synth,data/synthetic/ddpm64_all/mel/mel_00070.png
mel,synth,data/synthetic/ddpm64_all/mel/mel_00071.png
mel,synth,data/synthetic/ddpm64_all/mel/mel_00072.png
mel,synth,data/synthetic/ddpm64_all/mel/mel_00073.png
mel,synth,data/synthetic/ddpm64_all/mel/mel_00074.png
mel,synth,data/synthetic/ddpm64_all/mel/mel_00075.png
mel,synth,data/synthetic/ddpm64_all/mel/mel_00076.png
mel,synth,data/synthetic/ddpm64_all/mel/mel_00077.png
mel,synth,data/synthetic/ddpm64_all/mel/mel_00078.png
mel,synth,data/synthetic/ddpm64_all/mel/mel_00079.png
mel,synth,data/synthetic/ddpm64_all/mel/mel_00080.png
mel,synth,data/synthetic/ddpm64_all/mel/mel_00081.png
mel,synth,data/synthetic/ddpm64_all/mel/mel_00082.png
mel,synth,data/synthetic/ddpm64_all/mel/mel_00083.png
mel,synth,data/synthetic/ddpm64_all/mel/mel_00084.png
mel,synth,data/synthetic/ddpm64_all/mel/mel_00085.png
mel,synth,data/synthetic/ddpm64_all/mel/mel_00086.png
mel,synth,data/synthetic/ddpm64_all/mel/mel_00087.png
mel,synth,data/synthetic/ddpm64_all/mel/mel_00088.png
mel,synth,data/synthetic/ddpm64_all/mel/mel_00089.png
mel,synth,data/synthetic/ddpm64_all/mel/mel_00090.png
mel,synth,data/synthetic/ddpm64_all/mel/mel_00091.png
mel,synth,data/synthetic/ddpm64_all/mel/mel_00092.png
mel,synth,data/synthetic/ddpm64_all/mel/mel_00093.png
mel,synth,data/synthetic/ddpm64_all/mel/mel_00094.png
mel,synth,data/synthetic/ddpm64_all/mel/mel_00095.png
mel,synth,data/synthetic/ddpm64_all/mel/mel_00096.png
mel,synth,data/synthetic/ddpm64_all/mel/mel_00097.png
mel,synth,data/synthetic/ddpm64_all/mel/mel_00098.png
mel,synth,data/synthetic/ddpm64_all/mel/mel_00099.png
mel,synth,data/synthetic/ddpm64_all/mel/mel_00100.png
mel,synth,data/synthetic/ddpm64_all/mel/mel_00101.png
mel,synth,data/synthetic/ddpm64_all/mel/mel_00102.png
mel,synth,data/synthetic/ddpm64_all/mel/mel_00103.png
mel,synth,data/synthetic/ddpm64_all/mel/mel_00104.png
mel,synth,data/synthetic/ddpm64_all/mel/mel_00105.png
mel,synth,data/synthetic/ddpm64_all/mel/mel_00106.png
mel,synth,data/synthetic/ddpm64_all/mel/mel_00107.png
mel,synth,data/synthetic/ddpm64_all/mel/mel_00108.png
mel,synth,data/synthetic/ddpm64_all/mel/mel_00109.png
mel,synth,data/synthetic/ddpm64_all/mel/mel_00110.png
mel,synth,data/synthetic/ddpm64_all/mel/mel_00111.png
mel,synth,data/synthetic/ddpm64_all/mel/mel_00112.png
mel,synth,data/synthetic/ddpm64_all/mel/mel_00113.png
mel,synth,data/synthetic/ddpm64_all/mel/mel_00114.png
mel,synth,data/synthetic/ddpm64_all/mel/mel_00115.png
mel,synth,data/synthetic/ddpm64_all/mel/mel_00116.png
mel,synth,data/synthetic/ddpm64_all/mel/mel_00117.png
mel,synth,data/synthetic/ddpm64_all/mel/mel_00118.png
mel,synth,data/synthetic/ddpm64_all/mel/mel_00119.png
mel,synth,data/synthetic/ddpm64_all/mel/mel_00120.png
mel,synth,data/synthetic/ddpm64_all/mel/mel_00121.png
mel,synth,data/synthetic/ddpm64_all/mel/mel_00122.png
mel,synth,data/synthetic/ddpm64_all/mel/mel_00123.png
mel,synth,data/synthetic/ddpm64_all/mel/mel_00124.png
mel,synth,data/synthetic/ddpm64_all/mel/mel_00125.png
mel,synth,data/synthetic/ddpm64_all/mel/mel_00126.png
mel,synth,data/synthetic/ddpm64_all/mel/mel_00127.png
mel,synth,data/synthetic/ddpm64_all/mel/mel_00128.png
mel,synth,data/synthetic/ddpm64_all/mel/mel_00129.png
mel,synth,data/synthetic/ddpm64_all/mel/mel_00130.png
mel,synth,data/synthetic/ddpm64_all/mel/mel_00131.png
mel,synth,data/synthetic/ddpm64_all/mel/mel_00132.png
mel,synth,data/synthetic/ddpm64_all/mel/mel_00133.png
mel,synth,data/synthetic/ddpm64_all/mel/mel_00134.png
mel,synth,data/synthetic/ddpm64_all/mel/mel_00135.png
mel,synth,data/synthetic/ddpm64_all/mel/mel_00136.png
mel,synth,data/synthetic/ddpm64_all/mel/mel_00137.png
mel,synth,data/synthetic/ddpm64_all/mel/mel_00138.png
mel,synth,data/synthetic/ddpm64_all/mel/mel_00139.png
mel,synth,data/synthetic/ddpm64_all/mel/mel_00140.png
mel,synth,data/synthetic/ddpm64_all/mel/mel_00141.png
mel,synth,data/synthetic/ddpm64_all/mel/mel_00142.png
mel,synth,data/synthetic/ddpm64_all/mel/mel_00143.png
mel,synth,data/synthetic/ddpm64_all/mel/mel_00144.png
mel,synth,data/synthetic/ddpm64_all/mel/mel_00145.png
mel,synth,data/synthetic/ddpm64_all/mel/mel_00146.png
mel,synth,data/synthetic/ddpm64_all/mel/mel_00147.png
mel,synth,data/synthetic/ddpm64_all/mel/mel_00148.png
mel,synth,data/synthetic/ddpm64_all/mel/mel_00149.png
mel,synth,data/synthetic/ddpm64_all/mel/mel_00150.png
mel,synth,data/synthetic/ddpm64_all/mel/mel_00151.png
mel,synth,data/synthetic/ddpm64_all/mel/mel_00152.png
mel,synth,data/synthetic/ddpm64_all/mel/mel_00153.png
mel,synth,data/synthetic/ddpm64_all/mel/mel_00154.png
mel,synth,data/synthetic/ddpm64_all/mel/mel_00155.png
mel,synth,data/synthetic/ddpm64_all/mel/mel_00156.png
mel,synth,data/synthetic/ddpm64_all/mel/mel_00157.png
mel,synth,data/synthetic/ddpm64_all/mel/mel_00158.png
mel,synth,data/synthetic/ddpm64_all/mel/mel_00159.png
mel,synth,data/synthetic/ddpm64_all/mel/mel_00160.png
mel,synth,data/synthetic/ddpm64_all/mel/mel_00161.png
mel,synth,data/synthetic/ddpm64_all/mel/mel_00162.png
mel,synth,data/synthetic/ddpm64_all/mel/mel_00163.png
mel,synth,data/synthetic/ddpm64_all/mel/mel_00164.png
mel,synth,data/synthetic/ddpm64_all/mel/mel_00165.png
mel,synth,data/synthetic/ddpm64_all/mel/mel_00166.png
mel,synth,data/synthetic/ddpm64_all/mel/mel_00167.png
mel,synth,data/synthetic/ddpm64_all/mel/mel_00168.png
mel,synth,data/synthetic/ddpm64_all/mel/mel_00169.png
mel,synth,data/synthetic/ddpm64_all/mel/mel_00170.png
mel,synth,data/synthetic/ddpm64_all/mel/mel_00171.png
mel,synth,data/synthetic/ddpm64_all/mel/mel_00172.png
mel,synth,data/synthetic/ddpm64_all/mel/mel_00173.png
mel,synth,data/synthetic/ddpm64_all/mel/mel_00174.png
mel,synth,data/synthetic/ddpm64_all/mel/mel_00175.png
mel,synth,data/synthetic/ddpm64_all/mel/mel_00176.png
mel,synth,data/synthetic/ddpm64_all/mel/mel_00177.png
mel,synth,data/synthetic/ddpm64_all/mel/mel_00178.png
mel,synth,data/synthetic/ddpm64_all/mel/mel_00179.png
mel,synth,data/synthetic/ddpm64_all/mel/mel_00180.png
mel,synth,data/synthetic/ddpm64_all/mel/mel_00181.png
mel,synth,data/synthetic/ddpm64_all/mel/mel_00182.png
mel,synth,data/synthetic/ddpm64_all/mel/mel_00183.png
mel,synth,data/synthetic/ddpm64_all/mel/mel_00184.png
mel,synth,data/synthetic/ddpm64_all/mel/mel_00185.png
mel,synth,data/synthetic/ddpm64_all/mel/mel_00186.png
mel,synth,data/synthetic/ddpm64_all/mel/mel_00187.png
mel,synth,data/synthetic/ddpm64_all/mel/mel_00188.png
mel,synth,data/synthetic/ddpm64_all/mel/mel_00189.png
mel,synth,data/synthetic/ddpm64_all/mel/mel_00190.png
mel,synth,data/synthetic/ddpm64_all/mel/mel_00191.png
mel,synth,data/synthetic/ddpm64_all/mel/mel_00192.png
mel,synth,data/synthetic/ddpm64_all/mel/mel_00193.png
mel,synth,data/synthetic/ddpm64_all/mel/mel_00194.png
mel,synth,data/synthetic/ddpm64_all/mel/mel_00195.png
mel,synth,data/synthetic/ddpm64_all/mel/mel_00196.png
mel,synth,data/synthetic/ddpm64_all/mel/mel_00197.png
mel,synth,data/synthetic/ddpm64_all/mel/mel_00198.png
mel,synth,data/synthetic/ddpm64_all/mel/mel_00199.png
mel,synth,data/synthetic/ddpm64_all/mel/mel_00200.png
mel,synth,data/synthetic/ddpm64_all/mel/mel_00201.png
mel,synth,data/synthetic/ddpm64_all/mel/mel_00202.png
mel,synth,data/synthetic/ddpm64_all/mel/mel_00203.png
mel,synth,data/synthetic/ddpm64_all/mel/mel_00204.png
mel,synth,data/synthetic/ddpm64_all/mel/mel_00205.png
mel,synth,data/synthetic/ddpm64_all/mel/mel_00206.png
mel,synth,data/synthetic/ddpm64_all/mel/mel_00207.png
mel,synth,data/synthetic/ddpm64_all/mel/mel_00208.png
mel,synth,data/synthetic/ddpm64_all/mel/mel_00209.png
mel,synth,data/synthetic/ddpm64_all/mel/mel_00210.png
mel,synth,data/synthetic/ddpm64_all/mel/mel_00211.png
mel,synth,data/synthetic/ddpm64_all/mel/mel_00212.png
mel,synth,data/synthetic/ddpm64_all/mel/mel_00213.png
mel,synth,data/synthetic/ddpm64_all/mel/mel_00214.png
mel,synth,data/synthetic/ddpm64_all/mel/mel_00215.png
mel,synth,data/synthetic/ddpm64_all/mel/mel_00216.png
mel,synth,data/synthetic/ddpm64_all/mel/mel_00217.png
mel,synth,data/synthetic/ddpm64_all/mel/mel_00218.png
mel,synth,data/synthetic/ddpm64_all/mel/mel_00219.png
mel,synth,data/synthetic/ddpm64_all/mel/mel_00220.png
mel,synth,data/synthetic/ddpm64_all/mel/mel_00221.png
mel,synth,data/synthetic/ddpm64_all/mel/mel_00222.png
mel,synth,data/synthetic/ddpm64_all/mel/mel_00223.png
mel,synth,data/synthetic/ddpm64_all/mel/mel_00224.png
mel,synth,data/synthetic/ddpm64_all/mel/mel_00225.png
mel,synth,data/synthetic/ddpm64_all/mel/mel_00226.png
mel,synth,data/synthetic/ddpm64_all/mel/mel_00227.png
mel,synth,data/synthetic/ddpm64_all/mel/mel_00228.png
mel,synth,data/synthetic/ddpm64_all/mel/mel_00229.png
mel,synth,data/synthetic/ddpm64_all/mel/mel_00230.png
mel,synth,data/synthetic/ddpm64_all/mel/mel_00231.png
mel,synth,data/synthetic/ddpm64_all/mel/mel_00232.png
mel,synth,data/synthetic/ddpm64_all/mel/mel_00233.png
mel,synth,data/synthetic/ddpm64_all/mel/mel_00234.png
mel,synth,data/synthetic/ddpm64_all/mel/mel_00235.png
mel,synth,data/synthetic/ddpm64_all/mel/mel_00236.png
mel,synth,data/synthetic/ddpm64_all/mel/mel_00237.png
mel,synth,data/synthetic/ddpm64_all/mel/mel_00238.png
mel,synth,data/synthetic/ddpm64_all/mel/mel_00239.png
mel,synth,data/synthetic/ddpm64_all/mel/mel_00240.png
mel,synth,data/synthetic/ddpm64_all/mel/mel_00241.png
mel,synth,data/synthetic/ddpm64_all/mel/mel_00242.png
mel,synth,data/synthetic/ddpm64_all/mel/mel_00243.png
mel,synth,data/synthetic/ddpm64_all/mel/mel_00244.png
mel,synth,data/synthetic/ddpm64_all/mel/mel_00245.png
mel,synth,data/synthetic/ddpm64_all/mel/mel_00246.png
mel,synth,data/synthetic/ddpm64_all/mel/mel_00247.png
mel,synth,data/synthetic/ddpm64_all/mel/mel_00248.png
mel,synth,data/synthetic/ddpm64_all/mel/mel_00249.png
mel,synth,data/synthetic/ddpm64_all/mel/mel_00250.png
mel,synth,data/synthetic/ddpm64_all/mel/mel_00251.png
mel,synth,data/synthetic/ddpm64_all/mel/mel_00252.png
mel,synth,data/synthetic/ddpm64_all/mel/mel_00253.png
mel,synth,data/synthetic/ddpm64_all/mel/mel_00254.png
mel,synth,data/synthetic/ddpm64_all/mel/mel_00255.png
mel,synth,data/synthetic/ddpm64_all/mel/mel_00256.png
mel,synth,data/synthetic/ddpm64_all/mel/mel_00257.png
mel,synth,data/synthetic/ddpm64_all/mel/mel_00258.png
mel,synth,data/synthetic/ddpm64_all/mel/mel_00259.png
mel,synth,data/synthetic/ddpm64_all/mel/mel_00260.png
mel,synth,data/synthetic/ddpm64_all/mel/mel_00261.png
mel,synth,data/synthetic/ddpm64_all/mel/mel_00262.png
mel,synth,data/synthetic/ddpm64_all/mel/mel_00263.png
mel,synth,data/synthetic/ddpm64_all/mel/mel_00264.png
mel,synth,data/synthetic/ddpm64_all/mel/mel_00265.png
mel,synth,data/synthetic/ddpm64_all/mel/mel_00266.png
mel,synth,data/synthetic/ddpm64_all/mel/mel_00267.png
mel,synth,data/synthetic/ddpm64_all/mel/mel_00268.png
mel,synth,data/synthetic/ddpm64_all/mel/mel_00269.png
mel,synth,data/synthetic/ddpm64_all/mel/mel_00270.png
mel,synth,data/synthetic/ddpm64_all/mel/mel_00271.png
mel,synth,data/synthetic/ddpm64_all/mel/mel_00272.png
mel,synth,data/synthetic/ddpm64_all/mel/mel_00273.png
mel,synth,data/synthetic/ddpm64_all/mel/mel_00274.png
mel,synth,data/synthetic/ddpm64_all/mel/mel_00275.png
mel,synth,data/synthetic/ddpm64_all/mel/mel_00276.png
mel,synth,data/synthetic/ddpm64_all/mel/mel_00277.png
mel,synth,data/synthetic/ddpm64_all/mel/mel_00278.png
mel,synth,data/synthetic/ddpm64_all/mel/mel_00279.png
mel,synth,data/synthetic/ddpm64_all/mel/mel_00280.png
mel,synth,data/synthetic/ddpm64_all/mel/mel_00281.png
mel,synth,data/synthetic/ddpm64_all/mel/mel_00282.png
mel,synth,data/synthetic/ddpm64_all/mel/mel_00283.png
mel,synth,data/synthetic/ddpm64_all/mel/mel_00284.png
mel,synth,data/synthetic/ddpm64_all/mel/mel_00285.png
mel,synth,data/synthetic/ddpm64_all/mel/mel_00286.png
mel,synth,data/synthetic/ddpm64_all/mel/mel_00287.png
mel,synth,data/synthetic/ddpm64_all/mel/mel_00288.png
mel,synth,data/synthetic/ddpm64_all/mel/mel_00289.png
mel,synth,data/synthetic/ddpm64_all/mel/mel_00290.png
mel,synth,data/synthetic/ddpm64_all/mel/mel_00291.png
mel,synth,data/synthetic/ddpm64_all/mel/mel_00292.png
mel,synth,data/synthetic/ddpm64_all/mel/mel_00293.png
mel,synth,data/synthetic/ddpm64_all/mel/mel_00294.png
mel,synth,data/synthetic/ddpm64_all/mel/mel_00295.png
mel,synth,data/synthetic/ddpm64_all/mel/mel_00296.png
mel,synth,data/synthetic/ddpm64_all/mel/mel_00297.png
mel,synth,data/synthetic/ddpm64_all/mel/mel_00298.png
mel,synth,data/synthetic/ddpm64_all/mel/mel_00299.png
mel,synth,data/synthetic/ddpm64_all/mel/mel_00300.png
mel,synth,data/synthetic/ddpm64_all/mel/mel_00301.png
mel,synth,data/synthetic/ddpm64_all/mel/mel_00302.png
mel,synth,data/synthetic/ddpm64_all/mel/mel_00303.png
mel,synth,data/synthetic/ddpm64_all/mel/mel_00304.png
mel,synth,data/synthetic/ddpm64_all/mel/mel_00305.png
mel,synth,data/synthetic/ddpm64_all/mel/mel_00306.png
mel,synth,data/synthetic/ddpm64_all/mel/mel_00307.png
mel,synth,data/synthetic/ddpm64_all/mel/mel_00308.png
mel,synth,data/synthetic/ddpm64_all/mel/mel_00309.png
mel,synth,data/synthetic/ddpm64_all/mel/mel_00310.png
mel,synth,data/synthetic/ddpm64_all/mel/mel_00311.png
mel,synth,data/synthetic/ddpm64_all/mel/mel_00312.png
mel,synth,data/synthetic/ddpm64_all/mel/mel_00313.png
mel,synth,data/synthetic/ddpm64_all/mel/mel_00314.png
mel,synth,data/synthetic/ddpm64_all/mel/mel_00315.png
mel,synth,data/synthetic/ddpm64_all/mel/mel_00316.png
mel,synth,data/synthetic/ddpm64_all/mel/mel_00317.png
mel,synth,data/synthetic/ddpm64_all/mel/mel_00318.png
mel,synth,data/synthetic/ddpm64_all/mel/mel_00319.png
mel,synth,data/synthetic/ddpm64_all/mel/mel_00320.png
mel,synth,data/synthetic/ddpm64_all/mel/mel_00321.png
mel,synth,data/synthetic/ddpm64_all/mel/mel_00322.png
mel,synth,data/synthetic/ddpm64_all/mel/mel_00323.png
mel,synth,data/synthetic/ddpm64_all/mel/mel_00324.png
mel,synth,data/synthetic/ddpm64_all/mel/mel_00325.png
mel,synth,data/synthetic/ddpm64_all/mel/mel_00326.png
mel,synth,data/synthetic/ddpm64_all/mel/mel_00327.png
mel,synth,data/synthetic/ddpm64_all/mel/mel_00328.png
mel,synth,data/synthetic/ddpm64_all/mel/mel_00329.png
mel,synth,data/synthetic/ddpm64_all/mel/mel_00330.png
mel,synth,data/synthetic/ddpm64_all/mel/mel_00331.png
mel,synth,data/synthetic/ddpm64_all/mel/mel_00332.png
mel,synth,data/synthetic/ddpm64_all/mel/mel_00333.png
mel,synth,data/synthetic/ddpm64_all/mel/mel_00334.png
mel,synth,data/synthetic/ddpm64_all/mel/mel_00335.png
mel,synth,data/synthetic/ddpm64_all/mel/mel_00336.png
mel,synth,data/synthetic/ddpm64_all/mel/mel_00337.png
mel,synth,data/synthetic/ddpm64_all/mel/mel_00338.png
mel,synth,data/synthetic/ddpm64_all/mel/mel_00339.png
mel,synth,data/synthetic/ddpm64_all/mel/mel_00340.png
mel,synth,data/synthetic/ddpm64_all/mel/mel_00341.png
mel,synth,data/synthetic/ddpm64_all/mel/mel_00342.png
mel,synth,data/synthetic/ddpm64_all/mel/mel_00343.png
mel,synth,data/synthetic/ddpm64_all/mel/mel_00344.png
mel,synth,data/synthetic/ddpm64_all/mel/mel_00345.png
mel,synth,data/synthetic/ddpm64_all/mel/mel_00346.png
mel,synth,data/synthetic/ddpm64_all/mel/mel_00347.png
mel,synth,data/synthetic/ddpm64_all/mel/mel_00348.png
mel,synth,data/synthetic/ddpm64_all/mel/mel_00349.png
mel,synth,data/synthetic/ddpm64_all/mel/mel_00350.png
mel,synth,data/synthetic/ddpm64_all/mel/mel_00351.png
mel,synth,data/synthetic/ddpm64_all/mel/mel_00352.png
mel,synth,data/synthetic/ddpm64_all/mel/mel_00353.png
mel,synth,data/synthetic/ddpm64_all/mel/mel_00354.png
mel,synth,data/synthetic/ddpm64_all/mel/mel_00355.png
mel,synth,data/synthetic/ddpm64_all/mel/mel_00356.png
mel,synth,data/synthetic/ddpm64_all/mel/mel_00357.png
mel,synth,data/synthetic/ddpm64_all/mel/mel_00358.png
mel,synth,data/synthetic/ddpm64_all/mel/mel_00359.png
mel,synth,data/synthetic/ddpm64_all/mel/mel_00360.png
mel,synth,data/synthetic/ddpm64_all/mel/mel_00361.png
mel,synth,data/synthetic/ddpm64_all/mel/mel_00362.png
mel,synth,data/synthetic/ddpm64_all/mel/mel_00363.png
mel,synth,data/synthetic/ddpm64_all/mel/mel_00364.png
mel,synth,data/synthetic/ddpm64_all/mel/mel_00365.png
mel,synth,data/synthetic/ddpm64_all/mel/mel_00366.png
mel,synth,data/synthetic/ddpm64_all/mel/mel_00367.png
mel,synth,data/synthetic/ddpm64_all/mel/mel_00368.png
mel,synth,data/synthetic/ddpm64_all/mel/mel_00369.png
mel,synth,data/synthetic/ddpm64_all/mel/mel_00370.png
mel,synth,data/synthetic/ddpm64_all/mel/mel_00371.png
mel,synth,data/synthetic/ddpm64_all/mel/mel_00372.png
mel,synth,data/synthetic/ddpm64_all/mel/mel_00373.png
mel,synth,data/synthetic/ddpm64_all/mel/mel_00374.png
mel,synth,data/synthetic/ddpm64_all/mel/mel_00375.png
mel,synth,data/synthetic/ddpm64_all/mel/mel_00376.png
mel,synth,data/synthetic/ddpm64_all/mel/mel_00377.png
mel,synth,data/synthetic/ddpm64_all/mel/mel_00378.png
mel,synth,data/synthetic/ddpm64_all/mel/mel_00379.png
mel,synth,data/synthetic/ddpm64_all/mel/mel_00380.png
mel,synth,data/synthetic/ddpm64_all/mel/mel_00381.png
mel,synth,data/synthetic/ddpm64_all/mel/mel_00382.png
mel,synth,data/synthetic/ddpm64_all/mel/mel_00383.png
mel,synth,data/synthetic/ddpm64_all/mel/mel_00384.png
mel,synth,data/synthetic/ddpm64_all/mel/mel_00385.png
mel,synth,data/synthetic/ddpm64_all/mel/mel_00386.png
mel,synth,data/synthetic/ddpm64_all/mel/mel_00387.png
mel,synth,data/synthetic/ddpm64_all/mel/mel_00388.png
mel,synth,data/synthetic/ddpm64_all/mel/mel_00389.png
mel,synth,data/synthetic/ddpm64_all/mel/mel_00390.png
mel,synth,data/synthetic/ddpm64_all/mel/mel_00391.png
mel,synth,data/synthetic/ddpm64_all/mel/mel_00392.png
mel,synth,data/synthetic/ddpm64_all/mel/mel_00393.png
mel,synth,data/synthetic/ddpm64_all/mel/mel_00394.png
mel,synth,data/synthetic/ddpm64_all/mel/mel_00395.png
mel,synth,data/synthetic/ddpm64_all/mel/mel_00396.png
mel,synth,data/synthetic/ddpm64_all/mel/mel_00397.png
mel,synth,data/synthetic/ddpm64_all/mel/mel_00398.png
mel,synth,data/synthetic/ddpm64_all/mel/mel_00399.png
mel,synth,data/synthetic/ddpm64_all/mel/mel_00400.png
mel,synth,data/synthetic/ddpm64_all/mel/mel_00401.png
mel,synth,data/synthetic/ddpm64_all/mel/mel_00402.png
mel,synth,data/synthetic/ddpm64_all/mel/mel_00403.png
mel,synth,data/synthetic/ddpm64_all/mel/mel_00404.png
mel,synth,data/synthetic/ddpm64_all/mel/mel_00405.png
mel,synth,data/synthetic/ddpm64_all/mel/mel_00406.png
mel,synth,data/synthetic/ddpm64_all/mel/mel_00407.png
mel,synth,data/synthetic/ddpm64_all/mel/mel_00408.png
mel,synth,data/synthetic/ddpm64_all/mel/mel_00409.png
mel,synth,data/synthetic/ddpm64_all/mel/mel_00410.png
mel,synth,data/synthetic/ddpm64_all/mel/mel_00411.png
mel,synth,data/synthetic/ddpm64_all/mel/mel_00412.png
mel,synth,data/synthetic/ddpm64_all/mel/mel_00413.png
mel,synth,data/synthetic/ddpm64_all/mel/mel_00414.png
mel,synth,data/synthetic/ddpm64_all/mel/mel_00415.png
mel,synth,data/synthetic/ddpm64_all/mel/mel_00416.png
mel,synth,data/synthetic/ddpm64_all/mel/mel_00417.png
mel,synth,data/synthetic/ddpm64_all/mel/mel_00418.png
mel,synth,data/synthetic/ddpm64_all/mel/mel_00419.png
mel,synth,data/synthetic/ddpm64_all/mel/mel_00420.png
mel,synth,data/synthetic/ddpm64_all/mel/mel_00421.png
mel,synth,data/synthetic/ddpm64_all/mel/mel_00422.png
mel,synth,data/synthetic/ddpm64_all/mel/mel_00423.png
mel,synth,data/synthetic/ddpm64_all/mel/mel_00424.png
mel,synth,data/synthetic/ddpm64_all/mel/mel_00425.png
mel,synth,data/synthetic/ddpm64_all/mel/mel_00426.png
mel,synth,data/synthetic/ddpm64_all/mel/mel_00427.png
mel,synth,data/synthetic/ddpm64_all/mel/mel_00428.png
mel,synth,data/synthetic/ddpm64_all/mel/mel_00429.png
mel,synth,data/synthetic/ddpm64_all/mel/mel_00430.png
mel,synth,data/synthetic/ddpm64_all/mel/mel_00431.png
mel,synth,data/synthetic/ddpm64_all/mel/mel_00432.png
mel,synth,data/synthetic/ddpm64_all/mel/mel_00433.png
mel,synth,data/synthetic/ddpm64_all/mel/mel_00434.png
mel,synth,data/synthetic/ddpm64_all/mel/mel_00435.png
mel,synth,data/synthetic/ddpm64_all/mel/mel_00436.png
mel,synth,data/synthetic/ddpm64_all/mel/mel_00437.png
mel,synth,data/synthetic/ddpm64_all/mel/mel_00438.png
mel,synth,data/synthetic/ddpm64_all/mel/mel_00439.png
mel,synth,data/synthetic/ddpm64_all/mel/mel_00440.png
mel,synth,data/synthetic/ddpm64_all/mel/mel_00441.png
mel,synth,data/synthetic/ddpm64_all/mel/mel_00442.png
mel,synth,data/synthetic/ddpm64_all/mel/mel_00443.png
mel,synth,data/synthetic/ddpm64_all/mel/mel_00444.png
mel,synth,data/synthetic/ddpm64_all/mel/mel_00445.png
mel,synth,data/synthetic/ddpm64_all/mel/mel_00446.png
mel,synth,data/synthetic/ddpm64_all/mel/mel_00447.png
mel,synth,data/synthetic/ddpm64_all/mel/mel_00448.png
mel,synth,data/synthetic/ddpm64_all/mel/mel_00449.png
mel,synth,data/synthetic/ddpm64_all/mel/mel_00450.png
mel,synth,data/synthetic/ddpm64_all/mel/mel_00451.png
mel,synth,data/synthetic/ddpm64_all/mel/mel_00452.png
mel,synth,data/synthetic/ddpm64_all/mel/mel_00453.png
mel,synth,data/synthetic/ddpm64_all/mel/mel_00454.png
mel,synth,data/synthetic/ddpm64_all/mel/mel_00455.png
mel,synth,data/synthetic/ddpm64_all/mel/mel_00456.png
mel,synth,data/synthetic/ddpm64_all/mel/mel_00457.png
mel,synth,data/synthetic/ddpm64_all/mel/mel_00458.png
mel,synth,data/synthetic/ddpm64_all/mel/mel_00459.png
mel,synth,data/synthetic/ddpm64_all/mel/mel_00460.png
mel,synth,data/synthetic/ddpm64_all/mel/mel_00461.png
mel,synth,data/synthetic/ddpm64_all/mel/mel_00462.png
mel,synth,data/synthetic/ddpm64_all/mel/mel_00463.png
mel,synth,data/synthetic/ddpm64_all/mel/mel_00464.png
mel,synth,data/synthetic/ddpm64_all/mel/mel_00465.png
mel,synth,data/synthetic/ddpm64_all/mel/mel_00466.png
mel,synth,data/synthetic/ddpm64_all/mel/mel_00467.png
mel,synth,data/synthetic/ddpm64_all/mel/mel_00468.png
mel,synth,data/synthetic/ddpm64_all/mel/mel_00469.png
mel,synth,data/synthetic/ddpm64_all/mel/mel_00470.png
mel,synth,data/synthetic/ddpm64_all/mel/mel_00471.png
mel,synth,data/synthetic/ddpm64_all/mel/mel_00472.png
mel,synth,data/synthetic/ddpm64_all/mel/mel_00473.png
mel,synth,data/synthetic/ddpm64_all/mel/mel_00474.png
mel,synth,data/synthetic/ddpm64_all/mel/mel_00475.png
mel,synth,data/synthetic/ddpm64_all/mel/mel_00476.png
mel,synth,data/synthetic/ddpm64_all/mel/mel_00477.png
mel,synth,data/synthetic/ddpm64_all/mel/mel_00478.png
mel,synth,data/synthetic/ddpm64_all/mel/mel_00479.png
mel,synth,data/synthetic/ddpm64_all/mel/mel_00480.png
mel,synth,data/synthetic/ddpm64_all/mel/mel_00481.png
mel,synth,data/synthetic/ddpm64_all/mel/mel_00482.png
mel,synth,data/synthetic/ddpm64_all/mel/mel_00483.png
mel,synth,data/synthetic/ddpm64_all/mel/mel_00484.png
mel,synth,data/synthetic/ddpm64_all/mel/mel_00485.png
mel,synth,data/synthetic/ddpm64_all/mel/mel_00486.png
mel,synth,data/synthetic/ddpm64_all/mel/mel_00487.png
mel,synth,data/synthetic/ddpm64_all/mel/mel_00488.png
mel,synth,data/synthetic/ddpm64_all/mel/mel_00489.png
mel,synth,data/synthetic/ddpm64_all/mel/mel_00490.png
mel,synth,data/synthetic/ddpm64_all/mel/mel_00491.png
mel,synth,data/synthetic/ddpm64_all/mel/mel_00492.png
mel,synth,data/synthetic/ddpm64_all/mel/mel_00493.png
mel,synth,data/synthetic/ddpm64_all/mel/mel_00494.png
mel,synth,data/synthetic/ddpm64_all/mel/mel_00495.png
mel,synth,data/synthetic/ddpm64_all/mel/mel_00496.png
mel,synth,data/synthetic/ddpm64_all/mel/mel_00497.png
mel,synth,data/synthetic/ddpm64_all/mel/mel_00498.png
mel,synth,data/synthetic/ddpm64_all/mel/mel_00499.png
mel,synth,data/synthetic/ddpm64_all/mel/mel_00500.png
mel,synth,data/synthetic/ddpm64_all/mel/mel_00501.png
mel,synth,data/synthetic/ddpm64_all/mel/mel_00502.png
mel,synth,data/synthetic/ddpm64_all/mel/mel_00503.png
mel,synth,data/synthetic/ddpm64_all/mel/mel_00504.png
mel,synth,data/synthetic/ddpm64_all/mel/mel_00505.png
mel,synth,data/synthetic/ddpm64_all/mel/mel_00506.png
mel,synth,data/synthetic/ddpm64_all/mel/mel_00507.png
mel,synth,data/synthetic/ddpm64_all/mel/mel_00508.png
mel,synth,data/synthetic/ddpm64_all/mel/mel_00509.png
mel,synth,data/synthetic/ddpm64_all/mel/mel_00510.png
mel,synth,data/synthetic/ddpm64_all/mel/mel_00511.png
mel,synth,data/synthetic/ddpm64_all/mel/mel_00512.png
mel,synth,data/synthetic/ddpm64_all/mel/mel_00513.png
mel,synth,data/synthetic/ddpm64_all/mel/mel_00514.png
mel,synth,data/synthetic/ddpm64_all/mel/mel_00515.png
mel,synth,data/synthetic/ddpm64_all/mel/mel_00516.png
mel,synth,data/synthetic/ddpm64_all/mel/mel_00517.png
mel,synth,data/synthetic/ddpm64_all/mel/mel_00518.png
mel,synth,data/synthetic/ddpm64_all/mel/mel_00519.png
mel,synth,data/synthetic/ddpm64_all/mel/mel_00520.png
mel,synth,data/synthetic/ddpm64_all/mel/mel_00521.png
mel,synth,data/synthetic/ddpm64_all/mel/mel_00522.png
mel,synth,data/synthetic/ddpm64_all/mel/mel_00523.png
mel,synth,data/synthetic/ddpm64_all/mel/mel_00524.png
mel,synth,data/synthetic/ddpm64_all/mel/mel_00525.png
mel,synth,data/synthetic/ddpm64_all/mel/mel_00526.png
mel,synth,data/synthetic/ddpm64_all/mel/mel_00527.png
mel,synth,data/synthetic/ddpm64_all/mel/mel_00528.png
mel,synth,data/synthetic/ddpm64_all/mel/mel_00529.png
mel,synth,data/synthetic/ddpm64_all/mel/mel_00530.png
mel,synth,data/synthetic/ddpm64_all/mel/mel_00531.png
mel,synth,data/synthetic/ddpm64_all/mel/mel_00532.png
mel,synth,data/synthetic/ddpm64_all/mel/mel_00533.png
mel,synth,data/synthetic/ddpm64_all/mel/mel_00534.png
mel,synth,data/synthetic/ddpm64_all/mel/mel_00535.png
mel,synth,data/synthetic/ddpm64_all/mel/mel_00536.png
mel,synth,data/synthetic/ddpm64_all/mel/mel_00537.png
mel,synth,data/synthetic/ddpm64_all/mel/mel_00538.png
mel,synth,data/synthetic/ddpm64_all/mel/mel_00539.png
mel,synth,data/synthetic/ddpm64_all/mel/mel_00540.png
mel,synth,data/synthetic/ddpm64_all/mel/mel_00541.png
mel,synth,data/synthetic/ddpm64_all/mel/mel_00542.png
mel,synth,data/synthetic/ddpm64_all/mel/mel_00543.png
mel,synth,data/synthetic/ddpm64_all/mel/mel_00544.png
mel,synth,data/synthetic/ddpm64_all/mel/mel_00545.png
mel,synth,data/synthetic/ddpm64_all/mel/mel_00546.png
mel,synth,data/synthetic/ddpm64_all/mel/mel_00547.png
mel,synth,data/synthetic/ddpm64_all/mel/mel_00548.png
mel,synth,data/synthetic/ddpm64_all/mel/mel_00549.png
mel,synth,data/synthetic/ddpm64_all/mel/mel_00550.png
mel,synth,data/synthetic/ddpm64_all/mel/mel_00551.png
mel,synth,data/synthetic/ddpm64_all/mel/mel_00552.png
mel,synth,data/synthetic/ddpm64_all/mel/mel_00553.png
mel,synth,data/synthetic/ddpm64_all/mel/mel_00554.png
mel,synth,data/synthetic/ddpm64_all/mel/mel_00555.png
mel,synth,data/synthetic/ddpm64_all/mel/mel_00556.png
mel,synth,data/synthetic/ddpm64_all/mel/mel_00557.png
mel,synth,data/synthetic/ddpm64_all/mel/mel_00558.png
mel,synth,data/synthetic/ddpm64_all/mel/mel_00559.png
mel,synth,data/synthetic/ddpm64_all/mel/mel_00560.png
mel,synth,data/synthetic/ddpm64_all/mel/mel_00561.png
mel,synth,data/synthetic/ddpm64_all/mel/mel_00562.png
mel,synth,data/synthetic/ddpm64_all/mel/mel_00563.png
mel,synth,data/synthetic/ddpm64_all/mel/mel_00564.png
mel,synth,data/synthetic/ddpm64_all/mel/mel_00565.png
mel,synth,data/synthetic/ddpm64_all/mel/mel_00566.png
mel,synth,data/synthetic/ddpm64_all/mel/mel_00567.png
mel,synth,data/synthetic/ddpm64_all/mel/mel_00568.png
mel,synth,data/synthetic/ddpm64_all/mel/mel_00569.png
mel,synth,data/synthetic/ddpm64_all/mel/mel_00570.png
mel,synth,data/synthetic/ddpm64_all/mel/mel_00571.png
mel,synth,data/synthetic/ddpm64_all/mel/mel_00572.png
mel,synth,data/synthetic/ddpm64_all/mel/mel_00573.png
mel,synth,data/synthetic/ddpm64_all/mel/mel_00574.png
mel,synth,data/synthetic/ddpm64_all/mel/mel_00575.png
mel,synth,data/synthetic/ddpm64_all/mel/mel_00576.png
mel,synth,data/synthetic/ddpm64_all/mel/mel_00577.png
mel,synth,data/synthetic/ddpm64_all/mel/mel_00578.png
mel,synth,data/synthetic/ddpm64_all/mel/mel_00579.png
mel,synth,data/synthetic/ddpm64_all/mel/mel_00580.png
mel,synth,data/synthetic/ddpm64_all/mel/mel_00581.png
mel,synth,data/synthetic/ddpm64_all/mel/mel_00582.png
mel,synth,data/synthetic/ddpm64_all/mel/mel_00583.png
mel,synth,data/synthetic/ddpm64_all/mel/mel_00584.png
mel,synth,data/synthetic/ddpm64_all/mel/mel_00585.png
mel,synth,data/synthetic/ddpm64_all/mel/mel_00586.png
mel,synth,data/synthetic/ddpm64_all/mel/mel_00587.png
mel,synth,data/synthetic/ddpm64_all/mel/mel_00588.png
mel,synth,data/synthetic/ddpm64_all/mel/mel_00589.png
mel,synth,data/synthetic/ddpm64_all/mel/mel_00590.png
mel,synth,data/synthetic/ddpm64_all/mel/mel_00591.png
mel,synth,data/synthetic/ddpm64_all/mel/mel_00592.png
mel,synth,data/synthetic/ddpm64_all/mel/mel_00593.png
mel,synth,data/synthetic/ddpm64_all/mel/mel_00594.png
mel,synth,data/synthetic/ddpm64_all/mel/mel_00595.png
mel,synth,data/synthetic/ddpm64_all/mel/mel_00596.png
mel,synth,data/synthetic/ddpm64_all/mel/mel_00597.png
mel,synth,data/synthetic/ddpm64_all/mel/mel_00598.png
mel,synth,data/synthetic/ddpm64_all/mel/mel_00599.png
mel,synth,data/synthetic/ddpm64_all/mel/mel_00600.png
mel,synth,data/synthetic/ddpm64_all/mel/mel_00601.png
mel,synth,data/synthetic/ddpm64_all/mel/mel_00602.png
mel,synth,data/synthetic/ddpm64_all/mel/mel_00603.png
mel,synth,data/synthetic/ddpm64_all/mel/mel_00604.png
mel,synth,data/synthetic/ddpm64_all/mel/mel_00605.png
mel,synth,data/synthetic/ddpm64_all/mel/mel_00606.png
mel,synth,data/synthetic/ddpm64_all/mel/mel_00607.png
mel,synth,data/synthetic/ddpm64_all/mel/mel_00608.png
mel,synth,data/synthetic/ddpm64_all/mel/mel_00609.png
mel,synth,data/synthetic/ddpm64_all/mel/mel_00610.png
mel,synth,data/synthetic/ddpm64_all/mel/mel_00611.png
mel,synth,data/synthetic/ddpm64_all/mel/mel_00612.png
mel,synth,data/synthetic/ddpm64_all/mel/mel_00613.png
mel,synth,data/synthetic/ddpm64_all/mel/mel_00614.png
mel,synth,data/synthetic/ddpm64_all/mel/mel_00615.png
mel,synth,data/synthetic/ddpm64_all/mel/mel_00616.png
mel,synth,data/synthetic/ddpm64_all/mel/mel_00617.png
mel,synth,data/synthetic/ddpm64_all/mel/mel_00618.png
mel,synth,data/synthetic/ddpm64_all/mel/mel_00619.png
mel,synth,data/synthetic/ddpm64_all/mel/mel_00620.png
mel,synth,data/synthetic/ddpm64_all/mel/mel_00621.png
mel,synth,data/synthetic/ddpm64_all/mel/mel_00622.png
mel,synth,data/synthetic/ddpm64_all/mel/mel_00623.png
mel,synth,data/synthetic/ddpm64_all/mel/mel_00624.png
mel,synth,data/synthetic/ddpm64_all/mel/mel_00625.png
mel,synth,data/synthetic/ddpm64_all/mel/mel_00626.png
mel,synth,data/synthetic/ddpm64_all/mel/mel_00627.png
mel,synth,data/synthetic/ddpm64_all/mel/mel_00628.png
mel,synth,data/synthetic/ddpm64_all/mel/mel_00629.png
mel,synth,data/synthetic/ddpm64_all/mel/mel_00630.png
mel,synth,data/synthetic/ddpm64_all/mel/mel_00631.png
mel,synth,data/synthetic/ddpm64_all/mel/mel_00632.png
mel,synth,data/synthetic/ddpm64_all/mel/mel_00633.png
mel,synth,data/synthetic/ddpm64_all/mel/mel_00634.png
mel,synth,data/synthetic/ddpm64_all/mel/mel_00635.png
mel,synth,data/synthetic/ddpm64_all/mel/mel_00636.png
mel,synth,data/synthetic/ddpm64_all/mel/mel_00637.png
mel,synth,data/synthetic/ddpm64_all/mel/mel_00638.png
mel,synth,data/synthetic/ddpm64_all/mel/mel_00639.png
mel,synth,data/synthetic/ddpm64_all/mel/mel_00640.png
mel,synth,data/synthetic/ddpm64_all/mel/mel_00641.png
mel,synth,data/synthetic/ddpm64_all/mel/mel_00642.png
mel,synth,data/synthetic/ddpm64_all/mel/mel_00643.png
mel,synth,data/synthetic/ddpm64_all/mel/mel_00644.png
mel,synth,data/synthetic/ddpm64_all/mel/mel_00645.png
mel,synth,data/synthetic/ddpm64_all/mel/mel_00646.png
mel,synth,data/synthetic/ddpm64_all/mel/mel_00647.png
mel,synth,data/synthetic/ddpm64_all/mel/mel_00648.png
mel,synth,data/synthetic/ddpm64_all/mel/mel_00649.png
mel,synth,data/synthetic/ddpm64_all/mel/mel_00650.png
mel,synth,data/synthetic/ddpm64_all/mel/mel_00651.png
mel,synth,data/synthetic/ddpm64_all/mel/mel_00652.png
mel,synth,data/synthetic/ddpm64_all/mel/mel_00653.png
mel,synth,data/synthetic/ddpm64_all/mel/mel_00654.png
mel,synth,data/synthetic/ddpm64_all/mel/mel_00655.png
mel,synth,data/synthetic/ddpm64_all/mel/mel_00656.png
mel,synth,data/synthetic/ddpm64_all/mel/mel_00657.png
mel,synth,data/synthetic/ddpm64_all/mel/mel_00658.png
mel,synth,data/synthetic/ddpm64_all/mel/mel_00659.png
mel,synth,data/synthetic/ddpm64_all/mel/mel_00660.png
mel,synth,data/synthetic/ddpm64_all/mel/mel_00661.png
mel,synth,data/synthetic/ddpm64_all/mel/mel_00662.png
mel,synth,data/synthetic/ddpm64_all/mel/mel_00663.png
mel,synth,data/synthetic/ddpm64_all/mel/mel_00664.png
mel,synth,data/synthetic/ddpm64_all/mel/mel_00665.png
mel,synth,data/synthetic/ddpm64_all/mel/mel_00666.png
mel,synth,data/synthetic/ddpm64_all/mel/mel_00667.png
mel,synth,data/synthetic/ddpm64_all/mel/mel_00668.png
mel,synth,data/synthetic/ddpm64_all/mel/mel_00669.png
mel,synth,data/synthetic/ddpm64_all/mel/mel_00670.png
mel,synth,data/synthetic/ddpm64_all/mel/mel_00671.png
mel,synth,data/synthetic/ddpm64_all/mel/mel_00672.png
mel,synth,data/synthetic/ddpm64_all/mel/mel_00673.png
mel,synth,data/synthetic/ddpm64_all/mel/mel_00674.png
mel,synth,data/synthetic/ddpm64_all/mel/mel_00675.png
mel,synth,data/synthetic/ddpm64_all/mel/mel_00676.png
mel,synth,data/synthetic/ddpm64_all/mel/mel_00677.png
mel,synth,data/synthetic/ddpm64_all/mel/mel_00678.png
mel,synth,data/synthetic/ddpm64_all/mel/mel_00679.png
mel,synth,data/synthetic/ddpm64_all/mel/mel_00680.png
mel,synth,data/synthetic/ddpm64_all/mel/mel_00681.png
mel,synth,data/synthetic/ddpm64_all/mel/mel_00682.png
mel,synth,data/synthetic/ddpm64_all/mel/mel_00683.png
mel,synth,data/synthetic/ddpm64_all/mel/mel_00684.png
mel,synth,data/synthetic/ddpm64_all/mel/mel_00685.png
mel,synth,data/synthetic/ddpm64_all/mel/mel_00686.png
mel,synth,data/synthetic/ddpm64_all/mel/mel_00687.png
mel,synth,data/synthetic/ddpm64_all/mel/mel_00688.png
mel,synth,data/synthetic/ddpm64_all/mel/mel_00689.png
mel,synth,data/synthetic/ddpm64_all/mel/mel_00690.png
mel,synth,data/synthetic/ddpm64_all/mel/mel_00691.png
mel,synth,data/synthetic/ddpm64_all/mel/mel_00692.png
mel,synth,data/synthetic/ddpm64_all/mel/mel_00693.png
mel,synth,data/synthetic/ddpm64_all/mel/mel_00694.png
mel,synth,data/synthetic/ddpm64_all/mel/mel_00695.png
mel,synth,data/synthetic/ddpm64_all/mel/mel_00696.png
mel,synth,data/synthetic/ddpm64_all/mel/mel_00697.png
mel,synth,data/synthetic/ddpm64_all/mel/mel_00698.png
mel,synth,data/synthetic/ddpm64_all/mel/mel_00699.png
mel,synth,data/synthetic/ddpm64_all/mel/mel_00700.png
mel,synth,data/synthetic/ddpm64_all/mel/mel_00701.png
mel,synth,data/synthetic/ddpm64_all/mel/mel_00702.png
mel,synth,data/synthetic/ddpm64_all/mel/mel_00703.png
mel,synth,data/synthetic/ddpm64_all/mel/mel_00704.png
mel,synth,data/synthetic/ddpm64_all/mel/mel_00705.png
mel,synth,data/synthetic/ddpm64_all/mel/mel_00706.png
mel,synth,data/synthetic/ddpm64_all/mel/mel_00707.png
mel,synth,data/synthetic/ddpm64_all/mel/mel_00708.png
mel,synth,data/synthetic/ddpm64_all/mel/mel_00709.png
mel,synth,data/synthetic/ddpm64_all/mel/mel_00710.png
mel,synth,data/synthetic/ddpm64_all/mel/mel_00711.png
mel,synth,data/synthetic/ddpm64_all/mel/mel_00712.png
mel,synth,data/synthetic/ddpm64_all/mel/mel_00713.png
mel,synth,data/synthetic/ddpm64_all/mel/mel_00714.png
mel,synth,data/synthetic/ddpm64_all/mel/mel_00715.png
mel,synth,data/synthetic/ddpm64_all/mel/mel_00716.png
mel,synth,data/synthetic/ddpm64_all/mel/mel_00717.png
mel,synth,data/synthetic/ddpm64_all/mel/mel_00718.png
mel,synth,data/synthetic/ddpm64_all/mel/mel_00719.png
mel,synth,data/synthetic/ddpm64_all/mel/mel_00720.png
mel,synth,data/synthetic/ddpm64_all/mel/mel_00721.png
mel,synth,data/synthetic/ddpm64_all/mel/mel_00722.png
mel,synth,data/synthetic/ddpm64_all/mel/mel_00723.png
mel,synth,data/synthetic/ddpm64_all/mel/mel_00724.png
mel,synth,data/synthetic/ddpm64_all/mel/mel_00725.png
mel,synth,data/synthetic/ddpm64_all/mel/mel_00726.png
mel,synth,data/synthetic/ddpm64_all/mel/mel_00727.png
mel,synth,data/synthetic/ddpm64_all/mel/mel_00728.png
mel,synth,data/synthetic/ddpm64_all/mel/mel_00729.png
mel,synth,data/synthetic/ddpm64_all/mel/mel_00730.png
mel,synth,data/synthetic/ddpm64_all/mel/mel_00731.png
mel,synth,data/synthetic/ddpm64_all/mel/mel_00732.png
mel,synth,data/synthetic/ddpm64_all/mel/mel_00733.png
mel,synth,data/synthetic/ddpm64_all/mel/mel_00734.png
mel,synth,data/synthetic/ddpm64_all/mel/mel_00735.png
mel,synth,data/synthetic/ddpm64_all/mel/mel_00736.png
mel,synth,data/synthetic/ddpm64_all/mel/mel_00737.png
mel,synth,data/synthetic/ddpm64_all/mel/mel_00738.png
mel,synth,data/synthetic/ddpm64_all/mel/mel_00739.png
mel,synth,data/synthetic/ddpm64_all/mel/mel_00740.png
mel,synth,data/synthetic/ddpm64_all/mel/mel_00741.png
mel,synth,data/synthetic/ddpm64_all/mel/mel_00742.png
mel,synth,data/synthetic/ddpm64_all/mel/mel_00743.png
mel,synth,data/synthetic/ddpm64_all/mel/mel_00744.png
mel,synth,data/synthetic/ddpm64_all/mel/mel_00745.png
mel,synth,data/synthetic/ddpm64_all/mel/mel_00746.png
mel,synth,data/synthetic/ddpm64_all/mel/mel_00747.png
mel,synth,data/synthetic/ddpm64_all/mel/mel_00748.png
mel,synth,data/synthetic/ddpm64_all/mel/mel_00749.png
mel,synth,data/synthetic/ddpm64_all/mel/mel_00750.png
mel,synth,data/synthetic/ddpm64_all/mel/mel_00751.png
mel,synth,data/synthetic/ddpm64_all/mel/mel_00752.png
mel,synth,data/synthetic/ddpm64_all/mel/mel_00753.png
mel,synth,data/synthetic/ddpm64_all/mel/mel_00754.png
mel,synth,data/synthetic/ddpm64_all/mel/mel_00755.png
mel,synth,data/synthetic/ddpm64_all/mel/mel_00756.png
mel,synth,data/synthetic/ddpm64_all/mel/mel_00757.png
mel,synth,data/synthetic/ddpm64_all/mel/mel_00758.png
mel,synth,data/synthetic/ddpm64_all/mel/mel_00759.png
mel,synth,data/synthetic/ddpm64_all/mel/mel_00760.png
mel,synth,data/synthetic/ddpm64_all/mel/mel_00761.png
mel,synth,data/synthetic/ddpm64_all/mel/mel_00762.png
mel,synth,data/synthetic/ddpm64_all/mel/mel_00763.png
mel,synth,data/synthetic/ddpm64_all/mel/mel_00764.png
mel,synth,data/synthetic/ddpm64_all/mel/mel_00765.png
mel,synth,data/synthetic/ddpm64_all/mel/mel_00766.png
mel,synth,data/synthetic/ddpm64_all/mel/mel_00767.png
mel,synth,data/synthetic/ddpm64_all/mel/mel_00768.png
mel,synth,data/synthetic/ddpm64_all/mel/mel_00769.png
mel,synth,data/synthetic/ddpm64_all/mel/mel_00770.png
mel,synth,data/synthetic/ddpm64_all/mel/mel_00771.png
mel,synth,data/synthetic/ddpm64_all/mel/mel_00772.png
mel,synth,data/synthetic/ddpm64_all/mel/mel_00773.png
mel,synth,data/synthetic/ddpm64_all/mel/mel_00774.png
mel,synth,data/synthetic/ddpm64_all/mel/mel_00775.png
mel,synth,data/synthetic/ddpm64_all/mel/mel_00776.png
mel,synth,data/synthetic/ddpm64_all/mel/mel_00777.png
mel,synth,data/synthetic/ddpm64_all/mel/mel_00778.png
mel,synth,data/synthetic/ddpm64_all/mel/mel_00779.png
mel,synth,data/synthetic/ddpm64_all/mel/mel_00780.png
mel,synth,data/synthetic/ddpm64_all/mel/mel_00781.png
mel,synth,data/synthetic/ddpm64_all/mel/mel_00782.png
mel,synth,data/synthetic/ddpm64_all/mel/mel_00783.png
mel,synth,data/synthetic/ddpm64_all/mel/mel_00784.png
mel,synth,data/synthetic/ddpm64_all/mel/mel_00785.png
mel,synth,data/synthetic/ddpm64_all/mel/mel_00786.png
mel,synth,data/synthetic/ddpm64_all/mel/mel_00787.png
mel,synth,data/synthetic/ddpm64_all/mel/mel_00788.png
mel,synth,data/synthetic/ddpm64_all/mel/mel_00789.png
mel,synth,data/synthetic/ddpm64_all/mel/mel_00790.png
mel,synth,data/synthetic/ddpm64_all/mel/mel_00791.png
mel,synth,data/synthetic/ddpm64_all/mel/mel_00792.png
mel,synth,data/synthetic/ddpm64_all/mel/mel_00793.png
mel,synth,data/synthetic/ddpm64_all/mel/mel_00794.png
mel,synth,data/synthetic/ddpm64_all/mel/mel_00795.png
mel,synth,data/synthetic/ddpm64_all/mel/mel_00796.png
mel,synth,data/synthetic/ddpm64_all/mel/mel_00797.png
mel,synth,data/synthetic/ddpm64_all/mel/mel_00798.png
mel,synth,data/synthetic/ddpm64_all/mel/mel_00799.png
mel,synth,data/synthetic/ddpm64_all/mel/mel_00800.png
mel,synth,data/synthetic/ddpm64_all/mel/mel_00801.png
mel,synth,data/synthetic/ddpm64_all/mel/mel_00802.png
mel,synth,data/synthetic/ddpm64_all/mel/mel_00803.png
mel,synth,data/synthetic/ddpm64_all/mel/mel_00804.png
mel,synth,data/synthetic/ddpm64_all/mel/mel_00805.png
mel,synth,data/synthetic/ddpm64_all/mel/mel_00806.png
mel,synth,data/synthetic/ddpm64_all/mel/mel_00807.png
mel,synth,data/synthetic/ddpm64_all/mel/mel_00808.png
mel,synth,data/synthetic/ddpm64_all/mel/mel_00809.png
mel,synth,data/synthetic/ddpm64_all/mel/mel_00810.png
mel,synth,data/synthetic/ddpm64_all/mel/mel_00811.png
mel,synth,data/synthetic/ddpm64_all/mel/mel_00812.png
mel,synth,data/synthetic/ddpm64_all/mel/mel_00813.png
mel,synth,data/synthetic/ddpm64_all/mel/mel_00814.png
mel,synth,data/synthetic/ddpm64_all/mel/mel_00815.png
mel,synth,data/synthetic/ddpm64_all/mel/mel_00816.png
mel,synth,data/synthetic/ddpm64_all/mel/mel_00817.png
mel,synth,data/synthetic/ddpm64_all/mel/mel_00818.png
mel,synth,data/synthetic/ddpm64_all/mel/mel_00819.png
mel,synth,data/synthetic/ddpm64_all/mel/mel_00820.png
mel,synth,data/synthetic/ddpm64_all/mel/mel_00821.png
mel,synth,data/synthetic/ddpm64_all/mel/mel_00822.png
mel,synth,data/synthetic/ddpm64_all/mel/mel_00823.png
mel,synth,data/synthetic/ddpm64_all/mel/mel_00824.png
mel,synth,data/synthetic/ddpm64_all/mel/mel_00825.png
mel,synth,data/synthetic/ddpm64_all/mel/mel_00826.png
mel,synth,data/synthetic/ddpm64_all/mel/mel_00827.png
mel,synth,data/synthetic/ddpm64_all/mel/mel_00828.png
mel,synth,data/synthetic/ddpm64_all/mel/mel_00829.png
mel,synth,data/synthetic/ddpm64_all/mel/mel_00830.png
mel,synth,data/synthetic/ddpm64_all/mel/mel_00831.png
mel,synth,data/synthetic/ddpm64_all/mel/mel_00832.png
mel,synth,data/synthetic/ddpm64_all/mel/mel_00833.png
mel,synth,data/synthetic/ddpm64_all/mel/mel_00834.png
mel,synth,data/synthetic/ddpm64_all/mel/mel_00835.png
mel,synth,data/synthetic/ddpm64_all/mel/mel_00836.png
mel,synth,data/synthetic/ddpm64_all/mel/mel_00837.png
mel,synth,data/synthetic/ddpm64_all/mel/mel_00838.png
mel,synth,data/synthetic/ddpm64_all/mel/mel_00839.png
mel,synth,data/synthetic/ddpm64_all/mel/mel_00840.png
mel,synth,data/synthetic/ddpm64_all/mel/mel_00841.png
mel,synth,data/synthetic/ddpm64_all/mel/mel_00842.png
mel,synth,data/synthetic/ddpm64_all/mel/mel_00843.png
mel,synth,data/synthetic/ddpm64_all/mel/mel_00844.png
mel,synth,data/synthetic/ddpm64_all/mel/mel_00845.png
mel,synth,data/synthetic/ddpm64_all/mel/mel_00846.png
mel,synth,data/synthetic/ddpm64_all/mel/mel_00847.png
mel,synth,data/synthetic/ddpm64_all/mel/mel_00848.png
mel,synth,data/synthetic/ddpm64_all/mel/mel_00849.png
mel,synth,data/synthetic/ddpm64_all/mel/mel_00850.png
mel,synth,data/synthetic/ddpm64_all/mel/mel_00851.png
mel,synth,data/synthetic/ddpm64_all/mel/mel_00852.png
mel,synth,data/synthetic/ddpm64_all/mel/mel_00853.png
mel,synth,data/synthetic/ddpm64_all/mel/mel_00854.png
mel,synth,data/synthetic/ddpm64_all/mel/mel_00855.png
mel,synth,data/synthetic/ddpm64_all/mel/mel_00856.png
mel,synth,data/synthetic/ddpm64_all/mel/mel_00857.png
mel,synth,data/synthetic/ddpm64_all/mel/mel_00858.png
mel,synth,data/synthetic/ddpm64_all/mel/mel_00859.png
mel,synth,data/synthetic/ddpm64_all/mel/mel_00860.png
mel,synth,data/synthetic/ddpm64_all/mel/mel_00861.png
mel,synth,data/synthetic/ddpm64_all/mel/mel_00862.png
mel,synth,data/synthetic/ddpm64_all/mel/mel_00863.png
mel,synth,data/synthetic/ddpm64_all/mel/mel_00864.png
mel,synth,data/synthetic/ddpm64_all/mel/mel_00865.png
mel,synth,data/synthetic/ddpm64_all/mel/mel_00866.png
mel,synth,data/synthetic/ddpm64_all/mel/mel_00867.png
mel,synth,data/synthetic/ddpm64_all/mel/mel_00868.png
mel,synth,data/synthetic/ddpm64_all/mel/mel_00869.png
mel,synth,data/synthetic/ddpm64_all/mel/mel_00870.png
mel,synth,data/synthetic/ddpm64_all/mel/mel_00871.png
mel,synth,data/synthetic/ddpm64_all/mel/mel_00872.png
mel,synth,data/synthetic/ddpm64_all/mel/mel_00873.png
mel,synth,data/synthetic/ddpm64_all/mel/mel_00874.png
mel,synth,data/synthetic/ddpm64_all/mel/mel_00875.png
mel,synth,data/synthetic/ddpm64_all/mel/mel_00876.png
mel,synth,data/synthetic/ddpm64_all/mel/mel_00877.png
mel,synth,data/synthetic/ddpm64_all/mel/mel_00878.png
mel,synth,data/synthetic/ddpm64_all/mel/mel_00879.png
mel,synth,data/synthetic/ddpm64_all/mel/mel_00880.png
mel,synth,data/synthetic/ddpm64_all/mel/mel_00881.png
mel,synth,data/synthetic/ddpm64_all/mel/mel_00882.png
mel,synth,data/synthetic/ddpm64_all/mel/mel_00883.png
mel,synth,data/synthetic/ddpm64_all/mel/mel_00884.png
mel,synth,data/synthetic/ddpm64_all/mel/mel_00885.png
mel,synth,data/synthetic/ddpm64_all/mel/mel_00886.png
mel,synth,data/synthetic/ddpm64_all/mel/mel_00887.png
mel,synth,data/synthetic/ddpm64_all/mel/mel_00888.png
mel,synth,data/synthetic/ddpm64_all/mel/mel_00889.png
mel,synth,data/synthetic/ddpm64_all/mel/mel_00890.png
mel,synth,data/synthetic/ddpm64_all/mel/mel_00891.png
mel,synth,data/synthetic/ddpm64_all/mel/mel_00892.png
mel,synth,data/synthetic/ddpm64_all/mel/mel_00893.png
mel,synth,data/synthetic/ddpm64_all/mel/mel_00894.png
mel,synth,data/synthetic/ddpm64_all/mel/mel_00895.png
mel,synth,data/synthetic/ddpm64_all/mel/mel_00896.png
mel,synth,data/synthetic/ddpm64_all/mel/mel_00897.png
mel,synth,data/synthetic/ddpm64_all/mel/mel_00898.png
mel,synth,data/synthetic/ddpm64_all/mel/mel_00899.png
mel,synth,data/synthetic/ddpm64_all/mel/mel_00900.png
mel,synth,data/synthetic/ddpm64_all/mel/mel_00901.png
mel,synth,data/synthetic/ddpm64_all/mel/mel_00902.png
mel,synth,data/synthetic/ddpm64_all/mel/mel_00903.png
mel,synth,data/synthetic/ddpm64_all/mel/mel_00904.png
mel,synth,data/synthetic/ddpm64_all/mel/mel_00905.png
mel,synth,data/synthetic/ddpm64_all/mel/mel_00906.png
mel,synth,data/synthetic/ddpm64_all/mel/mel_00907.png
mel,synth,data/synthetic/ddpm64_all/mel/mel_00908.png
mel,synth,data/synthetic/ddpm64_all/mel/mel_00909.png
mel,synth,data/synthetic/ddpm64_all/mel/mel_00910.png
mel,synth,data/synthetic/ddpm64_all/mel/mel_00911.png
mel,synth,data/synthetic/ddpm64_all/mel/mel_00912.png
mel,synth,data/synthetic/ddpm64_all/mel/mel_00913.png
mel,synth,data/synthetic/ddpm64_all/mel/mel_00914.png
mel,synth,data/synthetic/ddpm64_all/mel/mel_00915.png
mel,synth,data/synthetic/ddpm64_all/mel/mel_00916.png
mel,synth,data/synthetic/ddpm64_all/mel/mel_00917.png
mel,synth,data/synthetic/ddpm64_all/mel/mel_00918.png
mel,synth,data/synthetic/ddpm64_all/mel/mel_00919.png
mel,synth,data/synthetic/ddpm64_all/mel/mel_00920.png
mel,synth,data/synthetic/ddpm64_all/mel/mel_00921.png
mel,synth,data/synthetic/ddpm64_all/mel/mel_00922.png
mel,synth,data/synthetic/ddpm64_all/mel/mel_00923.png
mel,synth,data/synthetic/ddpm64_all/mel/mel_00924.png
mel,synth,data/synthetic/ddpm64_all/mel/mel_00925.png
mel,synth,data/synthetic/ddpm64_all/mel/mel_00926.png
mel,synth,data/synthetic/ddpm64_all/mel/mel_00927.png
mel,synth,data/synthetic/ddpm64_all/mel/mel_00928.png
mel,synth,data/synthetic/ddpm64_all/mel/mel_00929.png
mel,synth,data/synthetic/ddpm64_all/mel/mel_00930.png
mel,synth,data/synthetic/ddpm64_all/mel/mel_00931.png
mel,synth,data/synthetic/ddpm64_all/mel/mel_00932.png
mel,synth,data/synthetic/ddpm64_all/mel/mel_00933.png
mel,synth,data/synthetic/ddpm64_all/mel/mel_00934.png
mel,synth,data/synthetic/ddpm64_all/mel/mel_00935.png
mel,synth,data/synthetic/ddpm64_all/mel/mel_00936.png
mel,synth,data/synthetic/ddpm64_all/mel/mel_00937.png
mel,synth,data/synthetic/ddpm64_all/mel/mel_00938.png
mel,synth,data/synthetic/ddpm64_all/mel/mel_00939.png
mel,synth,data/synthetic/ddpm64_all/mel/mel_00940.png
mel,synth,data/synthetic/ddpm64_all/mel/mel_00941.png
mel,synth,data/synthetic/ddpm64_all/mel/mel_00942.png
mel,synth,data/synthetic/ddpm64_all/mel/mel_00943.png
mel,synth,data/synthetic/ddpm64_all/mel/mel_00944.png
mel,synth,data/synthetic/ddpm64_all/mel/mel_00945.png
mel,synth,data/synthetic/ddpm64_all/mel/mel_00946.png
mel,synth,data/synthetic/ddpm64_all/mel/mel_00947.png
mel,synth,data/synthetic/ddpm64_all/mel/mel_00948.png
mel,synth,data/synthetic/ddpm64_all/mel/mel_00949.png
mel,synth,data/synthetic/ddpm64_all/mel/mel_00950.png
mel,synth,data/synthetic/ddpm64_all/mel/mel_00951.png
mel,synth,data/synthetic/ddpm64_all/mel/mel_00952.png
mel,synth,data/synthetic/ddpm64_all/mel/mel_00953.png
mel,synth,data/synthetic/ddpm64_all/mel/mel_00954.png
mel,synth,data/synthetic/ddpm64_all/mel/mel_00955.png
mel,synth,data/synthetic/ddpm64_all/mel/mel_00956.png
mel,synth,data/synthetic/ddpm64_all/mel/mel_00957.png
mel,synth,data/synthetic/ddpm64_all/mel/mel_00958.png
mel,synth,data/synthetic/ddpm64_all/mel/mel_00959.png
mel,synth,data/synthetic/ddpm64_all/mel/mel_00960.png
mel,synth,data/synthetic/ddpm64_all/mel/mel_00961.png
mel,synth,data/synthetic/ddpm64_all/mel/mel_00962.png
mel,synth,data/synthetic/ddpm64_all/mel/mel_00963.png
mel,synth,data/synthetic/ddpm64_all/mel/mel_00964.png
mel,synth,data/synthetic/ddpm64_all/mel/mel_00965.png
mel,synth,data/synthetic/ddpm64_all/mel/mel_00966.png
mel,synth,data/synthetic/ddpm64_all/mel/mel_00967.png
mel,synth,data/synthetic/ddpm64_all/mel/mel_00968.png
mel,synth,data/synthetic/ddpm64_all/mel/mel_00969.png
mel,synth,data/synthetic/ddpm64_all/mel/mel_00970.png
mel,synth,data/synthetic/ddpm64_all/mel/mel_00971.png
mel,synth,data/synthetic/ddpm64_all/mel/mel_00972.png
mel,synth,data/synthetic/ddpm64_all/mel/mel_00973.png
mel,synth,data/synthetic/ddpm64_all/mel/mel_00974.png
mel,synth,data/synthetic/ddpm64_all/mel/mel_00975.png
mel,synth,data/synthetic/ddpm64_all/mel/mel_00976.png
mel,synth,data/synthetic/ddpm64_all/mel/mel_00977.png
mel,synth,data/synthetic/ddpm64_all/mel/mel_00978.png
mel,synth,data/synthetic/ddpm64_all/mel/mel_00979.png
mel,synth,data/synthetic/ddpm64_all/mel/mel_00980.png
mel,synth,data/synthetic/ddpm64_all/mel/mel_00981.png
mel,synth,data/synthetic/ddpm64_all/mel/mel_00982.png
mel,synth,data/synthetic/ddpm64_all/mel/mel_00983.png
mel,synth,data/synthetic/ddpm64_all/mel/mel_00984.png
mel,synth,data/synthetic/ddpm64_all/mel/mel_00985.png
mel,synth,data/synthetic/ddpm64_all/mel/mel_00986.png
mel,synth,data/synthetic/ddpm64_all/mel/mel_00987.png
mel,synth,data/synthetic/ddpm64_all/mel/mel_00988.png
mel,synth,data/synthetic/ddpm64_all/mel/mel_00989.png
mel,synth,data/synthetic/ddpm64_all/mel/mel_00990.png
mel,synth,data/synthetic/ddpm64_all/mel/mel_00991.png
mel,synth,data/synthetic/ddpm64_all/mel/mel_00992.png
mel,synth,data/synthetic/ddpm64_all/mel/mel_00993.png
mel,synth,data/synthetic/ddpm64_all/mel/mel_00994.png
mel,synth,data/synthetic/ddpm64_all/mel/mel_00995.png
mel,synth,data/synthetic/ddpm64_all/mel/mel_00996.png
mel,synth,data/synthetic/ddpm64_all/mel/mel_00997.png
mel,synth,data/synthetic/ddpm64_all/mel/mel_00998.png
mel,synth,data/synthetic/ddpm64_all/mel/mel_00999.png
nv,synth,data/synthetic/ddpm64_all/nv/nv_00000.png
nv,synth,data/synthetic/ddpm64_all/nv/nv_00001.png
nv,synth,data/synthetic/ddpm64_all/nv/nv_00002.png
nv,synth,data/synthetic/ddpm64_all/nv/nv_00003.png
nv,synth,data/synthetic/ddpm64_all/nv/nv_00004.png
nv,synth,data/synthetic/ddpm64_all/nv/nv_00005.png
nv,synth,data/synthetic/ddpm64_all/nv/nv_00006.png
nv,synth,data/synthetic/ddpm64_all/nv/nv_00007.png
nv,synth,data/synthetic/ddpm64_all/nv/nv_00008.png
nv,synth,data/synthetic/ddpm64_all/nv/nv_00009.png
nv,synth,data/synthetic/ddpm64_all/nv/nv_00010.png
nv,synth,data/synthetic/ddpm64_all/nv/nv_00011.png
nv,synth,data/synthetic/ddpm64_all/nv/nv_00012.png
nv,synth,data/synthetic/ddpm64_all/nv/nv_00013.png
nv,synth,data/synthetic/ddpm64_all/nv/nv_00014.png
nv,synth,data/synthetic/ddpm64_all/nv/nv_00015.png
nv,synth,data/synthetic/ddpm64_all/nv/nv_00016.png
nv,synth,data/synthetic/ddpm64_all/nv/nv_00017.png
nv,synth,data/synthetic/ddpm64_all/nv/nv_00018.png
nv,synth,data/synthetic/ddpm64_all/nv/nv_00019.png
nv,synth,data/synthetic/ddpm64_all/nv/nv_00020.png
nv,synth,data/synthetic/ddpm64_all/nv/nv_00021.png
nv,synth,data/synthetic/ddpm64_all/nv/nv_00022.png
nv,synth,data/synthetic/ddpm64_all/nv/nv_00023.png
nv,synth,data/synthetic/ddpm64_all/nv/nv_00024.png
nv,synth,data/synthetic/ddpm64_all/nv/nv_00025.png
nv,synth,data/synthetic/ddpm64_all/nv/nv_00026.png
nv,synth,data/synthetic/ddpm64_all/nv/nv_00027.png
nv,synth,data/synthetic/ddpm64_all/nv/nv_00028.png
nv,synth,data/synthetic/ddpm64_all/nv/nv_00029.png
nv,synth,data/synthetic/ddpm64_all/nv/nv_00030.png
nv,synth,data/synthetic/ddpm64_all/nv/nv_00031.png
nv,synth,data/synthetic/ddpm64_all/nv/nv_00032.png
nv,synth,data/synthetic/ddpm64_all/nv/nv_00033.png
nv,synth,data/synthetic/ddpm64_all/nv/nv_00034.png
nv,synth,data/synthetic/ddpm64_all/nv/nv_00035.png
nv,synth,data/synthetic/ddpm64_all/nv/nv_00036.png
nv,synth,data/synthetic/ddpm64_all/nv/nv_00037.png
nv,synth,data/synthetic/ddpm64_all/nv/nv_00038.png
nv,synth,data/synthetic/ddpm64_all/nv/nv_00039.png
nv,synth,data/synthetic/ddpm64_all/nv/nv_00040.png
nv,synth,data/synthetic/ddpm64_all/nv/nv_00041.png
nv,synth,data/synthetic/ddpm64_all/nv/nv_00042.png
nv,synth,data/synthetic/ddpm64_all/nv/nv_00043.png
nv,synth,data/synthetic/ddpm64_all/nv/nv_00044.png
nv,synth,data/synthetic/ddpm64_all/nv/nv_00045.png
nv,synth,data/synthetic/ddpm64_all/nv/nv_00046.png
nv,synth,data/synthetic/ddpm64_all/nv/nv_00047.png
nv,synth,data/synthetic/ddpm64_all/nv/nv_00048.png
nv,synth,data/synthetic/ddpm64_all/nv/nv_00049.png
nv,synth,data/synthetic/ddpm64_all/nv/nv_00050.png
nv,synth,data/synthetic/ddpm64_all/nv/nv_00051.png
nv,synth,data/synthetic/ddpm64_all/nv/nv_00052.png
nv,synth,data/synthetic/ddpm64_all/nv/nv_00053.png
nv,synth,data/synthetic/ddpm64_all/nv/nv_00054.png
nv,synth,data/synthetic/ddpm64_all/nv/nv_00055.png
nv,synth,data/synthetic/ddpm64_all/nv/nv_00056.png
nv,synth,data/synthetic/ddpm64_all/nv/nv_00057.png
nv,synth,data/synthetic/ddpm64_all/nv/nv_00058.png
nv,synth,data/synthetic/ddpm64_all/nv/nv_00059.png
nv,synth,data/synthetic/ddpm64_all/nv/nv_00060.png
nv,synth,data/synthetic/ddpm64_all/nv/nv_00061.png
nv,synth,data/synthetic/ddpm64_all/nv/nv_00062.png
nv,synth,data/synthetic/ddpm64_all/nv/nv_00063.png
nv,synth,data/synthetic/ddpm64_all/nv/nv_00064.png
nv,synth,data/synthetic/ddpm64_all/nv/nv_00065.png
nv,synth,data/synthetic/ddpm64_all/nv/nv_00066.png
nv,synth,data/synthetic/ddpm64_all/nv/nv_00067.png
nv,synth,data/synthetic/ddpm64_all/nv/nv_00068.png
nv,synth,data/synthetic/ddpm64_all/nv/nv_00069.png
nv,synth,data/synthetic/ddpm64_all/nv/nv_00070.png
nv,synth,data/synthetic/ddpm64_all/nv/nv_00071.png
nv,synth,data/synthetic/ddpm64_all/nv/nv_00072.png
nv,synth,data/synthetic/ddpm64_all/nv/nv_00073.png
nv,synth,data/synthetic/ddpm64_all/nv/nv_00074.png
nv,synth,data/synthetic/ddpm64_all/nv/nv_00075.png
nv,synth,data/synthetic/ddpm64_all/nv/nv_00076.png
nv,synth,data/synthetic/ddpm64_all/nv/nv_00077.png
nv,synth,data/synthetic/ddpm64_all/nv/nv_00078.png
nv,synth,data/synthetic/ddpm64_all/nv/nv_00079.png
nv,synth,data/synthetic/ddpm64_all/nv/nv_00080.png
nv,synth,data/synthetic/ddpm64_all/nv/nv_00081.png
nv,synth,data/synthetic/ddpm64_all/nv/nv_00082.png
nv,synth,data/synthetic/ddpm64_all/nv/nv_00083.png
nv,synth,data/synthetic/ddpm64_all/nv/nv_00084.png
nv,synth,data/synthetic/ddpm64_all/nv/nv_00085.png
nv,synth,data/synthetic/ddpm64_all/nv/nv_00086.png
nv,synth,data/synthetic/ddpm64_all/nv/nv_00087.png
nv,synth,data/synthetic/ddpm64_all/nv/nv_00088.png
nv,synth,data/synthetic/ddpm64_all/nv/nv_00089.png
nv,synth,data/synthetic/ddpm64_all/nv/nv_00090.png
nv,synth,data/synthetic/ddpm64_all/nv/nv_00091.png
nv,synth,data/synthetic/ddpm64_all/nv/nv_00092.png
nv,synth,data/synthetic/ddpm64_all/nv/nv_00093.png
nv,synth,data/synthetic/ddpm64_all/nv/nv_00094.png
nv,synth,data/synthetic/ddpm64_all/nv/nv_00095.png
nv,synth,data/synthetic/ddpm64_all/nv/nv_00096.png
nv,synth,data/synthetic/ddpm64_all/nv/nv_00097.png
nv,synth,data/synthetic/ddpm64_all/nv/nv_00098.png
nv,synth,data/synthetic/ddpm64_all/nv/nv_00099.png
nv,synth,data/synthetic/ddpm64_all/nv/nv_00100.png
nv,synth,data/synthetic/ddpm64_all/nv/nv_00101.png
nv,synth,data/synthetic/ddpm64_all/nv/nv_00102.png
nv,synth,data/synthetic/ddpm64_all/nv/nv_00103.png
nv,synth,data/synthetic/ddpm64_all/nv/nv_00104.png
nv,synth,data/synthetic/ddpm64_all/nv/nv_00105.png
nv,synth,data/synthetic/ddpm64_all/nv/nv_00106.png
nv,synth,data/synthetic/ddpm64_all/nv/nv_00107.png
nv,synth,data/synthetic/ddpm64_all/nv/nv_00108.png
nv,synth,data/synthetic/ddpm64_all/nv/nv_00109.png
nv,synth,data/synthetic/ddpm64_all/nv/nv_00110.png
nv,synth,data/synthetic/ddpm64_all/nv/nv_00111.png
nv,synth,data/synthetic/ddpm64_all/nv/nv_00112.png
nv,synth,data/synthetic/ddpm64_all/nv/nv_00113.png
nv,synth,data/synthetic/ddpm64_all/nv/nv_00114.png
nv,synth,data/synthetic/ddpm64_all/nv/nv_00115.png
nv,synth,data/synthetic/ddpm64_all/nv/nv_00116.png
nv,synth,data/synthetic/ddpm64_all/nv/nv_00117.png
nv,synth,data/synthetic/ddpm64_all/nv/nv_00118.png
nv,synth,data/synthetic/ddpm64_all/nv/nv_00119.png
nv,synth,data/synthetic/ddpm64_all/nv/nv_00120.png
nv,synth,data/synthetic/ddpm64_all/nv/nv_00121.png
nv,synth,data/synthetic/ddpm64_all/nv/nv_00122.png
nv,synth,data/synthetic/ddpm64_all/nv/nv_00123.png
nv,synth,data/synthetic/ddpm64_all/nv/nv_00124.png
nv,synth,data/synthetic/ddpm64_all/nv/nv_00125.png
nv,synth,data/synthetic/ddpm64_all/nv/nv_00126.png
nv,synth,data/synthetic/ddpm64_all/nv/nv_00127.png
nv,synth,data/synthetic/ddpm64_all/nv/nv_00128.png
nv,synth,data/synthetic/ddpm64_all/nv/nv_00129.png
nv,synth,data/synthetic/ddpm64_all/nv/nv_00130.png
nv,synth,data/synthetic/ddpm64_all/nv/nv_00131.png
nv,synth,data/synthetic/ddpm64_all/nv/nv_00132.png
nv,synth,data/synthetic/ddpm64_all/nv/nv_00133.png
nv,synth,data/synthetic/ddpm64_all/nv/nv_00134.png
nv,synth,data/synthetic/ddpm64_all/nv/nv_00135.png
nv,synth,data/synthetic/ddpm64_all/nv/nv_00136.png
nv,synth,data/synthetic/ddpm64_all/nv/nv_00137.png
nv,synth,data/synthetic/ddpm64_all/nv/nv_00138.png
nv,synth,data/synthetic/ddpm64_all/nv/nv_00139.png
nv,synth,data/synthetic/ddpm64_all/nv/nv_00140.png
nv,synth,data/synthetic/ddpm64_all/nv/nv_00141.png
nv,synth,data/synthetic/ddpm64_all/nv/nv_00142.png
nv,synth,data/synthetic/ddpm64_all/nv/nv_00143.png
nv,synth,data/synthetic/ddpm64_all/nv/nv_00144.png
nv,synth,data/synthetic/ddpm64_all/nv/nv_00145.png
nv,synth,data/synthetic/ddpm64_all/nv/nv_00146.png
nv,synth,data/synthetic/ddpm64_all/nv/nv_00147.png
nv,synth,data/synthetic/ddpm64_all/nv/nv_00148.png
nv,synth,data/synthetic/ddpm64_all/nv/nv_00149.png
nv,synth,data/synthetic/ddpm64_all/nv/nv_00150.png
nv,synth,data/synthetic/ddpm64_all/nv/nv_00151.png
nv,synth,data/synthetic/ddpm64_all/nv/nv_00152.png
nv,synth,data/synthetic/ddpm64_all/nv/nv_00153.png
nv,synth,data/synthetic/ddpm64_all/nv/nv_00154.png
nv,synth,data/synthetic/ddpm64_all/nv/nv_00155.png
nv,synth,data/synthetic/ddpm64_all/nv/nv_00156.png
nv,synth,data/synthetic/ddpm64_all/nv/nv_00157.png
nv,synth,data/synthetic/ddpm64_all/nv/nv_00158.png
nv,synth,data/synthetic/ddpm64_all/nv/nv_00159.png
nv,synth,data/synthetic/ddpm64_all/nv/nv_00160.png
nv,synth,data/synthetic/ddpm64_all/nv/nv_00161.png
nv,synth,data/synthetic/ddpm64_all/nv/nv_00162.png
nv,synth,data/synthetic/ddpm64_all/nv/nv_00163.png
nv,synth,data/synthetic/ddpm64_all/nv/nv_00164.png
nv,synth,data/synthetic/ddpm64_all/nv/nv_00165.png
nv,synth,data/synthetic/ddpm64_all/nv/nv_00166.png
nv,synth,data/synthetic/ddpm64_all/nv/nv_00167.png
nv,synth,data/synthetic/ddpm64_all/nv/nv_00168.png
nv,synth,data/synthetic/ddpm64_all/nv/nv_00169.png
nv,synth,data/synthetic/ddpm64_all/nv/nv_00170.png
nv,synth,data/synthetic/ddpm64_all/nv/nv_00171.png
nv,synth,data/synthetic/ddpm64_all/nv/nv_00172.png
nv,synth,data/synthetic/ddpm64_all/nv/nv_00173.png
nv,synth,data/synthetic/ddpm64_all/nv/nv_00174.png
nv,synth,data/synthetic/ddpm64_all/nv/nv_00175.png
nv,synth,data/synthetic/ddpm64_all/nv/nv_00176.png
nv,synth,data/synthetic/ddpm64_all/nv/nv_00177.png
nv,synth,data/synthetic/ddpm64_all/nv/nv_00178.png
nv,synth,data/synthetic/ddpm64_all/nv/nv_00179.png
nv,synth,data/synthetic/ddpm64_all/nv/nv_00180.png
nv,synth,data/synthetic/ddpm64_all/nv/nv_00181.png
nv,synth,data/synthetic/ddpm64_all/nv/nv_00182.png
nv,synth,data/synthetic/ddpm64_all/nv/nv_00183.png
nv,synth,data/synthetic/ddpm64_all/nv/nv_00184.png
nv,synth,data/synthetic/ddpm64_all/nv/nv_00185.png
nv,synth,data/synthetic/ddpm64_all/nv/nv_00186.png
nv,synth,data/synthetic/ddpm64_all/nv/nv_00187.png
nv,synth,data/synthetic/ddpm64_all/nv/nv_00188.png
nv,synth,data/synthetic/ddpm64_all/nv/nv_00189.png
nv,synth,data/synthetic/ddpm64_all/nv/nv_00190.png
nv,synth,data/synthetic/ddpm64_all/nv/nv_00191.png
nv,synth,data/synthetic/ddpm64_all/nv/nv_00192.png
nv,synth,data/synthetic/ddpm64_all/nv/nv_00193.png
nv,synth,data/synthetic/ddpm64_all/nv/nv_00194.png
nv,synth,data/synthetic/ddpm64_all/nv/nv_00195.png
nv,synth,data/synthetic/ddpm64_all/nv/nv_00196.png
nv,synth,data/synthetic/ddpm64_all/nv/nv_00197.png
nv,synth,data/synthetic/ddpm64_all/nv/nv_00198.png
nv,synth,data/synthetic/ddpm64_all/nv/nv_00199.png
nv,synth,data/synthetic/ddpm64_all/nv/nv_00200.png
nv,synth,data/synthetic/ddpm64_all/nv/nv_00201.png
nv,synth,data/synthetic/ddpm64_all/nv/nv_00202.png
nv,synth,data/synthetic/ddpm64_all/nv/nv_00203.png
nv,synth,data/synthetic/ddpm64_all/nv/nv_00204.png
nv,synth,data/synthetic/ddpm64_all/nv/nv_00205.png
nv,synth,data/synthetic/ddpm64_all/nv/nv_00206.png
nv,synth,data/synthetic/ddpm64_all/nv/nv_00207.png
nv,synth,data/synthetic/ddpm64_all/nv/nv_00208.png
nv,synth,data/synthetic/ddpm64_all/nv/nv_00209.png
nv,synth,data/synthetic/ddpm64_all/nv/nv_00210.png
nv,synth,data/synthetic/ddpm64_all/nv/nv_00211.png
nv,synth,data/synthetic/ddpm64_all/nv/nv_00212.png
nv,synth,data/synthetic/ddpm64_all/nv/nv_00213.png
nv,synth,data/synthetic/ddpm64_all/nv/nv_00214.png
nv,synth,data/synthetic/ddpm64_all/nv/nv_00215.png
nv,synth,data/synthetic/ddpm64_all/nv/nv_00216.png
nv,synth,data/synthetic/ddpm64_all/nv/nv_00217.png
nv,synth,data/synthetic/ddpm64_all/nv/nv_00218.png
nv,synth,data/synthetic/ddpm64_all/nv/nv_00219.png
nv,synth,data/synthetic/ddpm64_all/nv/nv_00220.png
nv,synth,data/synthetic/ddpm64_all/nv/nv_00221.png
nv,synth,data/synthetic/ddpm64_all/nv/nv_00222.png
nv,synth,data/synthetic/ddpm64_all/nv/nv_00223.png
nv,synth,data/synthetic/ddpm64_all/nv/nv_00224.png
nv,synth,data/synthetic/ddpm64_all/nv/nv_00225.png
nv,synth,data/synthetic/ddpm64_all/nv/nv_00226.png
nv,synth,data/synthetic/ddpm64_all/nv/nv_00227.png
nv,synth,data/synthetic/ddpm64_all/nv/nv_00228.png
nv,synth,data/synthetic/ddpm64_all/nv/nv_00229.png
nv,synth,data/synthetic/ddpm64_all/nv/nv_00230.png
nv,synth,data/synthetic/ddpm64_all/nv/nv_00231.png
nv,synth,data/synthetic/ddpm64_all/nv/nv_00232.png
nv,synth,data/synthetic/ddpm64_all/nv/nv_00233.png
nv,synth,data/synthetic/ddpm64_all/nv/nv_00234.png
nv,synth,data/synthetic/ddpm64_all/nv/nv_00235.png
nv,synth,data/synthetic/ddpm64_all/nv/nv_00236.png
nv,synth,data/synthetic/ddpm64_all/nv/nv_00237.png
nv,synth,data/synthetic/ddpm64_all/nv/nv_00238.png
nv,synth,data/synthetic/ddpm64_all/nv/nv_00239.png
nv,synth,data/synthetic/ddpm64_all/nv/nv_00240.png
nv,synth,data/synthetic/ddpm64_all/nv/nv_00241.png
nv,synth,data/synthetic/ddpm64_all/nv/nv_00242.png
nv,synth,data/synthetic/ddpm64_all/nv/nv_00243.png
nv,synth,data/synthetic/ddpm64_all/nv/nv_00244.png
nv,synth,data/synthetic/ddpm64_all/nv/nv_00245.png
nv,synth,data/synthetic/ddpm64_all/nv/nv_00246.png
nv,synth,data/synthetic/ddpm64_all/nv/nv_00247.png
nv,synth,data/synthetic/ddpm64_all/nv/nv_00248.png
nv,synth,data/synthetic/ddpm64_all/nv/nv_00249.png
nv,synth,data/synthetic/ddpm64_all/nv/nv_00250.png
nv,synth,data/synthetic/ddpm64_all/nv/nv_00251.png
nv,synth,data/synthetic/ddpm64_all/nv/nv_00252.png
nv,synth,data/synthetic/ddpm64_all/nv/nv_00253.png
nv,synth,data/synthetic/ddpm64_all/nv/nv_00254.png
nv,synth,data/synthetic/ddpm64_all/nv/nv_00255.png
nv,synth,data/synthetic/ddpm64_all/nv/nv_00256.png
nv,synth,data/synthetic/ddpm64_all/nv/nv_00257.png
nv,synth,data/synthetic/ddpm64_all/nv/nv_00258.png
nv,synth,data/synthetic/ddpm64_all/nv/nv_00259.png
nv,synth,data/synthetic/ddpm64_all/nv/nv_00260.png
nv,synth,data/synthetic/ddpm64_all/nv/nv_00261.png
nv,synth,data/synthetic/ddpm64_all/nv/nv_00262.png
nv,synth,data/synthetic/ddpm64_all/nv/nv_00263.png
nv,synth,data/synthetic/ddpm64_all/nv/nv_00264.png
nv,synth,data/synthetic/ddpm64_all/nv/nv_00265.png
nv,synth,data/synthetic/ddpm64_all/nv/nv_00266.png
nv,synth,data/synthetic/ddpm64_all/nv/nv_00267.png
nv,synth,data/synthetic/ddpm64_all/nv/nv_00268.png
nv,synth,data/synthetic/ddpm64_all/nv/nv_00269.png
nv,synth,data/synthetic/ddpm64_all/nv/nv_00270.png
nv,synth,data/synthetic/ddpm64_all/nv/nv_00271.png
nv,synth,data/synthetic/ddpm64_all/nv/nv_00272.png
nv,synth,data/synthetic/ddpm64_all/nv/nv_00273.png
nv,synth,data/synthetic/ddpm64_all/nv/nv_00274.png
nv,synth,data/synthetic/ddpm64_all/nv/nv_00275.png
nv,synth,data/synthetic/ddpm64_all/nv/nv_00276.png
nv,synth,data/synthetic/ddpm64_all/nv/nv_00277.png
nv,synth,data/synthetic/ddpm64_all/nv/nv_00278.png
nv,synth,data/synthetic/ddpm64_all/nv/nv_00279.png
nv,synth,data/synthetic/ddpm64_all/nv/nv_00280.png
nv,synth,data/synthetic/ddpm64_all/nv/nv_00281.png
nv,synth,data/synthetic/ddpm64_all/nv/nv_00282.png
nv,synth,data/synthetic/ddpm64_all/nv/nv_00283.png
nv,synth,data/synthetic/ddpm64_all/nv/nv_00284.png
nv,synth,data/synthetic/ddpm64_all/nv/nv_00285.png
nv,synth,data/synthetic/ddpm64_all/nv/nv_00286.png
nv,synth,data/synthetic/ddpm64_all/nv/nv_00287.png
nv,synth,data/synthetic/ddpm64_all/nv/nv_00288.png
nv,synth,data/synthetic/ddpm64_all/nv/nv_00289.png
nv,synth,data/synthetic/ddpm64_all/nv/nv_00290.png
nv,synth,data/synthetic/ddpm64_all/nv/nv_00291.png
nv,synth,data/synthetic/ddpm64_all/nv/nv_00292.png
nv,synth,data/synthetic/ddpm64_all/nv/nv_00293.png
nv,synth,data/synthetic/ddpm64_all/nv/nv_00294.png
nv,synth,data/synthetic/ddpm64_all/nv/nv_00295.png
nv,synth,data/synthetic/ddpm64_all/nv/nv_00296.png
nv,synth,data/synthetic/ddpm64_all/nv/nv_00297.png
nv,synth,data/synthetic/ddpm64_all/nv/nv_00298.png
nv,synth,data/synthetic/ddpm64_all/nv/nv_00299.png
nv,synth,data/synthetic/ddpm64_all/nv/nv_00300.png
nv,synth,data/synthetic/ddpm64_all/nv/nv_00301.png
nv,synth,data/synthetic/ddpm64_all/nv/nv_00302.png
nv,synth,data/synthetic/ddpm64_all/nv/nv_00303.png
nv,synth,data/synthetic/ddpm64_all/nv/nv_00304.png
nv,synth,data/synthetic/ddpm64_all/nv/nv_00305.png
nv,synth,data/synthetic/ddpm64_all/nv/nv_00306.png
nv,synth,data/synthetic/ddpm64_all/nv/nv_00307.png
nv,synth,data/synthetic/ddpm64_all/nv/nv_00308.png
nv,synth,data/synthetic/ddpm64_all/nv/nv_00309.png
nv,synth,data/synthetic/ddpm64_all/nv/nv_00310.png
nv,synth,data/synthetic/ddpm64_all/nv/nv_00311.png
nv,synth,data/synthetic/ddpm64_all/nv/nv_00312.png
nv,synth,data/synthetic/ddpm64_all/nv/nv_00313.png
nv,synth,data/synthetic/ddpm64_all/nv/nv_00314.png
nv,synth,data/synthetic/ddpm64_all/nv/nv_00315.png
nv,synth,data/synthetic/ddpm64_all/nv/nv_00316.png
nv,synth,data/synthetic/ddpm64_all/nv/nv_00317.png
nv,synth,data/synthetic/ddpm64_all/nv/nv_00318.png
nv,synth,data/synthetic/ddpm64_all/nv/nv_00319.png
nv,synth,data/synthetic/ddpm64_all/nv/nv_00320.png
nv,synth,data/synthetic/ddpm64_all/nv/nv_00321.png
nv,synth,data/synthetic/ddpm64_all/nv/nv_00322.png
nv,synth,data/synthetic/ddpm64_all/nv/nv_00323.png
nv,synth,data/synthetic/ddpm64_all/nv/nv_00324.png
nv,synth,data/synthetic/ddpm64_all/nv/nv_00325.png
nv,synth,data/synthetic/ddpm64_all/nv/nv_00326.png
nv,synth,data/synthetic/ddpm64_all/nv/nv_00327.png
nv,synth,data/synthetic/ddpm64_all/nv/nv_00328.png
nv,synth,data/synthetic/ddpm64_all/nv/nv_00329.png
nv,synth,data/synthetic/ddpm64_all/nv/nv_00330.png
nv,synth,data/synthetic/ddpm64_all/nv/nv_00331.png
nv,synth,data/synthetic/ddpm64_all/nv/nv_00332.png
nv,synth,data/synthetic/ddpm64_all/nv/nv_00333.png
nv,synth,data/synthetic/ddpm64_all/nv/nv_00334.png
nv,synth,data/synthetic/ddpm64_all/nv/nv_00335.png
nv,synth,data/synthetic/ddpm64_all/nv/nv_00336.png
nv,synth,data/synthetic/ddpm64_all/nv/nv_00337.png
nv,synth,data/synthetic/ddpm64_all/nv/nv_00338.png
nv,synth,data/synthetic/ddpm64_all/nv/nv_00339.png
nv,synth,data/synthetic/ddpm64_all/nv/nv_00340.png
nv,synth,data/synthetic/ddpm64_all/nv/nv_00341.png
nv,synth,data/synthetic/ddpm64_all/nv/nv_00342.png
nv,synth,data/synthetic/ddpm64_all/nv/nv_00343.png
nv,synth,data/synthetic/ddpm64_all/nv/nv_00344.png
nv,synth,data/synthetic/ddpm64_all/nv/nv_00345.png
nv,synth,data/synthetic/ddpm64_all/nv/nv_00346.png
nv,synth,data/synthetic/ddpm64_all/nv/nv_00347.png
nv,synth,data/synthetic/ddpm64_all/nv/nv_00348.png
nv,synth,data/synthetic/ddpm64_all/nv/nv_00349.png
nv,synth,data/synthetic/ddpm64_all/nv/nv_00350.png
nv,synth,data/synthetic/ddpm64_all/nv/nv_00351.png
nv,synth,data/synthetic/ddpm64_all/nv/nv_00352.png
nv,synth,data/synthetic/ddpm64_all/nv/nv_00353.png
nv,synth,data/synthetic/ddpm64_all/nv/nv_00354.png
nv,synth,data/synthetic/ddpm64_all/nv/nv_00355.png
nv,synth,data/synthetic/ddpm64_all/nv/nv_00356.png
nv,synth,data/synthetic/ddpm64_all/nv/nv_00357.png
nv,synth,data/synthetic/ddpm64_all/nv/nv_00358.png
nv,synth,data/synthetic/ddpm64_all/nv/nv_00359.png
nv,synth,data/synthetic/ddpm64_all/nv/nv_00360.png
nv,synth,data/synthetic/ddpm64_all/nv/nv_00361.png
nv,synth,data/synthetic/ddpm64_all/nv/nv_00362.png
nv,synth,data/synthetic/ddpm64_all/nv/nv_00363.png
nv,synth,data/synthetic/ddpm64_all/nv/nv_00364.png
nv,synth,data/synthetic/ddpm64_all/nv/nv_00365.png
nv,synth,data/synthetic/ddpm64_all/nv/nv_00366.png
nv,synth,data/synthetic/ddpm64_all/nv/nv_00367.png
nv,synth,data/synthetic/ddpm64_all/nv/nv_00368.png
nv,synth,data/synthetic/ddpm64_all/nv/nv_00369.png
nv,synth,data/synthetic/ddpm64_all/nv/nv_00370.png
nv,synth,data/synthetic/ddpm64_all/nv/nv_00371.png
nv,synth,data/synthetic/ddpm64_all/nv/nv_00372.png
nv,synth,data/synthetic/ddpm64_all/nv/nv_00373.png
nv,synth,data/synthetic/ddpm64_all/nv/nv_00374.png
nv,synth,data/synthetic/ddpm64_all/nv/nv_00375.png
nv,synth,data/synthetic/ddpm64_all/nv/nv_00376.png
nv,synth,data/synthetic/ddpm64_all/nv/nv_00377.png
nv,synth,data/synthetic/ddpm64_all/nv/nv_00378.png
nv,synth,data/synthetic/ddpm64_all/nv/nv_00379.png
nv,synth,data/synthetic/ddpm64_all/nv/nv_00380.png
nv,synth,data/synthetic/ddpm64_all/nv/nv_00381.png
nv,synth,data/synthetic/ddpm64_all/nv/nv_00382.png
nv,synth,data/synthetic/ddpm64_all/nv/nv_00383.png
nv,synth,data/synthetic/ddpm64_all/nv/nv_00384.png
nv,synth,data/synthetic/ddpm64_all/nv/nv_00385.png
nv,synth,data/synthetic/ddpm64_all/nv/nv_00386.png
nv,synth,data/synthetic/ddpm64_all/nv/nv_00387.png
nv,synth,data/synthetic/ddpm64_all/nv/nv_00388.png
nv,synth,data/synthetic/ddpm64_all/nv/nv_00389.png
nv,synth,data/synthetic/ddpm64_all/nv/nv_00390.png
nv,synth,data/synthetic/ddpm64_all/nv/nv_00391.png
nv,synth,data/synthetic/ddpm64_all/nv/nv_00392.png
nv,synth,data/synthetic/ddpm64_all/nv/nv_00393.png
nv,synth,data/synthetic/ddpm64_all/nv/nv_00394.png
nv,synth,data/synthetic/ddpm64_all/nv/nv_00395.png
nv,synth,data/synthetic/ddpm64_all/nv/nv_00396.png
nv,synth,data/synthetic/ddpm64_all/nv/nv_00397.png
nv,synth,data/synthetic/ddpm64_all/nv/nv_00398.png
nv,synth,data/synthetic/ddpm64_all/nv/nv_00399.png
nv,synth,data/synthetic/ddpm64_all/nv/nv_00400.png
nv,synth,data/synthetic/ddpm64_all/nv/nv_00401.png
nv,synth,data/synthetic/ddpm64_all/nv/nv_00402.png
nv,synth,data/synthetic/ddpm64_all/nv/nv_00403.png
nv,synth,data/synthetic/ddpm64_all/nv/nv_00404.png
nv,synth,data/synthetic/ddpm64_all/nv/nv_00405.png
nv,synth,data/synthetic/ddpm64_all/nv/nv_00406.png
nv,synth,data/synthetic/ddpm64_all/nv/nv_00407.png
nv,synth,data/synthetic/ddpm64_all/nv/nv_00408.png
nv,synth,data/synthetic/ddpm64_all/nv/nv_00409.png
nv,synth,data/synthetic/ddpm64_all/nv/nv_00410.png
nv,synth,data/synthetic/ddpm64_all/nv/nv_00411.png
nv,synth,data/synthetic/ddpm64_all/nv/nv_00412.png
nv,synth,data/synthetic/ddpm64_all/nv/nv_00413.png
nv,synth,data/synthetic/ddpm64_all/nv/nv_00414.png
nv,synth,data/synthetic/ddpm64_all/nv/nv_00415.png
nv,synth,data/synthetic/ddpm64_all/nv/nv_00416.png
nv,synth,data/synthetic/ddpm64_all/nv/nv_00417.png
nv,synth,data/synthetic/ddpm64_all/nv/nv_00418.png
nv,synth,data/synthetic/ddpm64_all/nv/nv_00419.png
nv,synth,data/synthetic/ddpm64_all/nv/nv_00420.png
nv,synth,data/synthetic/ddpm64_all/nv/nv_00421.png
nv,synth,data/synthetic/ddpm64_all/nv/nv_00422.png
nv,synth,data/synthetic/ddpm64_all/nv/nv_00423.png
nv,synth,data/synthetic/ddpm64_all/nv/nv_00424.png
nv,synth,data/synthetic/ddpm64_all/nv/nv_00425.png
nv,synth,data/synthetic/ddpm64_all/nv/nv_00426.png
nv,synth,data/synthetic/ddpm64_all/nv/nv_00427.png
nv,synth,data/synthetic/ddpm64_all/nv/nv_00428.png
nv,synth,data/synthetic/ddpm64_all/nv/nv_00429.png
nv,synth,data/synthetic/ddpm64_all/nv/nv_00430.png
nv,synth,data/synthetic/ddpm64_all/nv/nv_00431.png
nv,synth,data/synthetic/ddpm64_all/nv/nv_00432.png
nv,synth,data/synthetic/ddpm64_all/nv/nv_00433.png
nv,synth,data/synthetic/ddpm64_all/nv/nv_00434.png
nv,synth,data/synthetic/ddpm64_all/nv/nv_00435.png
nv,synth,data/synthetic/ddpm64_all/nv/nv_00436.png
nv,synth,data/synthetic/ddpm64_all/nv/nv_00437.png
nv,synth,data/synthetic/ddpm64_all/nv/nv_00438.png
nv,synth,data/synthetic/ddpm64_all/nv/nv_00439.png
nv,synth,data/synthetic/ddpm64_all/nv/nv_00440.png
nv,synth,data/synthetic/ddpm64_all/nv/nv_00441.png
nv,synth,data/synthetic/ddpm64_all/nv/nv_00442.png
nv,synth,data/synthetic/ddpm64_all/nv/nv_00443.png
nv,synth,data/synthetic/ddpm64_all/nv/nv_00444.png
nv,synth,data/synthetic/ddpm64_all/nv/nv_00445.png
nv,synth,data/synthetic/ddpm64_all/nv/nv_00446.png
nv,synth,data/synthetic/ddpm64_all/nv/nv_00447.png
nv,synth,data/synthetic/ddpm64_all/nv/nv_00448.png
nv,synth,data/synthetic/ddpm64_all/nv/nv_00449.png
nv,synth,data/synthetic/ddpm64_all/nv/nv_00450.png
nv,synth,data/synthetic/ddpm64_all/nv/nv_00451.png
nv,synth,data/synthetic/ddpm64_all/nv/nv_00452.png
nv,synth,data/synthetic/ddpm64_all/nv/nv_00453.png
nv,synth,data/synthetic/ddpm64_all/nv/nv_00454.png
nv,synth,data/synthetic/ddpm64_all/nv/nv_00455.png
nv,synth,data/synthetic/ddpm64_all/nv/nv_00456.png
nv,synth,data/synthetic/ddpm64_all/nv/nv_00457.png
nv,synth,data/synthetic/ddpm64_all/nv/nv_00458.png
nv,synth,data/synthetic/ddpm64_all/nv/nv_00459.png
nv,synth,data/synthetic/ddpm64_all/nv/nv_00460.png
nv,synth,data/synthetic/ddpm64_all/nv/nv_00461.png
nv,synth,data/synthetic/ddpm64_all/nv/nv_00462.png
nv,synth,data/synthetic/ddpm64_all/nv/nv_00463.png
nv,synth,data/synthetic/ddpm64_all/nv/nv_00464.png
nv,synth,data/synthetic/ddpm64_all/nv/nv_00465.png
nv,synth,data/synthetic/ddpm64_all/nv/nv_00466.png
nv,synth,data/synthetic/ddpm64_all/nv/nv_00467.png
nv,synth,data/synthetic/ddpm64_all/nv/nv_00468.png
nv,synth,data/synthetic/ddpm64_all/nv/nv_00469.png
nv,synth,data/synthetic/ddpm64_all/nv/nv_00470.png
nv,synth,data/synthetic/ddpm64_all/nv/nv_00471.png
nv,synth,data/synthetic/ddpm64_all/nv/nv_00472.png
nv,synth,data/synthetic/ddpm64_all/nv/nv_00473.png
nv,synth,data/synthetic/ddpm64_all/nv/nv_00474.png
nv,synth,data/synthetic/ddpm64_all/nv/nv_00475.png
nv,synth,data/synthetic/ddpm64_all/nv/nv_00476.png
nv,synth,data/synthetic/ddpm64_all/nv/nv_00477.png
nv,synth,data/synthetic/ddpm64_all/nv/nv_00478.png
nv,synth,data/synthetic/ddpm64_all/nv/nv_00479.png
nv,synth,data/synthetic/ddpm64_all/nv/nv_00480.png
nv,synth,data/synthetic/ddpm64_all/nv/nv_00481.png
nv,synth,data/synthetic/ddpm64_all/nv/nv_00482.png
nv,synth,data/synthetic/ddpm64_all/nv/nv_00483.png
nv,synth,data/synthetic/ddpm64_all/nv/nv_00484.png
nv,synth,data/synthetic/ddpm64_all/nv/nv_00485.png
nv,synth,data/synthetic/ddpm64_all/nv/nv_00486.png
nv,synth,data/synthetic/ddpm64_all/nv/nv_00487.png
nv,synth,data/synthetic/ddpm64_all/nv/nv_00488.png
nv,synth,data/synthetic/ddpm64_all/nv/nv_00489.png
nv,synth,data/synthetic/ddpm64_all/nv/nv_00490.png
nv,synth,data/synthetic/ddpm64_all/nv/nv_00491.png
nv,synth,data/synthetic/ddpm64_all/nv/nv_00492.png
nv,synth,data/synthetic/ddpm64_all/nv/nv_00493.png
nv,synth,data/synthetic/ddpm64_all/nv/nv_00494.png
nv,synth,data/synthetic/ddpm64_all/nv/nv_00495.png
nv,synth,data/synthetic/ddpm64_all/nv/nv_00496.png
nv,synth,data/synthetic/ddpm64_all/nv/nv_00497.png
nv,synth,data/synthetic/ddpm64_all/nv/nv_00498.png
nv,synth,data/synthetic/ddpm64_all/nv/nv_00499.png
nv,synth,data/synthetic/ddpm64_all/nv/nv_00500.png
nv,synth,data/synthetic/ddpm64_all/nv/nv_00501.png
nv,synth,data/synthetic/ddpm64_all/nv/nv_00502.png
nv,synth,data/synthetic/ddpm64_all/nv/nv_00503.png
nv,synth,data/synthetic/ddpm64_all/nv/nv_00504.png
nv,synth,data/synthetic/ddpm64_all/nv/nv_00505.png
nv,synth,data/synthetic/ddpm64_all/nv/nv_00506.png
nv,synth,data/synthetic/ddpm64_all/nv/nv_00507.png
nv,synth,data/synthetic/ddpm64_all/nv/nv_00508.png
nv,synth,data/synthetic/ddpm64_all/nv/nv_00509.png
nv,synth,data/synthetic/ddpm64_all/nv/nv_00510.png
nv,synth,data/synthetic/ddpm64_all/nv/nv_00511.png
nv,synth,data/synthetic/ddpm64_all/nv/nv_00512.png
nv,synth,data/synthetic/ddpm64_all/nv/nv_00513.png
nv,synth,data/synthetic/ddpm64_all/nv/nv_00514.png
nv,synth,data/synthetic/ddpm64_all/nv/nv_00515.png
nv,synth,data/synthetic/ddpm64_all/nv/nv_00516.png
nv,synth,data/synthetic/ddpm64_all/nv/nv_00517.png
nv,synth,data/synthetic/ddpm64_all/nv/nv_00518.png
nv,synth,data/synthetic/ddpm64_all/nv/nv_00519.png
nv,synth,data/synthetic/ddpm64_all/nv/nv_00520.png
nv,synth,data/synthetic/ddpm64_all/nv/nv_00521.png
nv,synth,data/synthetic/ddpm64_all/nv/nv_00522.png
nv,synth,data/synthetic/ddpm64_all/nv/nv_00523.png
nv,synth,data/synthetic/ddpm64_all/nv/nv_00524.png
nv,synth,data/synthetic/ddpm64_all/nv/nv_00525.png
nv,synth,data/synthetic/ddpm64_all/nv/nv_00526.png
nv,synth,data/synthetic/ddpm64_all/nv/nv_00527.png
nv,synth,data/synthetic/ddpm64_all/nv/nv_00528.png
nv,synth,data/synthetic/ddpm64_all/nv/nv_00529.png
nv,synth,data/synthetic/ddpm64_all/nv/nv_00530.png
nv,synth,data/synthetic/ddpm64_all/nv/nv_00531.png
nv,synth,data/synthetic/ddpm64_all/nv/nv_00532.png
nv,synth,data/synthetic/ddpm64_all/nv/nv_00533.png
nv,synth,data/synthetic/ddpm64_all/nv/nv_00534.png
nv,synth,data/synthetic/ddpm64_all/nv/nv_00535.png
nv,synth,data/synthetic/ddpm64_all/nv/nv_00536.png
nv,synth,data/synthetic/ddpm64_all/nv/nv_00537.png
nv,synth,data/synthetic/ddpm64_all/nv/nv_00538.png
nv,synth,data/synthetic/ddpm64_all/nv/nv_00539.png
nv,synth,data/synthetic/ddpm64_all/nv/nv_00540.png
nv,synth,data/synthetic/ddpm64_all/nv/nv_00541.png
nv,synth,data/synthetic/ddpm64_all/nv/nv_00542.png
nv,synth,data/synthetic/ddpm64_all/nv/nv_00543.png
nv,synth,data/synthetic/ddpm64_all/nv/nv_00544.png
nv,synth,data/synthetic/ddpm64_all/nv/nv_00545.png
nv,synth,data/synthetic/ddpm64_all/nv/nv_00546.png
nv,synth,data/synthetic/ddpm64_all/nv/nv_00547.png
nv,synth,data/synthetic/ddpm64_all/nv/nv_00548.png
nv,synth,data/synthetic/ddpm64_all/nv/nv_00549.png
nv,synth,data/synthetic/ddpm64_all/nv/nv_00550.png
nv,synth,data/synthetic/ddpm64_all/nv/nv_00551.png
nv,synth,data/synthetic/ddpm64_all/nv/nv_00552.png
nv,synth,data/synthetic/ddpm64_all/nv/nv_00553.png
nv,synth,data/synthetic/ddpm64_all/nv/nv_00554.png
nv,synth,data/synthetic/ddpm64_all/nv/nv_00555.png
nv,synth,data/synthetic/ddpm64_all/nv/nv_00556.png
nv,synth,data/synthetic/ddpm64_all/nv/nv_00557.png
nv,synth,data/synthetic/ddpm64_all/nv/nv_00558.png
nv,synth,data/synthetic/ddpm64_all/nv/nv_00559.png
nv,synth,data/synthetic/ddpm64_all/nv/nv_00560.png
nv,synth,data/synthetic/ddpm64_all/nv/nv_00561.png
nv,synth,data/synthetic/ddpm64_all/nv/nv_00562.png
nv,synth,data/synthetic/ddpm64_all/nv/nv_00563.png
nv,synth,data/synthetic/ddpm64_all/nv/nv_00564.png
nv,synth,data/synthetic/ddpm64_all/nv/nv_00565.png
nv,synth,data/synthetic/ddpm64_all/nv/nv_00566.png
nv,synth,data/synthetic/ddpm64_all/nv/nv_00567.png
nv,synth,data/synthetic/ddpm64_all/nv/nv_00568.png
nv,synth,data/synthetic/ddpm64_all/nv/nv_00569.png
nv,synth,data/synthetic/ddpm64_all/nv/nv_00570.png
nv,synth,data/synthetic/ddpm64_all/nv/nv_00571.png
nv,synth,data/synthetic/ddpm64_all/nv/nv_00572.png
nv,synth,data/synthetic/ddpm64_all/nv/nv_00573.png
nv,synth,data/synthetic/ddpm64_all/nv/nv_00574.png
nv,synth,data/synthetic/ddpm64_all/nv/nv_00575.png
nv,synth,data/synthetic/ddpm64_all/nv/nv_00576.png
nv,synth,data/synthetic/ddpm64_all/nv/nv_00577.png
nv,synth,data/synthetic/ddpm64_all/nv/nv_00578.png
nv,synth,data/synthetic/ddpm64_all/nv/nv_00579.png
nv,synth,data/synthetic/ddpm64_all/nv/nv_00580.png
nv,synth,data/synthetic/ddpm64_all/nv/nv_00581.png
nv,synth,data/synthetic/ddpm64_all/nv/nv_00582.png
nv,synth,data/synthetic/ddpm64_all/nv/nv_00583.png
nv,synth,data/synthetic/ddpm64_all/nv/nv_00584.png
nv,synth,data/synthetic/ddpm64_all/nv/nv_00585.png
nv,synth,data/synthetic/ddpm64_all/nv/nv_00586.png
nv,synth,data/synthetic/ddpm64_all/nv/nv_00587.png
nv,synth,data/synthetic/ddpm64_all/nv/nv_00588.png
nv,synth,data/synthetic/ddpm64_all/nv/nv_00589.png
nv,synth,data/synthetic/ddpm64_all/nv/nv_00590.png
nv,synth,data/synthetic/ddpm64_all/nv/nv_00591.png
nv,synth,data/synthetic/ddpm64_all/nv/nv_00592.png
nv,synth,data/synthetic/ddpm64_all/nv/nv_00593.png
nv,synth,data/synthetic/ddpm64_all/nv/nv_00594.png
nv,synth,data/synthetic/ddpm64_all/nv/nv_00595.png
nv,synth,data/synthetic/ddpm64_all/nv/nv_00596.png
nv,synth,data/synthetic/ddpm64_all/nv/nv_00597.png
nv,synth,data/synthetic/ddpm64_all/nv/nv_00598.png
nv,synth,data/synthetic/ddpm64_all/nv/nv_00599.png
nv,synth,data/synthetic/ddpm64_all/nv/nv_00600.png
nv,synth,data/synthetic/ddpm64_all/nv/nv_00601.png
nv,synth,data/synthetic/ddpm64_all/nv/nv_00602.png
nv,synth,data/synthetic/ddpm64_all/nv/nv_00603.png
nv,synth,data/synthetic/ddpm64_all/nv/nv_00604.png
nv,synth,data/synthetic/ddpm64_all/nv/nv_00605.png
nv,synth,data/synthetic/ddpm64_all/nv/nv_00606.png
nv,synth,data/synthetic/ddpm64_all/nv/nv_00607.png
nv,synth,data/synthetic/ddpm64_all/nv/nv_00608.png
nv,synth,data/synthetic/ddpm64_all/nv/nv_00609.png
nv,synth,data/synthetic/ddpm64_all/nv/nv_00610.png
nv,synth,data/synthetic/ddpm64_all/nv/nv_00611.png
nv,synth,data/synthetic/ddpm64_all/nv/nv_00612.png
nv,synth,data/synthetic/ddpm64_all/nv/nv_00613.png
nv,synth,data/synthetic/ddpm64_all/nv/nv_00614.png
nv,synth,data/synthetic/ddpm64_all/nv/nv_00615.png
nv,synth,data/synthetic/ddpm64_all/nv/nv_00616.png
nv,synth,data/synthetic/ddpm64_all/nv/nv_00617.png
nv,synth,data/synthetic/ddpm64_all/nv/nv_00618.png
nv,synth,data/synthetic/ddpm64_all/nv/nv_00619.png
nv,synth,data/synthetic/ddpm64_all/nv/nv_00620.png
nv,synth,data/synthetic/ddpm64_all/nv/nv_00621.png
nv,synth,data/synthetic/ddpm64_all/nv/nv_00622.png
nv,synth,data/synthetic/ddpm64_all/nv/nv_00623.png
nv,synth,data/synthetic/ddpm64_all/nv/nv_00624.png
nv,synth,data/synthetic/ddpm64_all/nv/nv_00625.png
nv,synth,data/synthetic/ddpm64_all/nv/nv_00626.png
nv,synth,data/synthetic/ddpm64_all/nv/nv_00627.png
nv,synth,data/synthetic/ddpm64_all/nv/nv_00628.png
nv,synth,data/synthetic/ddpm64_all/nv/nv_00629.png
nv,synth,data/synthetic/ddpm64_all/nv/nv_00630.png
nv,synth,data/synthetic/ddpm64_all/nv/nv_00631.png
nv,synth,data/synthetic/ddpm64_all/nv/nv_00632.png
nv,synth,data/synthetic/ddpm64_all/nv/nv_00633.png
nv,synth,data/synthetic/ddpm64_all/nv/nv_00634.png
nv,synth,data/synthetic/ddpm64_all/nv/nv_00635.png
nv,synth,data/synthetic/ddpm64_all/nv/nv_00636.png
nv,synth,data/synthetic/ddpm64_all/nv/nv_00637.png
nv,synth,data/synthetic/ddpm64_all/nv/nv_00638.png
nv,synth,data/synthetic/ddpm64_all/nv/nv_00639.png
nv,synth,data/synthetic/ddpm64_all/nv/nv_00640.png
nv,synth,data/synthetic/ddpm64_all/nv/nv_00641.png
nv,synth,data/synthetic/ddpm64_all/nv/nv_00642.png
nv,synth,data/synthetic/ddpm64_all/nv/nv_00643.png
nv,synth,data/synthetic/ddpm64_all/nv/nv_00644.png
nv,synth,data/synthetic/ddpm64_all/nv/nv_00645.png
nv,synth,data/synthetic/ddpm64_all/nv/nv_00646.png
nv,synth,data/synthetic/ddpm64_all/nv/nv_00647.png
nv,synth,data/synthetic/ddpm64_all/nv/nv_00648.png
nv,synth,data/synthetic/ddpm64_all/nv/nv_00649.png
nv,synth,data/synthetic/ddpm64_all/nv/nv_00650.png
nv,synth,data/synthetic/ddpm64_all/nv/nv_00651.png
nv,synth,data/synthetic/ddpm64_all/nv/nv_00652.png
nv,synth,data/synthetic/ddpm64_all/nv/nv_00653.png
nv,synth,data/synthetic/ddpm64_all/nv/nv_00654.png
nv,synth,data/synthetic/ddpm64_all/nv/nv_00655.png
nv,synth,data/synthetic/ddpm64_all/nv/nv_00656.png
nv,synth,data/synthetic/ddpm64_all/nv/nv_00657.png
nv,synth,data/synthetic/ddpm64_all/nv/nv_00658.png
nv,synth,data/synthetic/ddpm64_all/nv/nv_00659.png
nv,synth,data/synthetic/ddpm64_all/nv/nv_00660.png
nv,synth,data/synthetic/ddpm64_all/nv/nv_00661.png
nv,synth,data/synthetic/ddpm64_all/nv/nv_00662.png
nv,synth,data/synthetic/ddpm64_all/nv/nv_00663.png
nv,synth,data/synthetic/ddpm64_all/nv/nv_00664.png
nv,synth,data/synthetic/ddpm64_all/nv/nv_00665.png
nv,synth,data/synthetic/ddpm64_all/nv/nv_00666.png
nv,synth,data/synthetic/ddpm64_all/nv/nv_00667.png
nv,synth,data/synthetic/ddpm64_all/nv/nv_00668.png
nv,synth,data/synthetic/ddpm64_all/nv/nv_00669.png
nv,synth,data/synthetic/ddpm64_all/nv/nv_00670.png
nv,synth,data/synthetic/ddpm64_all/nv/nv_00671.png
nv,synth,data/synthetic/ddpm64_all/nv/nv_00672.png
nv,synth,data/synthetic/ddpm64_all/nv/nv_00673.png
nv,synth,data/synthetic/ddpm64_all/nv/nv_00674.png
nv,synth,data/synthetic/ddpm64_all/nv/nv_00675.png
nv,synth,data/synthetic/ddpm64_all/nv/nv_00676.png
nv,synth,data/synthetic/ddpm64_all/nv/nv_00677.png
nv,synth,data/synthetic/ddpm64_all/nv/nv_00678.png
nv,synth,data/synthetic/ddpm64_all/nv/nv_00679.png
nv,synth,data/synthetic/ddpm64_all/nv/nv_00680.png
nv,synth,data/synthetic/ddpm64_all/nv/nv_00681.png
nv,synth,data/synthetic/ddpm64_all/nv/nv_00682.png
nv,synth,data/synthetic/ddpm64_all/nv/nv_00683.png
nv,synth,data/synthetic/ddpm64_all/nv/nv_00684.png
nv,synth,data/synthetic/ddpm64_all/nv/nv_00685.png
nv,synth,data/synthetic/ddpm64_all/nv/nv_00686.png
nv,synth,data/synthetic/ddpm64_all/nv/nv_00687.png
nv,synth,data/synthetic/ddpm64_all/nv/nv_00688.png
nv,synth,data/synthetic/ddpm64_all/nv/nv_00689.png
nv,synth,data/synthetic/ddpm64_all/nv/nv_00690.png
nv,synth,data/synthetic/ddpm64_all/nv/nv_00691.png
nv,synth,data/synthetic/ddpm64_all/nv/nv_00692.png
nv,synth,data/synthetic/ddpm64_all/nv/nv_00693.png
nv,synth,data/synthetic/ddpm64_all/nv/nv_00694.png
nv,synth,data/synthetic/ddpm64_all/nv/nv_00695.png
nv,synth,data/synthetic/ddpm64_all/nv/nv_00696.png
nv,synth,data/synthetic/ddpm64_all/nv/nv_00697.png
nv,synth,data/synthetic/ddpm64_all/nv/nv_00698.png
nv,synth,data/synthetic/ddpm64_all/nv/nv_00699.png
nv,synth,data/synthetic/ddpm64_all/nv/nv_00700.png
nv,synth,data/synthetic/ddpm64_all/nv/nv_00701.png
nv,synth,data/synthetic/ddpm64_all/nv/nv_00702.png
nv,synth,data/synthetic/ddpm64_all/nv/nv_00703.png
nv,synth,data/synthetic/ddpm64_all/nv/nv_00704.png
nv,synth,data/synthetic/ddpm64_all/nv/nv_00705.png
nv,synth,data/synthetic/ddpm64_all/nv/nv_00706.png
nv,synth,data/synthetic/ddpm64_all/nv/nv_00707.png
nv,synth,data/synthetic/ddpm64_all/nv/nv_00708.png
nv,synth,data/synthetic/ddpm64_all/nv/nv_00709.png
nv,synth,data/synthetic/ddpm64_all/nv/nv_00710.png
nv,synth,data/synthetic/ddpm64_all/nv/nv_00711.png
nv,synth,data/synthetic/ddpm64_all/nv/nv_00712.png
nv,synth,data/synthetic/ddpm64_all/nv/nv_00713.png
nv,synth,data/synthetic/ddpm64_all/nv/nv_00714.png
nv,synth,data/synthetic/ddpm64_all/nv/nv_00715.png
nv,synth,data/synthetic/ddpm64_all/nv/nv_00716.png
nv,synth,data/synthetic/ddpm64_all/nv/nv_00717.png
nv,synth,data/synthetic/ddpm64_all/nv/nv_00718.png
nv,synth,data/synthetic/ddpm64_all/nv/nv_00719.png
nv,synth,data/synthetic/ddpm64_all/nv/nv_00720.png
nv,synth,data/synthetic/ddpm64_all/nv/nv_00721.png
nv,synth,data/synthetic/ddpm64_all/nv/nv_00722.png
nv,synth,data/synthetic/ddpm64_all/nv/nv_00723.png
nv,synth,data/synthetic/ddpm64_all/nv/nv_00724.png
nv,synth,data/synthetic/ddpm64_all/nv/nv_00725.png
nv,synth,data/synthetic/ddpm64_all/nv/nv_00726.png
nv,synth,data/synthetic/ddpm64_all/nv/nv_00727.png
nv,synth,data/synthetic/ddpm64_all/nv/nv_00728.png
nv,synth,data/synthetic/ddpm64_all/nv/nv_00729.png
nv,synth,data/synthetic/ddpm64_all/nv/nv_00730.png
nv,synth,data/synthetic/ddpm64_all/nv/nv_00731.png
nv,synth,data/synthetic/ddpm64_all/nv/nv_00732.png
nv,synth,data/synthetic/ddpm64_all/nv/nv_00733.png
nv,synth,data/synthetic/ddpm64_all/nv/nv_00734.png
nv,synth,data/synthetic/ddpm64_all/nv/nv_00735.png
nv,synth,data/synthetic/ddpm64_all/nv/nv_00736.png
nv,synth,data/synthetic/ddpm64_all/nv/nv_00737.png
nv,synth,data/synthetic/ddpm64_all/nv/nv_00738.png
nv,synth,data/synthetic/ddpm64_all/nv/nv_00739.png
nv,synth,data/synthetic/ddpm64_all/nv/nv_00740.png
nv,synth,data/synthetic/ddpm64_all/nv/nv_00741.png
nv,synth,data/synthetic/ddpm64_all/nv/nv_00742.png
nv,synth,data/synthetic/ddpm64_all/nv/nv_00743.png
nv,synth,data/synthetic/ddpm64_all/nv/nv_00744.png
nv,synth,data/synthetic/ddpm64_all/nv/nv_00745.png
nv,synth,data/synthetic/ddpm64_all/nv/nv_00746.png
nv,synth,data/synthetic/ddpm64_all/nv/nv_00747.png
nv,synth,data/synthetic/ddpm64_all/nv/nv_00748.png
nv,synth,data/synthetic/ddpm64_all/nv/nv_00749.png
nv,synth,data/synthetic/ddpm64_all/nv/nv_00750.png
nv,synth,data/synthetic/ddpm64_all/nv/nv_00751.png
nv,synth,data/synthetic/ddpm64_all/nv/nv_00752.png
nv,synth,data/synthetic/ddpm64_all/nv/nv_00753.png
nv,synth,data/synthetic/ddpm64_all/nv/nv_00754.png
nv,synth,data/synthetic/ddpm64_all/nv/nv_00755.png
nv,synth,data/synthetic/ddpm64_all/nv/nv_00756.png
nv,synth,data/synthetic/ddpm64_all/nv/nv_00757.png
nv,synth,data/synthetic/ddpm64_all/nv/nv_00758.png
nv,synth,data/synthetic/ddpm64_all/nv/nv_00759.png
nv,synth,data/synthetic/ddpm64_all/nv/nv_00760.png
nv,synth,data/synthetic/ddpm64_all/nv/nv_00761.png
nv,synth,data/synthetic/ddpm64_all/nv/nv_00762.png
nv,synth,data/synthetic/ddpm64_all/nv/nv_00763.png
nv,synth,data/synthetic/ddpm64_all/nv/nv_00764.png
nv,synth,data/synthetic/ddpm64_all/nv/nv_00765.png
nv,synth,data/synthetic/ddpm64_all/nv/nv_00766.png
nv,synth,data/synthetic/ddpm64_all/nv/nv_00767.png
nv,synth,data/synthetic/ddpm64_all/nv/nv_00768.png
nv,synth,data/synthetic/ddpm64_all/nv/nv_00769.png
nv,synth,data/synthetic/ddpm64_all/nv/nv_00770.png
nv,synth,data/synthetic/ddpm64_all/nv/nv_00771.png
nv,synth,data/synthetic/ddpm64_all/nv/nv_00772.png
nv,synth,data/synthetic/ddpm64_all/nv/nv_00773.png
nv,synth,data/synthetic/ddpm64_all/nv/nv_00774.png
nv,synth,data/synthetic/ddpm64_all/nv/nv_00775.png
nv,synth,data/synthetic/ddpm64_all/nv/nv_00776.png
nv,synth,data/synthetic/ddpm64_all/nv/nv_00777.png
nv,synth,data/synthetic/ddpm64_all/nv/nv_00778.png
nv,synth,data/synthetic/ddpm64_all/nv/nv_00779.png
nv,synth,data/synthetic/ddpm64_all/nv/nv_00780.png
nv,synth,data/synthetic/ddpm64_all/nv/nv_00781.png
nv,synth,data/synthetic/ddpm64_all/nv/nv_00782.png
nv,synth,data/synthetic/ddpm64_all/nv/nv_00783.png
nv,synth,data/synthetic/ddpm64_all/nv/nv_00784.png
nv,synth,data/synthetic/ddpm64_all/nv/nv_00785.png
nv,synth,data/synthetic/ddpm64_all/nv/nv_00786.png
nv,synth,data/synthetic/ddpm64_all/nv/nv_00787.png
nv,synth,data/synthetic/ddpm64_all/nv/nv_00788.png
nv,synth,data/synthetic/ddpm64_all/nv/nv_00789.png
nv,synth,data/synthetic/ddpm64_all/nv/nv_00790.png
nv,synth,data/synthetic/ddpm64_all/nv/nv_00791.png
nv,synth,data/synthetic/ddpm64_all/nv/nv_00792.png
nv,synth,data/synthetic/ddpm64_all/nv/nv_00793.png
nv,synth,data/synthetic/ddpm64_all/nv/nv_00794.png
nv,synth,data/synthetic/ddpm64_all/nv/nv_00795.png
nv,synth,data/synthetic/ddpm64_all/nv/nv_00796.png
nv,synth,data/synthetic/ddpm64_all/nv/nv_00797.png
nv,synth,data/synthetic/ddpm64_all/nv/nv_00798.png
nv,synth,data/synthetic/ddpm64_all/nv/nv_00799.png
nv,synth,data/synthetic/ddpm64_all/nv/nv_00800.png
nv,synth,data/synthetic/ddpm64_all/nv/nv_00801.png
nv,synth,data/synthetic/ddpm64_all/nv/nv_00802.png
nv,synth,data/synthetic/ddpm64_all/nv/nv_00803.png
nv,synth,data/synthetic/ddpm64_all/nv/nv_00804.png
nv,synth,data/synthetic/ddpm64_all/nv/nv_00805.png
nv,synth,data/synthetic/ddpm64_all/nv/nv_00806.png
nv,synth,data/synthetic/ddpm64_all/nv/nv_00807.png
nv,synth,data/synthetic/ddpm64_all/nv/nv_00808.png
nv,synth,data/synthetic/ddpm64_all/nv/nv_00809.png
nv,synth,data/synthetic/ddpm64_all/nv/nv_00810.png
nv,synth,data/synthetic/ddpm64_all/nv/nv_00811.png
nv,synth,data/synthetic/ddpm64_all/nv/nv_00812.png
nv,synth,data/synthetic/ddpm64_all/nv/nv_00813.png
nv,synth,data/synthetic/ddpm64_all/nv/nv_00814.png
nv,synth,data/synthetic/ddpm64_all/nv/nv_00815.png
nv,synth,data/synthetic/ddpm64_all/nv/nv_00816.png
nv,synth,data/synthetic/ddpm64_all/nv/nv_00817.png
nv,synth,data/synthetic/ddpm64_all/nv/nv_00818.png
nv,synth,data/synthetic/ddpm64_all/nv/nv_00819.png
nv,synth,data/synthetic/ddpm64_all/nv/nv_00820.png
nv,synth,data/synthetic/ddpm64_all/nv/nv_00821.png
nv,synth,data/synthetic/ddpm64_all/nv/nv_00822.png
nv,synth,data/synthetic/ddpm64_all/nv/nv_00823.png
nv,synth,data/synthetic/ddpm64_all/nv/nv_00824.png
nv,synth,data/synthetic/ddpm64_all/nv/nv_00825.png
nv,synth,data/synthetic/ddpm64_all/nv/nv_00826.png
nv,synth,data/synthetic/ddpm64_all/nv/nv_00827.png
nv,synth,data/synthetic/ddpm64_all/nv/nv_00828.png
nv,synth,data/synthetic/ddpm64_all/nv/nv_00829.png
nv,synth,data/synthetic/ddpm64_all/nv/nv_00830.png
nv,synth,data/synthetic/ddpm64_all/nv/nv_00831.png
nv,synth,data/synthetic/ddpm64_all/nv/nv_00832.png
nv,synth,data/synthetic/ddpm64_all/nv/nv_00833.png
nv,synth,data/synthetic/ddpm64_all/nv/nv_00834.png
nv,synth,data/synthetic/ddpm64_all/nv/nv_00835.png
nv,synth,data/synthetic/ddpm64_all/nv/nv_00836.png
nv,synth,data/synthetic/ddpm64_all/nv/nv_00837.png
nv,synth,data/synthetic/ddpm64_all/nv/nv_00838.png
nv,synth,data/synthetic/ddpm64_all/nv/nv_00839.png
nv,synth,data/synthetic/ddpm64_all/nv/nv_00840.png
nv,synth,data/synthetic/ddpm64_all/nv/nv_00841.png
nv,synth,data/synthetic/ddpm64_all/nv/nv_00842.png
nv,synth,data/synthetic/ddpm64_all/nv/nv_00843.png
nv,synth,data/synthetic/ddpm64_all/nv/nv_00844.png
nv,synth,data/synthetic/ddpm64_all/nv/nv_00845.png
nv,synth,data/synthetic/ddpm64_all/nv/nv_00846.png
nv,synth,data/synthetic/ddpm64_all/nv/nv_00847.png
nv,synth,data/synthetic/ddpm64_all/nv/nv_00848.png
nv,synth,data/synthetic/ddpm64_all/nv/nv_00849.png
nv,synth,data/synthetic/ddpm64_all/nv/nv_00850.png
nv,synth,data/synthetic/ddpm64_all/nv/nv_00851.png
nv,synth,data/synthetic/ddpm64_all/nv/nv_00852.png
nv,synth,data/synthetic/ddpm64_all/nv/nv_00853.png
nv,synth,data/synthetic/ddpm64_all/nv/nv_00854.png
nv,synth,data/synthetic/ddpm64_all/nv/nv_00855.png
nv,synth,data/synthetic/ddpm64_all/nv/nv_00856.png
nv,synth,data/synthetic/ddpm64_all/nv/nv_00857.png
nv,synth,data/synthetic/ddpm64_all/nv/nv_00858.png
nv,synth,data/synthetic/ddpm64_all/nv/nv_00859.png
nv,synth,data/synthetic/ddpm64_all/nv/nv_00860.png
nv,synth,data/synthetic/ddpm64_all/nv/nv_00861.png
nv,synth,data/synthetic/ddpm64_all/nv/nv_00862.png
nv,synth,data/synthetic/ddpm64_all/nv/nv_00863.png
nv,synth,data/synthetic/ddpm64_all/nv/nv_00864.png
nv,synth,data/synthetic/ddpm64_all/nv/nv_00865.png
nv,synth,data/synthetic/ddpm64_all/nv/nv_00866.png
nv,synth,data/synthetic/ddpm64_all/nv/nv_00867.png
nv,synth,data/synthetic/ddpm64_all/nv/nv_00868.png
nv,synth,data/synthetic/ddpm64_all/nv/nv_00869.png
nv,synth,data/synthetic/ddpm64_all/nv/nv_00870.png
nv,synth,data/synthetic/ddpm64_all/nv/nv_00871.png
nv,synth,data/synthetic/ddpm64_all/nv/nv_00872.png
nv,synth,data/synthetic/ddpm64_all/nv/nv_00873.png
nv,synth,data/synthetic/ddpm64_all/nv/nv_00874.png
nv,synth,data/synthetic/ddpm64_all/nv/nv_00875.png
nv,synth,data/synthetic/ddpm64_all/nv/nv_00876.png
nv,synth,data/synthetic/ddpm64_all/nv/nv_00877.png
nv,synth,data/synthetic/ddpm64_all/nv/nv_00878.png
nv,synth,data/synthetic/ddpm64_all/nv/nv_00879.png
nv,synth,data/synthetic/ddpm64_all/nv/nv_00880.png
nv,synth,data/synthetic/ddpm64_all/nv/nv_00881.png
nv,synth,data/synthetic/ddpm64_all/nv/nv_00882.png
nv,synth,data/synthetic/ddpm64_all/nv/nv_00883.png
nv,synth,data/synthetic/ddpm64_all/nv/nv_00884.png
nv,synth,data/synthetic/ddpm64_all/nv/nv_00885.png
nv,synth,data/synthetic/ddpm64_all/nv/nv_00886.png
nv,synth,data/synthetic/ddpm64_all/nv/nv_00887.png
nv,synth,data/synthetic/ddpm64_all/nv/nv_00888.png
nv,synth,data/synthetic/ddpm64_all/nv/nv_00889.png
nv,synth,data/synthetic/ddpm64_all/nv/nv_00890.png
nv,synth,data/synthetic/ddpm64_all/nv/nv_00891.png
nv,synth,data/synthetic/ddpm64_all/nv/nv_00892.png
nv,synth,data/synthetic/ddpm64_all/nv/nv_00893.png
nv,synth,data/synthetic/ddpm64_all/nv/nv_00894.png
nv,synth,data/synthetic/ddpm64_all/nv/nv_00895.png
nv,synth,data/synthetic/ddpm64_all/nv/nv_00896.png
nv,synth,data/synthetic/ddpm64_all/nv/nv_00897.png
nv,synth,data/synthetic/ddpm64_all/nv/nv_00898.png
nv,synth,data/synthetic/ddpm64_all/nv/nv_00899.png
nv,synth,data/synthetic/ddpm64_all/nv/nv_00900.png
nv,synth,data/synthetic/ddpm64_all/nv/nv_00901.png
nv,synth,data/synthetic/ddpm64_all/nv/nv_00902.png
nv,synth,data/synthetic/ddpm64_all/nv/nv_00903.png
nv,synth,data/synthetic/ddpm64_all/nv/nv_00904.png
nv,synth,data/synthetic/ddpm64_all/nv/nv_00905.png
nv,synth,data/synthetic/ddpm64_all/nv/nv_00906.png
nv,synth,data/synthetic/ddpm64_all/nv/nv_00907.png
nv,synth,data/synthetic/ddpm64_all/nv/nv_00908.png
nv,synth,data/synthetic/ddpm64_all/nv/nv_00909.png
nv,synth,data/synthetic/ddpm64_all/nv/nv_00910.png
nv,synth,data/synthetic/ddpm64_all/nv/nv_00911.png
nv,synth,data/synthetic/ddpm64_all/nv/nv_00912.png
nv,synth,data/synthetic/ddpm64_all/nv/nv_00913.png
nv,synth,data/synthetic/ddpm64_all/nv/nv_00914.png
nv,synth,data/synthetic/ddpm64_all/nv/nv_00915.png
nv,synth,data/synthetic/ddpm64_all/nv/nv_00916.png
nv,synth,data/synthetic/ddpm64_all/nv/nv_00917.png
nv,synth,data/synthetic/ddpm64_all/nv/nv_00918.png
nv,synth,data/synthetic/ddpm64_all/nv/nv_00919.png
nv,synth,data/synthetic/ddpm64_all/nv/nv_00920.png
nv,synth,data/synthetic/ddpm64_all/nv/nv_00921.png
nv,synth,data/synthetic/ddpm64_all/nv/nv_00922.png
nv,synth,data/synthetic/ddpm64_all/nv/nv_00923.png
nv,synth,data/synthetic/ddpm64_all/nv/nv_00924.png
nv,synth,data/synthetic/ddpm64_all/nv/nv_00925.png
nv,synth,data/synthetic/ddpm64_all/nv/nv_00926.png
nv,synth,data/synthetic/ddpm64_all/nv/nv_00927.png
nv,synth,data/synthetic/ddpm64_all/nv/nv_00928.png
nv,synth,data/synthetic/ddpm64_all/nv/nv_00929.png
nv,synth,data/synthetic/ddpm64_all/nv/nv_00930.png
nv,synth,data/synthetic/ddpm64_all/nv/nv_00931.png
nv,synth,data/synthetic/ddpm64_all/nv/nv_00932.png
nv,synth,data/synthetic/ddpm64_all/nv/nv_00933.png
nv,synth,data/synthetic/ddpm64_all/nv/nv_00934.png
nv,synth,data/synthetic/ddpm64_all/nv/nv_00935.png
nv,synth,data/synthetic/ddpm64_all/nv/nv_00936.png
nv,synth,data/synthetic/ddpm64_all/nv/nv_00937.png
nv,synth,data/synthetic/ddpm64_all/nv/nv_00938.png
nv,synth,data/synthetic/ddpm64_all/nv/nv_00939.png
nv,synth,data/synthetic/ddpm64_all/nv/nv_00940.png
nv,synth,data/synthetic/ddpm64_all/nv/nv_00941.png
nv,synth,data/synthetic/ddpm64_all/nv/nv_00942.png
nv,synth,data/synthetic/ddpm64_all/nv/nv_00943.png
nv,synth,data/synthetic/ddpm64_all/nv/nv_00944.png
nv,synth,data/synthetic/ddpm64_all/nv/nv_00945.png
nv,synth,data/synthetic/ddpm64_all/nv/nv_00946.png
nv,synth,data/synthetic/ddpm64_all/nv/nv_00947.png
nv,synth,data/synthetic/ddpm64_all/nv/nv_00948.png
nv,synth,data/synthetic/ddpm64_all/nv/nv_00949.png
nv,synth,data/synthetic/ddpm64_all/nv/nv_00950.png
nv,synth,data/synthetic/ddpm64_all/nv/nv_00951.png
nv,synth,data/synthetic/ddpm64_all/nv/nv_00952.png
nv,synth,data/synthetic/ddpm64_all/nv/nv_00953.png
nv,synth,data/synthetic/ddpm64_all/nv/nv_00954.png
nv,synth,data/synthetic/ddpm64_all/nv/nv_00955.png
nv,synth,data/synthetic/ddpm64_all/nv/nv_00956.png
nv,synth,data/synthetic/ddpm64_all/nv/nv_00957.png
nv,synth,data/synthetic/ddpm64_all/nv/nv_00958.png
nv,synth,data/synthetic/ddpm64_all/nv/nv_00959.png
nv,synth,data/synthetic/ddpm64_all/nv/nv_00960.png
nv,synth,data/synthetic/ddpm64_all/nv/nv_00961.png
nv,synth,data/synthetic/ddpm64_all/nv/nv_00962.png
nv,synth,data/synthetic/ddpm64_all/nv/nv_00963.png
nv,synth,data/synthetic/ddpm64_all/nv/nv_00964.png
nv,synth,data/synthetic/ddpm64_all/nv/nv_00965.png
nv,synth,data/synthetic/ddpm64_all/nv/nv_00966.png
nv,synth,data/synthetic/ddpm64_all/nv/nv_00967.png
nv,synth,data/synthetic/ddpm64_all/nv/nv_00968.png
nv,synth,data/synthetic/ddpm64_all/nv/nv_00969.png
nv,synth,data/synthetic/ddpm64_all/nv/nv_00970.png
nv,synth,data/synthetic/ddpm64_all/nv/nv_00971.png
nv,synth,data/synthetic/ddpm64_all/nv/nv_00972.png
nv,synth,data/synthetic/ddpm64_all/nv/nv_00973.png
nv,synth,data/synthetic/ddpm64_all/nv/nv_00974.png
nv,synth,data/synthetic/ddpm64_all/nv/nv_00975.png
nv,synth,data/synthetic/ddpm64_all/nv/nv_00976.png
nv,synth,data/synthetic/ddpm64_all/nv/nv_00977.png
nv,synth,data/synthetic/ddpm64_all/nv/nv_00978.png
nv,synth,data/synthetic/ddpm64_all/nv/nv_00979.png
nv,synth,data/synthetic/ddpm64_all/nv/nv_00980.png
nv,synth,data/synthetic/ddpm64_all/nv/nv_00981.png
nv,synth,data/synthetic/ddpm64_all/nv/nv_00982.png
nv,synth,data/synthetic/ddpm64_all/nv/nv_00983.png
nv,synth,data/synthetic/ddpm64_all/nv/nv_00984.png
nv,synth,data/synthetic/ddpm64_all/nv/nv_00985.png
nv,synth,data/synthetic/ddpm64_all/nv/nv_00986.png
nv,synth,data/synthetic/ddpm64_all/nv/nv_00987.png
nv,synth,data/synthetic/ddpm64_all/nv/nv_00988.png
nv,synth,data/synthetic/ddpm64_all/nv/nv_00989.png
nv,synth,data/synthetic/ddpm64_all/nv/nv_00990.png
nv,synth,data/synthetic/ddpm64_all/nv/nv_00991.png
nv,synth,data/synthetic/ddpm64_all/nv/nv_00992.png
nv,synth,data/synthetic/ddpm64_all/nv/nv_00993.png
nv,synth,data/synthetic/ddpm64_all/nv/nv_00994.png
nv,synth,data/synthetic/ddpm64_all/nv/nv_00995.png
nv,synth,data/synthetic/ddpm64_all/nv/nv_00996.png
nv,synth,data/synthetic/ddpm64_all/nv/nv_00997.png
nv,synth,data/synthetic/ddpm64_all/nv/nv_00998.png
nv,synth,data/synthetic/ddpm64_all/nv/nv_00999.png
vasc,synth,data/synthetic/ddpm64_all/vasc/vasc_00000.png
vasc,synth,data/synthetic/ddpm64_all/vasc/vasc_00001.png
vasc,synth,data/synthetic/ddpm64_all/vasc/vasc_00002.png
vasc,synth,data/synthetic/ddpm64_all/vasc/vasc_00003.png
vasc,synth,data/synthetic/ddpm64_all/vasc/vasc_00004.png
vasc,synth,data/synthetic/ddpm64_all/vasc/vasc_00005.png
vasc,synth,data/synthetic/ddpm64_all/vasc/vasc_00006.png
vasc,synth,data/synthetic/ddpm64_all/vasc/vasc_00007.png
vasc,synth,data/synthetic/ddpm64_all/vasc/vasc_00008.png
vasc,synth,data/synthetic/ddpm64_all/vasc/vasc_00009.png
vasc,synth,data/synthetic/ddpm64_all/vasc/vasc_00010.png
vasc,synth,data/synthetic/ddpm64_all/vasc/vasc_00011.png
vasc,synth,data/synthetic/ddpm64_all/vasc/vasc_00012.png
vasc,synth,data/synthetic/ddpm64_all/vasc/vasc_00013.png
vasc,synth,data/synthetic/ddpm64_all/vasc/vasc_00014.png
vasc,synth,data/synthetic/ddpm64_all/vasc/vasc_00015.png
vasc,synth,data/synthetic/ddpm64_all/vasc/vasc_00016.png
vasc,synth,data/synthetic/ddpm64_all/vasc/vasc_00017.png
vasc,synth,data/synthetic/ddpm64_all/vasc/vasc_00018.png
vasc,synth,data/synthetic/ddpm64_all/vasc/vasc_00019.png
vasc,synth,data/synthetic/ddpm64_all/vasc/vasc_00020.png
vasc,synth,data/synthetic/ddpm64_all/vasc/vasc_00021.png
vasc,synth,data/synthetic/ddpm64_all/vasc/vasc_00022.png
vasc,synth,data/synthetic/ddpm64_all/vasc/vasc_00023.png
vasc,synth,data/synthetic/ddpm64_all/vasc/vasc_00024.png
vasc,synth,data/synthetic/ddpm64_all/vasc/vasc_00025.png
vasc,synth,data/synthetic/ddpm64_all/vasc/vasc_00026.png
vasc,synth,data/synthetic/ddpm64_all/vasc/vasc_00027.png
vasc,synth,data/synthetic/ddpm64_all/vasc/vasc_00028.png
vasc,synth,data/synthetic/ddpm64_all/vasc/vasc_00029.png
vasc,synth,data/synthetic/ddpm64_all/vasc/vasc_00030.png
vasc,synth,data/synthetic/ddpm64_all/vasc/vasc_00031.png
vasc,synth,data/synthetic/ddpm64_all/vasc/vasc_00032.png
vasc,synth,data/synthetic/ddpm64_all/vasc/vasc_00033.png
vasc,synth,data/synthetic/ddpm64_all/vasc/vasc_00034.png
vasc,synth,data/synthetic/ddpm64_all/vasc/vasc_00035.png
vasc,synth,data/synthetic/ddpm64_all/vasc/vasc_00036.png
vasc,synth,data/synthetic/ddpm64_all/vasc/vasc_00037.png
vasc,synth,data/synthetic/ddpm64_all/vasc/vasc_00038.png
vasc,synth,data/synthetic/ddpm64_all/vasc/vasc_00039.png
vasc,synth,data/synthetic/ddpm64_all/vasc/vasc_00040.png
vasc,synth,data/synthetic/ddpm64_all/vasc/vasc_00041.png
vasc,synth,data/synthetic/ddpm64_all/vasc/vasc_00042.png
vasc,synth,data/synthetic/ddpm64_all/vasc/vasc_00043.png
vasc,synth,data/synthetic/ddpm64_all/vasc/vasc_00044.png
vasc,synth,data/synthetic/ddpm64_all/vasc/vasc_00045.png
vasc,synth,data/synthetic/ddpm64_all/vasc/vasc_00046.png
vasc,synth,data/synthetic/ddpm64_all/vasc/vasc_00047.png
vasc,synth,data/synthetic/ddpm64_all/vasc/vasc_00048.png
vasc,synth,data/synthetic/ddpm64_all/vasc/vasc_00049.png
vasc,synth,data/synthetic/ddpm64_all/vasc/vasc_00050.png
vasc,synth,data/synthetic/ddpm64_all/vasc/vasc_00051.png
vasc,synth,data/synthetic/ddpm64_all/vasc/vasc_00052.png
vasc,synth,data/synthetic/ddpm64_all/vasc/vasc_00053.png
vasc,synth,data/synthetic/ddpm64_all/vasc/vasc_00054.png
vasc,synth,data/synthetic/ddpm64_all/vasc/vasc_00055.png
vasc,synth,data/synthetic/ddpm64_all/vasc/vasc_00056.png
vasc,synth,data/synthetic/ddpm64_all/vasc/vasc_00057.png
vasc,synth,data/synthetic/ddpm64_all/vasc/vasc_00058.png
vasc,synth,data/synthetic/ddpm64_all/vasc/vasc_00059.png
vasc,synth,data/synthetic/ddpm64_all/vasc/vasc_00060.png
vasc,synth,data/synthetic/ddpm64_all/vasc/vasc_00061.png
vasc,synth,data/synthetic/ddpm64_all/vasc/vasc_00062.png
vasc,synth,data/synthetic/ddpm64_all/vasc/vasc_00063.png
vasc,synth,data/synthetic/ddpm64_all/vasc/vasc_00064.png
vasc,synth,data/synthetic/ddpm64_all/vasc/vasc_00065.png
vasc,synth,data/synthetic/ddpm64_all/vasc/vasc_00066.png
vasc,synth,data/synthetic/ddpm64_all/vasc/vasc_00067.png
vasc,synth,data/synthetic/ddpm64_all/vasc/vasc_00068.png
vasc,synth,data/synthetic/ddpm64_all/vasc/vasc_00069.png
vasc,synth,data/synthetic/ddpm64_all/vasc/vasc_00070.png
vasc,synth,data/synthetic/ddpm64_all/vasc/vasc_00071.png
vasc,synth,data/synthetic/ddpm64_all/vasc/vasc_00072.png
vasc,synth,data/synthetic/ddpm64_all/vasc/vasc_00073.png
vasc,synth,data/synthetic/ddpm64_all/vasc/vasc_00074.png
vasc,synth,data/synthetic/ddpm64_all/vasc/vasc_00075.png
vasc,synth,data/synthetic/ddpm64_all/vasc/vasc_00076.png
vasc,synth,data/synthetic/ddpm64_all/vasc/vasc_00077.png
vasc,synth,data/synthetic/ddpm64_all/vasc/vasc_00078.png
vasc,synth,data/synthetic/ddpm64_all/vasc/vasc_00079.png
vasc,synth,data/synthetic/ddpm64_all/vasc/vasc_00080.png
vasc,synth,data/synthetic/ddpm64_all/vasc/vasc_00081.png
vasc,synth,data/synthetic/ddpm64_all/vasc/vasc_00082.png
vasc,synth,data/synthetic/ddpm64_all/vasc/vasc_00083.png
vasc,synth,data/synthetic/ddpm64_all/vasc/vasc_00084.png
vasc,synth,data/synthetic/ddpm64_all/vasc/vasc_00085.png
vasc,synth,data/synthetic/ddpm64_all/vasc/vasc_00086.png
vasc,synth,data/synthetic/ddpm64_all/vasc/vasc_00087.png
vasc,synth,data/synthetic/ddpm64_all/vasc/vasc_00088.png
vasc,synth,data/synthetic/ddpm64_all/vasc/vasc_00089.png
vasc,synth,data/synthetic/ddpm64_all/vasc/vasc_00090.png
vasc,synth,data/synthetic/ddpm64_all/vasc/vasc_00091.png
vasc,synth,data/synthetic/ddpm64_all/vasc/vasc_00092.png
vasc,synth,data/synthetic/ddpm64_all/vasc/vasc_00093.png
vasc,synth,data/synthetic/ddpm64_all/vasc/vasc_00094.png
vasc,synth,data/synthetic/ddpm64_all/vasc/vasc_00095.png
vasc,synth,data/synthetic/ddpm64_all/vasc/vasc_00096.png
vasc,synth,data/synthetic/ddpm64_all/vasc/vasc_00097.png
vasc,synth,data/synthetic/ddpm64_all/vasc/vasc_00098.png
vasc,synth,data/synthetic/ddpm64_all/vasc/vasc_00099.png
vasc,synth,data/synthetic/ddpm64_all/vasc/vasc_00100.png
vasc,synth,data/synthetic/ddpm64_all/vasc/vasc_00101.png
vasc,synth,data/synthetic/ddpm64_all/vasc/vasc_00102.png
vasc,synth,data/synthetic/ddpm64_all/vasc/vasc_00103.png
vasc,synth,data/synthetic/ddpm64_all/vasc/vasc_00104.png
vasc,synth,data/synthetic/ddpm64_all/vasc/vasc_00105.png
vasc,synth,data/synthetic/ddpm64_all/vasc/vasc_00106.png
vasc,synth,data/synthetic/ddpm64_all/vasc/vasc_00107.png
vasc,synth,data/synthetic/ddpm64_all/vasc/vasc_00108.png
vasc,synth,data/synthetic/ddpm64_all/vasc/vasc_00109.png
vasc,synth,data/synthetic/ddpm64_all/vasc/vasc_00110.png
vasc,synth,data/synthetic/ddpm64_all/vasc/vasc_00111.png
vasc,synth,data/synthetic/ddpm64_all/vasc/vasc_00112.png
vasc,synth,data/synthetic/ddpm64_all/vasc/vasc_00113.png
vasc,synth,data/synthetic/ddpm64_all/vasc/vasc_00114.png
vasc,synth,data/synthetic/ddpm64_all/vasc/vasc_00115.png
vasc,synth,data/synthetic/ddpm64_all/vasc/vasc_00116.png
vasc,synth,data/synthetic/ddpm64_all/vasc/vasc_00117.png
vasc,synth,data/synthetic/ddpm64_all/vasc/vasc_00118.png
vasc,synth,data/synthetic/ddpm64_all/vasc/vasc_00119.png
vasc,synth,data/synthetic/ddpm64_all/vasc/vasc_00120.png
vasc,synth,data/synthetic/ddpm64_all/vasc/vasc_00121.png
vasc,synth,data/synthetic/ddpm64_all/vasc/vasc_00122.png
vasc,synth,data/synthetic/ddpm64_all/vasc/vasc_00123.png
vasc,synth,data/synthetic/ddpm64_all/vasc/vasc_00124.png
vasc,synth,data/synthetic/ddpm64_all/vasc/vasc_00125.png
vasc,synth,data/synthetic/ddpm64_all/vasc/vasc_00126.png
vasc,synth,data/synthetic/ddpm64_all/vasc/vasc_00127.png
vasc,synth,data/synthetic/ddpm64_all/vasc/vasc_00128.png
vasc,synth,data/synthetic/ddpm64_all/vasc/vasc_00129.png
vasc,synth,data/synthetic/ddpm64_all/vasc/vasc_00130.png
vasc,synth,data/synthetic/ddpm64_all/vasc/vasc_00131.png
vasc,synth,data/synthetic/ddpm64_all/vasc/vasc_00132.png
vasc,synth,data/synthetic/ddpm64_all/vasc/vasc_00133.png
vasc,synth,data/synthetic/ddpm64_all/vasc/vasc_00134.png
vasc,synth,data/synthetic/ddpm64_all/vasc/vasc_00135.png
vasc,synth,data/synthetic/ddpm64_all/vasc/vasc_00136.png
vasc,synth,data/synthetic/ddpm64_all/vasc/vasc_00137.png
vasc,synth,data/synthetic/ddpm64_all/vasc/vasc_00138.png
vasc,synth,data/synthetic/ddpm64_all/vasc/vasc_00139.png
vasc,synth,data/synthetic/ddpm64_all/vasc/vasc_00140.png
vasc,synth,data/synthetic/ddpm64_all/vasc/vasc_00141.png
vasc,synth,data/synthetic/ddpm64_all/vasc/vasc_00142.png
vasc,synth,data/synthetic/ddpm64_all/vasc/vasc_00143.png
vasc,synth,data/synthetic/ddpm64_all/vasc/vasc_00144.png
vasc,synth,data/synthetic/ddpm64_all/vasc/vasc_00145.png
vasc,synth,data/synthetic/ddpm64_all/vasc/vasc_00146.png
vasc,synth,data/synthetic/ddpm64_all/vasc/vasc_00147.png
vasc,synth,data/synthetic/ddpm64_all/vasc/vasc_00148.png
vasc,synth,data/synthetic/ddpm64_all/vasc/vasc_00149.png
vasc,synth,data/synthetic/ddpm64_all/vasc/vasc_00150.png
vasc,synth,data/synthetic/ddpm64_all/vasc/vasc_00151.png
vasc,synth,data/synthetic/ddpm64_all/vasc/vasc_00152.png
vasc,synth,data/synthetic/ddpm64_all/vasc/vasc_00153.png
vasc,synth,data/synthetic/ddpm64_all/vasc/vasc_00154.png
vasc,synth,data/synthetic/ddpm64_all/vasc/vasc_00155.png
vasc,synth,data/synthetic/ddpm64_all/vasc/vasc_00156.png
vasc,synth,data/synthetic/ddpm64_all/vasc/vasc_00157.png
vasc,synth,data/synthetic/ddpm64_all/vasc/vasc_00158.png
vasc,synth,data/synthetic/ddpm64_all/vasc/vasc_00159.png
vasc,synth,data/synthetic/ddpm64_all/vasc/vasc_00160.png
vasc,synth,data/synthetic/ddpm64_all/vasc/vasc_00161.png
vasc,synth,data/synthetic/ddpm64_all/vasc/vasc_00162.png
vasc,synth,data/synthetic/ddpm64_all/vasc/vasc_00163.png
vasc,synth,data/synthetic/ddpm64_all/vasc/vasc_00164.png
vasc,synth,data/synthetic/ddpm64_all/vasc/vasc_00165.png
vasc,synth,data/synthetic/ddpm64_all/vasc/vasc_00166.png
vasc,synth,data/synthetic/ddpm64_all/vasc/vasc_00167.png
vasc,synth,data/synthetic/ddpm64_all/vasc/vasc_00168.png
vasc,synth,data/synthetic/ddpm64_all/vasc/vasc_00169.png
vasc,synth,data/synthetic/ddpm64_all/vasc/vasc_00170.png
vasc,synth,data/synthetic/ddpm64_all/vasc/vasc_00171.png
vasc,synth,data/synthetic/ddpm64_all/vasc/vasc_00172.png
vasc,synth,data/synthetic/ddpm64_all/vasc/vasc_00173.png
vasc,synth,data/synthetic/ddpm64_all/vasc/vasc_00174.png
vasc,synth,data/synthetic/ddpm64_all/vasc/vasc_00175.png
vasc,synth,data/synthetic/ddpm64_all/vasc/vasc_00176.png
vasc,synth,data/synthetic/ddpm64_all/vasc/vasc_00177.png
vasc,synth,data/synthetic/ddpm64_all/vasc/vasc_00178.png
vasc,synth,data/synthetic/ddpm64_all/vasc/vasc_00179.png
vasc,synth,data/synthetic/ddpm64_all/vasc/vasc_00180.png
vasc,synth,data/synthetic/ddpm64_all/vasc/vasc_00181.png
vasc,synth,data/synthetic/ddpm64_all/vasc/vasc_00182.png
vasc,synth,data/synthetic/ddpm64_all/vasc/vasc_00183.png
vasc,synth,data/synthetic/ddpm64_all/vasc/vasc_00184.png
vasc,synth,data/synthetic/ddpm64_all/vasc/vasc_00185.png
vasc,synth,data/synthetic/ddpm64_all/vasc/vasc_00186.png
vasc,synth,data/synthetic/ddpm64_all/vasc/vasc_00187.png
vasc,synth,data/synthetic/ddpm64_all/vasc/vasc_00188.png
vasc,synth,data/synthetic/ddpm64_all/vasc/vasc_00189.png
vasc,synth,data/synthetic/ddpm64_all/vasc/vasc_00190.png
vasc,synth,data/synthetic/ddpm64_all/vasc/vasc_00191.png
vasc,synth,data/synthetic/ddpm64_all/vasc/vasc_00192.png
vasc,synth,data/synthetic/ddpm64_all/vasc/vasc_00193.png
vasc,synth,data/synthetic/ddpm64_all/vasc/vasc_00194.png
vasc,synth,data/synthetic/ddpm64_all/vasc/vasc_00195.png
vasc,synth,data/synthetic/ddpm64_all/vasc/vasc_00196.png
vasc,synth,data/synthetic/ddpm64_all/vasc/vasc_00197.png
vasc,synth,data/synthetic/ddpm64_all/vasc/vasc_00198.png
vasc,synth,data/synthetic/ddpm64_all/vasc/vasc_00199.png
vasc,synth,data/synthetic/ddpm64_all/vasc/vasc_00200.png
vasc,synth,data/synthetic/ddpm64_all/vasc/vasc_00201.png
vasc,synth,data/synthetic/ddpm64_all/vasc/vasc_00202.png
vasc,synth,data/synthetic/ddpm64_all/vasc/vasc_00203.png
vasc,synth,data/synthetic/ddpm64_all/vasc/vasc_00204.png
vasc,synth,data/synthetic/ddpm64_all/vasc/vasc_00205.png
vasc,synth,data/synthetic/ddpm64_all/vasc/vasc_00206.png
vasc,synth,data/synthetic/ddpm64_all/vasc/vasc_00207.png
vasc,synth,data/synthetic/ddpm64_all/vasc/vasc_00208.png
vasc,synth,data/synthetic/ddpm64_all/vasc/vasc_00209.png
vasc,synth,data/synthetic/ddpm64_all/vasc/vasc_00210.png
vasc,synth,data/synthetic/ddpm64_all/vasc/vasc_00211.png
vasc,synth,data/synthetic/ddpm64_all/vasc/vasc_00212.png
vasc,synth,data/synthetic/ddpm64_all/vasc/vasc_00213.png
vasc,synth,data/synthetic/ddpm64_all/vasc/vasc_00214.png
vasc,synth,data/synthetic/ddpm64_all/vasc/vasc_00215.png
vasc,synth,data/synthetic/ddpm64_all/vasc/vasc_00216.png
vasc,synth,data/synthetic/ddpm64_all/vasc/vasc_00217.png
vasc,synth,data/synthetic/ddpm64_all/vasc/vasc_00218.png
vasc,synth,data/synthetic/ddpm64_all/vasc/vasc_00219.png
vasc,synth,data/synthetic/ddpm64_all/vasc/vasc_00220.png
vasc,synth,data/synthetic/ddpm64_all/vasc/vasc_00221.png
vasc,synth,data/synthetic/ddpm64_all/vasc/vasc_00222.png
vasc,synth,data/synthetic/ddpm64_all/vasc/vasc_00223.png
vasc,synth,data/synthetic/ddpm64_all/vasc/vasc_00224.png
vasc,synth,data/synthetic/ddpm64_all/vasc/vasc_00225.png
vasc,synth,data/synthetic/ddpm64_all/vasc/vasc_00226.png
vasc,synth,data/synthetic/ddpm64_all/vasc/vasc_00227.png
vasc,synth,data/synthetic/ddpm64_all/vasc/vasc_00228.png
vasc,synth,data/synthetic/ddpm64_all/vasc/vasc_00229.png
vasc,synth,data/synthetic/ddpm64_all/vasc/vasc_00230.png
vasc,synth,data/synthetic/ddpm64_all/vasc/vasc_00231.png
vasc,synth,data/synthetic/ddpm64_all/vasc/vasc_00232.png
vasc,synth,data/synthetic/ddpm64_all/vasc/vasc_00233.png
vasc,synth,data/synthetic/ddpm64_all/vasc/vasc_00234.png
vasc,synth,data/synthetic/ddpm64_all/vasc/vasc_00235.png
vasc,synth,data/synthetic/ddpm64_all/vasc/vasc_00236.png
vasc,synth,data/synthetic/ddpm64_all/vasc/vasc_00237.png
vasc,synth,data/synthetic/ddpm64_all/vasc/vasc_00238.png
vasc,synth,data/synthetic/ddpm64_all/vasc/vasc_00239.png
vasc,synth,data/synthetic/ddpm64_all/vasc/vasc_00240.png
vasc,synth,data/synthetic/ddpm64_all/vasc/vasc_00241.png
vasc,synth,data/synthetic/ddpm64_all/vasc/vasc_00242.png
vasc,synth,data/synthetic/ddpm64_all/vasc/vasc_00243.png
vasc,synth,data/synthetic/ddpm64_all/vasc/vasc_00244.png
vasc,synth,data/synthetic/ddpm64_all/vasc/vasc_00245.png
vasc,synth,data/synthetic/ddpm64_all/vasc/vasc_00246.png
vasc,synth,data/synthetic/ddpm64_all/vasc/vasc_00247.png
vasc,synth,data/synthetic/ddpm64_all/vasc/vasc_00248.png
vasc,synth,data/synthetic/ddpm64_all/vasc/vasc_00249.png
vasc,synth,data/synthetic/ddpm64_all/vasc/vasc_00250.png
vasc,synth,data/synthetic/ddpm64_all/vasc/vasc_00251.png
vasc,synth,data/synthetic/ddpm64_all/vasc/vasc_00252.png
vasc,synth,data/synthetic/ddpm64_all/vasc/vasc_00253.png
vasc,synth,data/synthetic/ddpm64_all/vasc/vasc_00254.png
vasc,synth,data/synthetic/ddpm64_all/vasc/vasc_00255.png
vasc,synth,data/synthetic/ddpm64_all/vasc/vasc_00256.png
vasc,synth,data/synthetic/ddpm64_all/vasc/vasc_00257.png
vasc,synth,data/synthetic/ddpm64_all/vasc/vasc_00258.png
vasc,synth,data/synthetic/ddpm64_all/vasc/vasc_00259.png
vasc,synth,data/synthetic/ddpm64_all/vasc/vasc_00260.png
vasc,synth,data/synthetic/ddpm64_all/vasc/vasc_00261.png
vasc,synth,data/synthetic/ddpm64_all/vasc/vasc_00262.png
vasc,synth,data/synthetic/ddpm64_all/vasc/vasc_00263.png
vasc,synth,data/synthetic/ddpm64_all/vasc/vasc_00264.png
vasc,synth,data/synthetic/ddpm64_all/vasc/vasc_00265.png
vasc,synth,data/synthetic/ddpm64_all/vasc/vasc_00266.png
vasc,synth,data/synthetic/ddpm64_all/vasc/vasc_00267.png
vasc,synth,data/synthetic/ddpm64_all/vasc/vasc_00268.png
vasc,synth,data/synthetic/ddpm64_all/vasc/vasc_00269.png
vasc,synth,data/synthetic/ddpm64_all/vasc/vasc_00270.png
vasc,synth,data/synthetic/ddpm64_all/vasc/vasc_00271.png
vasc,synth,data/synthetic/ddpm64_all/vasc/vasc_00272.png
vasc,synth,data/synthetic/ddpm64_all/vasc/vasc_00273.png
vasc,synth,data/synthetic/ddpm64_all/vasc/vasc_00274.png
vasc,synth,data/synthetic/ddpm64_all/vasc/vasc_00275.png
vasc,synth,data/synthetic/ddpm64_all/vasc/vasc_00276.png
vasc,synth,data/synthetic/ddpm64_all/vasc/vasc_00277.png
vasc,synth,data/synthetic/ddpm64_all/vasc/vasc_00278.png
vasc,synth,data/synthetic/ddpm64_all/vasc/vasc_00279.png
vasc,synth,data/synthetic/ddpm64_all/vasc/vasc_00280.png
vasc,synth,data/synthetic/ddpm64_all/vasc/vasc_00281.png
vasc,synth,data/synthetic/ddpm64_all/vasc/vasc_00282.png
vasc,synth,data/synthetic/ddpm64_all/vasc/vasc_00283.png
vasc,synth,data/synthetic/ddpm64_all/vasc/vasc_00284.png
vasc,synth,data/synthetic/ddpm64_all/vasc/vasc_00285.png
vasc,synth,data/synthetic/ddpm64_all/vasc/vasc_00286.png
vasc,synth,data/synthetic/ddpm64_all/vasc/vasc_00287.png
vasc,synth,data/synthetic/ddpm64_all/vasc/vasc_00288.png
vasc,synth,data/synthetic/ddpm64_all/vasc/vasc_00289.png
vasc,synth,data/synthetic/ddpm64_all/vasc/vasc_00290.png
vasc,synth,data/synthetic/ddpm64_all/vasc/vasc_00291.png
vasc,synth,data/synthetic/ddpm64_all/vasc/vasc_00292.png
vasc,synth,data/synthetic/ddpm64_all/vasc/vasc_00293.png
vasc,synth,data/synthetic/ddpm64_all/vasc/vasc_00294.png
vasc,synth,data/synthetic/ddpm64_all/vasc/vasc_00295.png
vasc,synth,data/synthetic/ddpm64_all/vasc/vasc_00296.png
vasc,synth,data/synthetic/ddpm64_all/vasc/vasc_00297.png
vasc,synth,data/synthetic/ddpm64_all/vasc/vasc_00298.png
vasc,synth,data/synthetic/ddpm64_all/vasc/vasc_00299.png
vasc,synth,data/synthetic/ddpm64_all/vasc/vasc_00300.png
vasc,synth,data/synthetic/ddpm64_all/vasc/vasc_00301.png
vasc,synth,data/synthetic/ddpm64_all/vasc/vasc_00302.png
vasc,synth,data/synthetic/ddpm64_all/vasc/vasc_00303.png
vasc,synth,data/synthetic/ddpm64_all/vasc/vasc_00304.png
vasc,synth,data/synthetic/ddpm64_all/vasc/vasc_00305.png
vasc,synth,data/synthetic/ddpm64_all/vasc/vasc_00306.png
vasc,synth,data/synthetic/ddpm64_all/vasc/vasc_00307.png
vasc,synth,data/synthetic/ddpm64_all/vasc/vasc_00308.png
vasc,synth,data/synthetic/ddpm64_all/vasc/vasc_00309.png
vasc,synth,data/synthetic/ddpm64_all/vasc/vasc_00310.png
vasc,synth,data/synthetic/ddpm64_all/vasc/vasc_00311.png
vasc,synth,data/synthetic/ddpm64_all/vasc/vasc_00312.png
vasc,synth,data/synthetic/ddpm64_all/vasc/vasc_00313.png
vasc,synth,data/synthetic/ddpm64_all/vasc/vasc_00314.png
vasc,synth,data/synthetic/ddpm64_all/vasc/vasc_00315.png
vasc,synth,data/synthetic/ddpm64_all/vasc/vasc_00316.png
vasc,synth,data/synthetic/ddpm64_all/vasc/vasc_00317.png
vasc,synth,data/synthetic/ddpm64_all/vasc/vasc_00318.png
vasc,synth,data/synthetic/ddpm64_all/vasc/vasc_00319.png
vasc,synth,data/synthetic/ddpm64_all/vasc/vasc_00320.png
vasc,synth,data/synthetic/ddpm64_all/vasc/vasc_00321.png
vasc,synth,data/synthetic/ddpm64_all/vasc/vasc_00322.png
vasc,synth,data/synthetic/ddpm64_all/vasc/vasc_00323.png
vasc,synth,data/synthetic/ddpm64_all/vasc/vasc_00324.png
vasc,synth,data/synthetic/ddpm64_all/vasc/vasc_00325.png
vasc,synth,data/synthetic/ddpm64_all/vasc/vasc_00326.png
vasc,synth,data/synthetic/ddpm64_all/vasc/vasc_00327.png
vasc,synth,data/synthetic/ddpm64_all/vasc/vasc_00328.png
vasc,synth,data/synthetic/ddpm64_all/vasc/vasc_00329.png
vasc,synth,data/synthetic/ddpm64_all/vasc/vasc_00330.png
vasc,synth,data/synthetic/ddpm64_all/vasc/vasc_00331.png
vasc,synth,data/synthetic/ddpm64_all/vasc/vasc_00332.png
vasc,synth,data/synthetic/ddpm64_all/vasc/vasc_00333.png
vasc,synth,data/synthetic/ddpm64_all/vasc/vasc_00334.png
vasc,synth,data/synthetic/ddpm64_all/vasc/vasc_00335.png
vasc,synth,data/synthetic/ddpm64_all/vasc/vasc_00336.png
vasc,synth,data/synthetic/ddpm64_all/vasc/vasc_00337.png
vasc,synth,data/synthetic/ddpm64_all/vasc/vasc_00338.png
vasc,synth,data/synthetic/ddpm64_all/vasc/vasc_00339.png
vasc,synth,data/synthetic/ddpm64_all/vasc/vasc_00340.png
vasc,synth,data/synthetic/ddpm64_all/vasc/vasc_00341.png
vasc,synth,data/synthetic/ddpm64_all/vasc/vasc_00342.png
vasc,synth,data/synthetic/ddpm64_all/vasc/vasc_00343.png
vasc,synth,data/synthetic/ddpm64_all/vasc/vasc_00344.png
vasc,synth,data/synthetic/ddpm64_all/vasc/vasc_00345.png
vasc,synth,data/synthetic/ddpm64_all/vasc/vasc_00346.png
vasc,synth,data/synthetic/ddpm64_all/vasc/vasc_00347.png
vasc,synth,data/synthetic/ddpm64_all/vasc/vasc_00348.png
vasc,synth,data/synthetic/ddpm64_all/vasc/vasc_00349.png
vasc,synth,data/synthetic/ddpm64_all/vasc/vasc_00350.png
vasc,synth,data/synthetic/ddpm64_all/vasc/vasc_00351.png
vasc,synth,data/synthetic/ddpm64_all/vasc/vasc_00352.png
vasc,synth,data/synthetic/ddpm64_all/vasc/vasc_00353.png
vasc,synth,data/synthetic/ddpm64_all/vasc/vasc_00354.png
vasc,synth,data/synthetic/ddpm64_all/vasc/vasc_00355.png
vasc,synth,data/synthetic/ddpm64_all/vasc/vasc_00356.png
vasc,synth,data/synthetic/ddpm64_all/vasc/vasc_00357.png
vasc,synth,data/synthetic/ddpm64_all/vasc/vasc_00358.png
vasc,synth,data/synthetic/ddpm64_all/vasc/vasc_00359.png
vasc,synth,data/synthetic/ddpm64_all/vasc/vasc_00360.png
vasc,synth,data/synthetic/ddpm64_all/vasc/vasc_00361.png
vasc,synth,data/synthetic/ddpm64_all/vasc/vasc_00362.png
vasc,synth,data/synthetic/ddpm64_all/vasc/vasc_00363.png
vasc,synth,data/synthetic/ddpm64_all/vasc/vasc_00364.png
vasc,synth,data/synthetic/ddpm64_all/vasc/vasc_00365.png
vasc,synth,data/synthetic/ddpm64_all/vasc/vasc_00366.png
vasc,synth,data/synthetic/ddpm64_all/vasc/vasc_00367.png
vasc,synth,data/synthetic/ddpm64_all/vasc/vasc_00368.png
vasc,synth,data/synthetic/ddpm64_all/vasc/vasc_00369.png
vasc,synth,data/synthetic/ddpm64_all/vasc/vasc_00370.png
vasc,synth,data/synthetic/ddpm64_all/vasc/vasc_00371.png
vasc,synth,data/synthetic/ddpm64_all/vasc/vasc_00372.png
vasc,synth,data/synthetic/ddpm64_all/vasc/vasc_00373.png
vasc,synth,data/synthetic/ddpm64_all/vasc/vasc_00374.png
vasc,synth,data/synthetic/ddpm64_all/vasc/vasc_00375.png
vasc,synth,data/synthetic/ddpm64_all/vasc/vasc_00376.png
vasc,synth,data/synthetic/ddpm64_all/vasc/vasc_00377.png
vasc,synth,data/synthetic/ddpm64_all/vasc/vasc_00378.png
vasc,synth,data/synthetic/ddpm64_all/vasc/vasc_00379.png
vasc,synth,data/synthetic/ddpm64_all/vasc/vasc_00380.png
vasc,synth,data/synthetic/ddpm64_all/vasc/vasc_00381.png
vasc,synth,data/synthetic/ddpm64_all/vasc/vasc_00382.png
vasc,synth,data/synthetic/ddpm64_all/vasc/vasc_00383.png
vasc,synth,data/synthetic/ddpm64_all/vasc/vasc_00384.png
vasc,synth,data/synthetic/ddpm64_all/vasc/vasc_00385.png
vasc,synth,data/synthetic/ddpm64_all/vasc/vasc_00386.png
vasc,synth,data/synthetic/ddpm64_all/vasc/vasc_00387.png
vasc,synth,data/synthetic/ddpm64_all/vasc/vasc_00388.png
vasc,synth,data/synthetic/ddpm64_all/vasc/vasc_00389.png
vasc,synth,data/synthetic/ddpm64_all/vasc/vasc_00390.png
vasc,synth,data/synthetic/ddpm64_all/vasc/vasc_00391.png
vasc,synth,data/synthetic/ddpm64_all/vasc/vasc_00392.png
vasc,synth,data/synthetic/ddpm64_all/vasc/vasc_00393.png
vasc,synth,data/synthetic/ddpm64_all/vasc/vasc_00394.png
vasc,synth,data/synthetic/ddpm64_all/vasc/vasc_00395.png
vasc,synth,data/synthetic/ddpm64_all/vasc/vasc_00396.png
vasc,synth,data/synthetic/ddpm64_all/vasc/vasc_00397.png
vasc,synth,data/synthetic/ddpm64_all/vasc/vasc_00398.png
vasc,synth,data/synthetic/ddpm64_all/vasc/vasc_00399.png
vasc,synth,data/synthetic/ddpm64_all/vasc/vasc_00400.png
vasc,synth,data/synthetic/ddpm64_all/vasc/vasc_00401.png
vasc,synth,data/synthetic/ddpm64_all/vasc/vasc_00402.png
vasc,synth,data/synthetic/ddpm64_all/vasc/vasc_00403.png
vasc,synth,data/synthetic/ddpm64_all/vasc/vasc_00404.png
vasc,synth,data/synthetic/ddpm64_all/vasc/vasc_00405.png
vasc,synth,data/synthetic/ddpm64_all/vasc/vasc_00406.png
vasc,synth,data/synthetic/ddpm64_all/vasc/vasc_00407.png
vasc,synth,data/synthetic/ddpm64_all/vasc/vasc_00408.png
vasc,synth,data/synthetic/ddpm64_all/vasc/vasc_00409.png
vasc,synth,data/synthetic/ddpm64_all/vasc/vasc_00410.png
vasc,synth,data/synthetic/ddpm64_all/vasc/vasc_00411.png
vasc,synth,data/synthetic/ddpm64_all/vasc/vasc_00412.png
vasc,synth,data/synthetic/ddpm64_all/vasc/vasc_00413.png
vasc,synth,data/synthetic/ddpm64_all/vasc/vasc_00414.png
vasc,synth,data/synthetic/ddpm64_all/vasc/vasc_00415.png
vasc,synth,data/synthetic/ddpm64_all/vasc/vasc_00416.png
vasc,synth,data/synthetic/ddpm64_all/vasc/vasc_00417.png
vasc,synth,data/synthetic/ddpm64_all/vasc/vasc_00418.png
vasc,synth,data/synthetic/ddpm64_all/vasc/vasc_00419.png
vasc,synth,data/synthetic/ddpm64_all/vasc/vasc_00420.png
vasc,synth,data/synthetic/ddpm64_all/vasc/vasc_00421.png
vasc,synth,data/synthetic/ddpm64_all/vasc/vasc_00422.png
vasc,synth,data/synthetic/ddpm64_all/vasc/vasc_00423.png
vasc,synth,data/synthetic/ddpm64_all/vasc/vasc_00424.png
vasc,synth,data/synthetic/ddpm64_all/vasc/vasc_00425.png
vasc,synth,data/synthetic/ddpm64_all/vasc/vasc_00426.png
vasc,synth,data/synthetic/ddpm64_all/vasc/vasc_00427.png
vasc,synth,data/synthetic/ddpm64_all/vasc/vasc_00428.png
vasc,synth,data/synthetic/ddpm64_all/vasc/vasc_00429.png
vasc,synth,data/synthetic/ddpm64_all/vasc/vasc_00430.png
vasc,synth,data/synthetic/ddpm64_all/vasc/vasc_00431.png
vasc,synth,data/synthetic/ddpm64_all/vasc/vasc_00432.png
vasc,synth,data/synthetic/ddpm64_all/vasc/vasc_00433.png
vasc,synth,data/synthetic/ddpm64_all/vasc/vasc_00434.png
vasc,synth,data/synthetic/ddpm64_all/vasc/vasc_00435.png
vasc,synth,data/synthetic/ddpm64_all/vasc/vasc_00436.png
vasc,synth,data/synthetic/ddpm64_all/vasc/vasc_00437.png
vasc,synth,data/synthetic/ddpm64_all/vasc/vasc_00438.png
vasc,synth,data/synthetic/ddpm64_all/vasc/vasc_00439.png
vasc,synth,data/synthetic/ddpm64_all/vasc/vasc_00440.png
vasc,synth,data/synthetic/ddpm64_all/vasc/vasc_00441.png
vasc,synth,data/synthetic/ddpm64_all/vasc/vasc_00442.png
vasc,synth,data/synthetic/ddpm64_all/vasc/vasc_00443.png
vasc,synth,data/synthetic/ddpm64_all/vasc/vasc_00444.png
vasc,synth,data/synthetic/ddpm64_all/vasc/vasc_00445.png
vasc,synth,data/synthetic/ddpm64_all/vasc/vasc_00446.png
vasc,synth,data/synthetic/ddpm64_all/vasc/vasc_00447.png
vasc,synth,data/synthetic/ddpm64_all/vasc/vasc_00448.png
vasc,synth,data/synthetic/ddpm64_all/vasc/vasc_00449.png
vasc,synth,data/synthetic/ddpm64_all/vasc/vasc_00450.png
vasc,synth,data/synthetic/ddpm64_all/vasc/vasc_00451.png
vasc,synth,data/synthetic/ddpm64_all/vasc/vasc_00452.png
vasc,synth,data/synthetic/ddpm64_all/vasc/vasc_00453.png
vasc,synth,data/synthetic/ddpm64_all/vasc/vasc_00454.png
vasc,synth,data/synthetic/ddpm64_all/vasc/vasc_00455.png
vasc,synth,data/synthetic/ddpm64_all/vasc/vasc_00456.png
vasc,synth,data/synthetic/ddpm64_all/vasc/vasc_00457.png
vasc,synth,data/synthetic/ddpm64_all/vasc/vasc_00458.png
vasc,synth,data/synthetic/ddpm64_all/vasc/vasc_00459.png
vasc,synth,data/synthetic/ddpm64_all/vasc/vasc_00460.png
vasc,synth,data/synthetic/ddpm64_all/vasc/vasc_00461.png
vasc,synth,data/synthetic/ddpm64_all/vasc/vasc_00462.png
vasc,synth,data/synthetic/ddpm64_all/vasc/vasc_00463.png
vasc,synth,data/synthetic/ddpm64_all/vasc/vasc_00464.png
vasc,synth,data/synthetic/ddpm64_all/vasc/vasc_00465.png
vasc,synth,data/synthetic/ddpm64_all/vasc/vasc_00466.png
vasc,synth,data/synthetic/ddpm64_all/vasc/vasc_00467.png
vasc,synth,data/synthetic/ddpm64_all/vasc/vasc_00468.png
vasc,synth,data/synthetic/ddpm64_all/vasc/vasc_00469.png
vasc,synth,data/synthetic/ddpm64_all/vasc/vasc_00470.png
vasc,synth,data/synthetic/ddpm64_all/vasc/vasc_00471.png
vasc,synth,data/synthetic/ddpm64_all/vasc/vasc_00472.png
vasc,synth,data/synthetic/ddpm64_all/vasc/vasc_00473.png
vasc,synth,data/synthetic/ddpm64_all/vasc/vasc_00474.png
vasc,synth,data/synthetic/ddpm64_all/vasc/vasc_00475.png
vasc,synth,data/synthetic/ddpm64_all/vasc/vasc_00476.png
vasc,synth,data/synthetic/ddpm64_all/vasc/vasc_00477.png
vasc,synth,data/synthetic/ddpm64_all/vasc/vasc_00478.png
vasc,synth,data/synthetic/ddpm64_all/vasc/vasc_00479.png
vasc,synth,data/synthetic/ddpm64_all/vasc/vasc_00480.png
vasc,synth,data/synthetic/ddpm64_all/vasc/vasc_00481.png
vasc,synth,data/synthetic/ddpm64_all/vasc/vasc_00482.png
vasc,synth,data/synthetic/ddpm64_all/vasc/vasc_00483.png
vasc,synth,data/synthetic/ddpm64_all/vasc/vasc_00484.png
vasc,synth,data/synthetic/ddpm64_all/vasc/vasc_00485.png
vasc,synth,data/synthetic/ddpm64_all/vasc/vasc_00486.png
vasc,synth,data/synthetic/ddpm64_all/vasc/vasc_00487.png
vasc,synth,data/synthetic/ddpm64_all/vasc/vasc_00488.png
vasc,synth,data/synthetic/ddpm64_all/vasc/vasc_00489.png
vasc,synth,data/synthetic/ddpm64_all/vasc/vasc_00490.png
vasc,synth,data/synthetic/ddpm64_all/vasc/vasc_00491.png
vasc,synth,data/synthetic/ddpm64_all/vasc/vasc_00492.png
vasc,synth,data/synthetic/ddpm64_all/vasc/vasc_00493.png
vasc,synth,data/synthetic/ddpm64_all/vasc/vasc_00494.png
vasc,synth,data/synthetic/ddpm64_all/vasc/vasc_00495.png
vasc,synth,data/synthetic/ddpm64_all/vasc/vasc_00496.png
vasc,synth,data/synthetic/ddpm64_all/vasc/vasc_00497.png
vasc,synth,data/synthetic/ddpm64_all/vasc/vasc_00498.png
vasc,synth,data/synthetic/ddpm64_all/vasc/vasc_00499.png
vasc,synth,data/synthetic/ddpm64_all/vasc/vasc_00500.png
vasc,synth,data/synthetic/ddpm64_all/vasc/vasc_00501.png
vasc,synth,data/synthetic/ddpm64_all/vasc/vasc_00502.png
vasc,synth,data/synthetic/ddpm64_all/vasc/vasc_00503.png
vasc,synth,data/synthetic/ddpm64_all/vasc/vasc_00504.png
vasc,synth,data/synthetic/ddpm64_all/vasc/vasc_00505.png
vasc,synth,data/synthetic/ddpm64_all/vasc/vasc_00506.png
vasc,synth,data/synthetic/ddpm64_all/vasc/vasc_00507.png
vasc,synth,data/synthetic/ddpm64_all/vasc/vasc_00508.png
vasc,synth,data/synthetic/ddpm64_all/vasc/vasc_00509.png
vasc,synth,data/synthetic/ddpm64_all/vasc/vasc_00510.png
vasc,synth,data/synthetic/ddpm64_all/vasc/vasc_00511.png
vasc,synth,data/synthetic/ddpm64_all/vasc/vasc_00512.png
vasc,synth,data/synthetic/ddpm64_all/vasc/vasc_00513.png
vasc,synth,data/synthetic/ddpm64_all/vasc/vasc_00514.png
vasc,synth,data/synthetic/ddpm64_all/vasc/vasc_00515.png
vasc,synth,data/synthetic/ddpm64_all/vasc/vasc_00516.png
vasc,synth,data/synthetic/ddpm64_all/vasc/vasc_00517.png
vasc,synth,data/synthetic/ddpm64_all/vasc/vasc_00518.png
vasc,synth,data/synthetic/ddpm64_all/vasc/vasc_00519.png
vasc,synth,data/synthetic/ddpm64_all/vasc/vasc_00520.png
vasc,synth,data/synthetic/ddpm64_all/vasc/vasc_00521.png
vasc,synth,data/synthetic/ddpm64_all/vasc/vasc_00522.png
vasc,synth,data/synthetic/ddpm64_all/vasc/vasc_00523.png
vasc,synth,data/synthetic/ddpm64_all/vasc/vasc_00524.png
vasc,synth,data/synthetic/ddpm64_all/vasc/vasc_00525.png
vasc,synth,data/synthetic/ddpm64_all/vasc/vasc_00526.png
vasc,synth,data/synthetic/ddpm64_all/vasc/vasc_00527.png
vasc,synth,data/synthetic/ddpm64_all/vasc/vasc_00528.png
vasc,synth,data/synthetic/ddpm64_all/vasc/vasc_00529.png
vasc,synth,data/synthetic/ddpm64_all/vasc/vasc_00530.png
vasc,synth,data/synthetic/ddpm64_all/vasc/vasc_00531.png
vasc,synth,data/synthetic/ddpm64_all/vasc/vasc_00532.png
vasc,synth,data/synthetic/ddpm64_all/vasc/vasc_00533.png
vasc,synth,data/synthetic/ddpm64_all/vasc/vasc_00534.png
vasc,synth,data/synthetic/ddpm64_all/vasc/vasc_00535.png
vasc,synth,data/synthetic/ddpm64_all/vasc/vasc_00536.png
vasc,synth,data/synthetic/ddpm64_all/vasc/vasc_00537.png
vasc,synth,data/synthetic/ddpm64_all/vasc/vasc_00538.png
vasc,synth,data/synthetic/ddpm64_all/vasc/vasc_00539.png
vasc,synth,data/synthetic/ddpm64_all/vasc/vasc_00540.png
vasc,synth,data/synthetic/ddpm64_all/vasc/vasc_00541.png
vasc,synth,data/synthetic/ddpm64_all/vasc/vasc_00542.png
vasc,synth,data/synthetic/ddpm64_all/vasc/vasc_00543.png
vasc,synth,data/synthetic/ddpm64_all/vasc/vasc_00544.png
vasc,synth,data/synthetic/ddpm64_all/vasc/vasc_00545.png
vasc,synth,data/synthetic/ddpm64_all/vasc/vasc_00546.png
vasc,synth,data/synthetic/ddpm64_all/vasc/vasc_00547.png
vasc,synth,data/synthetic/ddpm64_all/vasc/vasc_00548.png
vasc,synth,data/synthetic/ddpm64_all/vasc/vasc_00549.png
vasc,synth,data/synthetic/ddpm64_all/vasc/vasc_00550.png
vasc,synth,data/synthetic/ddpm64_all/vasc/vasc_00551.png
vasc,synth,data/synthetic/ddpm64_all/vasc/vasc_00552.png
vasc,synth,data/synthetic/ddpm64_all/vasc/vasc_00553.png
vasc,synth,data/synthetic/ddpm64_all/vasc/vasc_00554.png
vasc,synth,data/synthetic/ddpm64_all/vasc/vasc_00555.png
vasc,synth,data/synthetic/ddpm64_all/vasc/vasc_00556.png
vasc,synth,data/synthetic/ddpm64_all/vasc/vasc_00557.png
vasc,synth,data/synthetic/ddpm64_all/vasc/vasc_00558.png
vasc,synth,data/synthetic/ddpm64_all/vasc/vasc_00559.png
vasc,synth,data/synthetic/ddpm64_all/vasc/vasc_00560.png
vasc,synth,data/synthetic/ddpm64_all/vasc/vasc_00561.png
vasc,synth,data/synthetic/ddpm64_all/vasc/vasc_00562.png
vasc,synth,data/synthetic/ddpm64_all/vasc/vasc_00563.png
vasc,synth,data/synthetic/ddpm64_all/vasc/vasc_00564.png
vasc,synth,data/synthetic/ddpm64_all/vasc/vasc_00565.png
vasc,synth,data/synthetic/ddpm64_all/vasc/vasc_00566.png
vasc,synth,data/synthetic/ddpm64_all/vasc/vasc_00567.png
vasc,synth,data/synthetic/ddpm64_all/vasc/vasc_00568.png
vasc,synth,data/synthetic/ddpm64_all/vasc/vasc_00569.png
vasc,synth,data/synthetic/ddpm64_all/vasc/vasc_00570.png
vasc,synth,data/synthetic/ddpm64_all/vasc/vasc_00571.png
vasc,synth,data/synthetic/ddpm64_all/vasc/vasc_00572.png
vasc,synth,data/synthetic/ddpm64_all/vasc/vasc_00573.png
vasc,synth,data/synthetic/ddpm64_all/vasc/vasc_00574.png
vasc,synth,data/synthetic/ddpm64_all/vasc/vasc_00575.png
vasc,synth,data/synthetic/ddpm64_all/vasc/vasc_00576.png
vasc,synth,data/synthetic/ddpm64_all/vasc/vasc_00577.png
vasc,synth,data/synthetic/ddpm64_all/vasc/vasc_00578.png
vasc,synth,data/synthetic/ddpm64_all/vasc/vasc_00579.png
vasc,synth,data/synthetic/ddpm64_all/vasc/vasc_00580.png
vasc,synth,data/synthetic/ddpm64_all/vasc/vasc_00581.png
vasc,synth,data/synthetic/ddpm64_all/vasc/vasc_00582.png
vasc,synth,data/synthetic/ddpm64_all/vasc/vasc_00583.png
vasc,synth,data/synthetic/ddpm64_all/vasc/vasc_00584.png
vasc,synth,data/synthetic/ddpm64_all/vasc/vasc_00585.png
vasc,synth,data/synthetic/ddpm64_all/vasc/vasc_00586.png
vasc,synth,data/synthetic/ddpm64_all/vasc/vasc_00587.png
vasc,synth,data/synthetic/ddpm64_all/vasc/vasc_00588.png
vasc,synth,data/synthetic/ddpm64_all/vasc/vasc_00589.png
vasc,synth,data/synthetic/ddpm64_all/vasc/vasc_00590.png
vasc,synth,data/synthetic/ddpm64_all/vasc/vasc_00591.png
vasc,synth,data/synthetic/ddpm64_all/vasc/vasc_00592.png
vasc,synth,data/synthetic/ddpm64_all/vasc/vasc_00593.png
vasc,synth,data/synthetic/ddpm64_all/vasc/vasc_00594.png
vasc,synth,data/synthetic/ddpm64_all/vasc/vasc_00595.png
vasc,synth,data/synthetic/ddpm64_all/vasc/vasc_00596.png
vasc,synth,data/synthetic/ddpm64_all/vasc/vasc_00597.png
vasc,synth,data/synthetic/ddpm64_all/vasc/vasc_00598.png
vasc,synth,data/synthetic/ddpm64_all/vasc/vasc_00599.png
vasc,synth,data/synthetic/ddpm64_all/vasc/vasc_00600.png
vasc,synth,data/synthetic/ddpm64_all/vasc/vasc_00601.png
vasc,synth,data/synthetic/ddpm64_all/vasc/vasc_00602.png
vasc,synth,data/synthetic/ddpm64_all/vasc/vasc_00603.png
vasc,synth,data/synthetic/ddpm64_all/vasc/vasc_00604.png
vasc,synth,data/synthetic/ddpm64_all/vasc/vasc_00605.png
vasc,synth,data/synthetic/ddpm64_all/vasc/vasc_00606.png
vasc,synth,data/synthetic/ddpm64_all/vasc/vasc_00607.png
vasc,synth,data/synthetic/ddpm64_all/vasc/vasc_00608.png
vasc,synth,data/synthetic/ddpm64_all/vasc/vasc_00609.png
vasc,synth,data/synthetic/ddpm64_all/vasc/vasc_00610.png
vasc,synth,data/synthetic/ddpm64_all/vasc/vasc_00611.png
vasc,synth,data/synthetic/ddpm64_all/vasc/vasc_00612.png
vasc,synth,data/synthetic/ddpm64_all/vasc/vasc_00613.png
vasc,synth,data/synthetic/ddpm64_all/vasc/vasc_00614.png
vasc,synth,data/synthetic/ddpm64_all/vasc/vasc_00615.png
vasc,synth,data/synthetic/ddpm64_all/vasc/vasc_00616.png
vasc,synth,data/synthetic/ddpm64_all/vasc/vasc_00617.png
vasc,synth,data/synthetic/ddpm64_all/vasc/vasc_00618.png
vasc,synth,data/synthetic/ddpm64_all/vasc/vasc_00619.png
vasc,synth,data/synthetic/ddpm64_all/vasc/vasc_00620.png
vasc,synth,data/synthetic/ddpm64_all/vasc/vasc_00621.png
vasc,synth,data/synthetic/ddpm64_all/vasc/vasc_00622.png
vasc,synth,data/synthetic/ddpm64_all/vasc/vasc_00623.png
vasc,synth,data/synthetic/ddpm64_all/vasc/vasc_00624.png
vasc,synth,data/synthetic/ddpm64_all/vasc/vasc_00625.png
vasc,synth,data/synthetic/ddpm64_all/vasc/vasc_00626.png
vasc,synth,data/synthetic/ddpm64_all/vasc/vasc_00627.png
vasc,synth,data/synthetic/ddpm64_all/vasc/vasc_00628.png
vasc,synth,data/synthetic/ddpm64_all/vasc/vasc_00629.png
vasc,synth,data/synthetic/ddpm64_all/vasc/vasc_00630.png
vasc,synth,data/synthetic/ddpm64_all/vasc/vasc_00631.png
vasc,synth,data/synthetic/ddpm64_all/vasc/vasc_00632.png
vasc,synth,data/synthetic/ddpm64_all/vasc/vasc_00633.png
vasc,synth,data/synthetic/ddpm64_all/vasc/vasc_00634.png
vasc,synth,data/synthetic/ddpm64_all/vasc/vasc_00635.png
vasc,synth,data/synthetic/ddpm64_all/vasc/vasc_00636.png
vasc,synth,data/synthetic/ddpm64_all/vasc/vasc_00637.png
vasc,synth,data/synthetic/ddpm64_all/vasc/vasc_00638.png
vasc,synth,data/synthetic/ddpm64_all/vasc/vasc_00639.png
vasc,synth,data/synthetic/ddpm64_all/vasc/vasc_00640.png
vasc,synth,data/synthetic/ddpm64_all/vasc/vasc_00641.png
vasc,synth,data/synthetic/ddpm64_all/vasc/vasc_00642.png
vasc,synth,data/synthetic/ddpm64_all/vasc/vasc_00643.png
vasc,synth,data/synthetic/ddpm64_all/vasc/vasc_00644.png
vasc,synth,data/synthetic/ddpm64_all/vasc/vasc_00645.png
vasc,synth,data/synthetic/ddpm64_all/vasc/vasc_00646.png
vasc,synth,data/synthetic/ddpm64_all/vasc/vasc_00647.png
vasc,synth,data/synthetic/ddpm64_all/vasc/vasc_00648.png
vasc,synth,data/synthetic/ddpm64_all/vasc/vasc_00649.png
vasc,synth,data/synthetic/ddpm64_all/vasc/vasc_00650.png
vasc,synth,data/synthetic/ddpm64_all/vasc/vasc_00651.png
vasc,synth,data/synthetic/ddpm64_all/vasc/vasc_00652.png
vasc,synth,data/synthetic/ddpm64_all/vasc/vasc_00653.png
vasc,synth,data/synthetic/ddpm64_all/vasc/vasc_00654.png
vasc,synth,data/synthetic/ddpm64_all/vasc/vasc_00655.png
vasc,synth,data/synthetic/ddpm64_all/vasc/vasc_00656.png
vasc,synth,data/synthetic/ddpm64_all/vasc/vasc_00657.png
vasc,synth,data/synthetic/ddpm64_all/vasc/vasc_00658.png
vasc,synth,data/synthetic/ddpm64_all/vasc/vasc_00659.png
vasc,synth,data/synthetic/ddpm64_all/vasc/vasc_00660.png
vasc,synth,data/synthetic/ddpm64_all/vasc/vasc_00661.png
vasc,synth,data/synthetic/ddpm64_all/vasc/vasc_00662.png
vasc,synth,data/synthetic/ddpm64_all/vasc/vasc_00663.png
vasc,synth,data/synthetic/ddpm64_all/vasc/vasc_00664.png
vasc,synth,data/synthetic/ddpm64_all/vasc/vasc_00665.png
vasc,synth,data/synthetic/ddpm64_all/vasc/vasc_00666.png
vasc,synth,data/synthetic/ddpm64_all/vasc/vasc_00667.png
vasc,synth,data/synthetic/ddpm64_all/vasc/vasc_00668.png
vasc,synth,data/synthetic/ddpm64_all/vasc/vasc_00669.png
vasc,synth,data/synthetic/ddpm64_all/vasc/vasc_00670.png
vasc,synth,data/synthetic/ddpm64_all/vasc/vasc_00671.png
vasc,synth,data/synthetic/ddpm64_all/vasc/vasc_00672.png
vasc,synth,data/synthetic/ddpm64_all/vasc/vasc_00673.png
vasc,synth,data/synthetic/ddpm64_all/vasc/vasc_00674.png
vasc,synth,data/synthetic/ddpm64_all/vasc/vasc_00675.png
vasc,synth,data/synthetic/ddpm64_all/vasc/vasc_00676.png
vasc,synth,data/synthetic/ddpm64_all/vasc/vasc_00677.png
vasc,synth,data/synthetic/ddpm64_all/vasc/vasc_00678.png
vasc,synth,data/synthetic/ddpm64_all/vasc/vasc_00679.png
vasc,synth,data/synthetic/ddpm64_all/vasc/vasc_00680.png
vasc,synth,data/synthetic/ddpm64_all/vasc/vasc_00681.png
vasc,synth,data/synthetic/ddpm64_all/vasc/vasc_00682.png
vasc,synth,data/synthetic/ddpm64_all/vasc/vasc_00683.png
vasc,synth,data/synthetic/ddpm64_all/vasc/vasc_00684.png
vasc,synth,data/synthetic/ddpm64_all/vasc/vasc_00685.png
vasc,synth,data/synthetic/ddpm64_all/vasc/vasc_00686.png
vasc,synth,data/synthetic/ddpm64_all/vasc/vasc_00687.png
vasc,synth,data/synthetic/ddpm64_all/vasc/vasc_00688.png
vasc,synth,data/synthetic/ddpm64_all/vasc/vasc_00689.png
vasc,synth,data/synthetic/ddpm64_all/vasc/vasc_00690.png
vasc,synth,data/synthetic/ddpm64_all/vasc/vasc_00691.png
vasc,synth,data/synthetic/ddpm64_all/vasc/vasc_00692.png
vasc,synth,data/synthetic/ddpm64_all/vasc/vasc_00693.png
vasc,synth,data/synthetic/ddpm64_all/vasc/vasc_00694.png
vasc,synth,data/synthetic/ddpm64_all/vasc/vasc_00695.png
vasc,synth,data/synthetic/ddpm64_all/vasc/vasc_00696.png
vasc,synth,data/synthetic/ddpm64_all/vasc/vasc_00697.png
vasc,synth,data/synthetic/ddpm64_all/vasc/vasc_00698.png
vasc,synth,data/synthetic/ddpm64_all/vasc/vasc_00699.png
vasc,synth,data/synthetic/ddpm64_all/vasc/vasc_00700.png
vasc,synth,data/synthetic/ddpm64_all/vasc/vasc_00701.png
vasc,synth,data/synthetic/ddpm64_all/vasc/vasc_00702.png
vasc,synth,data/synthetic/ddpm64_all/vasc/vasc_00703.png
vasc,synth,data/synthetic/ddpm64_all/vasc/vasc_00704.png
vasc,synth,data/synthetic/ddpm64_all/vasc/vasc_00705.png
vasc,synth,data/synthetic/ddpm64_all/vasc/vasc_00706.png
vasc,synth,data/synthetic/ddpm64_all/vasc/vasc_00707.png
vasc,synth,data/synthetic/ddpm64_all/vasc/vasc_00708.png
vasc,synth,data/synthetic/ddpm64_all/vasc/vasc_00709.png
vasc,synth,data/synthetic/ddpm64_all/vasc/vasc_00710.png
vasc,synth,data/synthetic/ddpm64_all/vasc/vasc_00711.png
vasc,synth,data/synthetic/ddpm64_all/vasc/vasc_00712.png
vasc,synth,data/synthetic/ddpm64_all/vasc/vasc_00713.png
vasc,synth,data/synthetic/ddpm64_all/vasc/vasc_00714.png
vasc,synth,data/synthetic/ddpm64_all/vasc/vasc_00715.png
vasc,synth,data/synthetic/ddpm64_all/vasc/vasc_00716.png
vasc,synth,data/synthetic/ddpm64_all/vasc/vasc_00717.png
vasc,synth,data/synthetic/ddpm64_all/vasc/vasc_00718.png
vasc,synth,data/synthetic/ddpm64_all/vasc/vasc_00719.png
vasc,synth,data/synthetic/ddpm64_all/vasc/vasc_00720.png
vasc,synth,data/synthetic/ddpm64_all/vasc/vasc_00721.png
vasc,synth,data/synthetic/ddpm64_all/vasc/vasc_00722.png
vasc,synth,data/synthetic/ddpm64_all/vasc/vasc_00723.png
vasc,synth,data/synthetic/ddpm64_all/vasc/vasc_00724.png
vasc,synth,data/synthetic/ddpm64_all/vasc/vasc_00725.png
vasc,synth,data/synthetic/ddpm64_all/vasc/vasc_00726.png
vasc,synth,data/synthetic/ddpm64_all/vasc/vasc_00727.png
vasc,synth,data/synthetic/ddpm64_all/vasc/vasc_00728.png
vasc,synth,data/synthetic/ddpm64_all/vasc/vasc_00729.png
vasc,synth,data/synthetic/ddpm64_all/vasc/vasc_00730.png
vasc,synth,data/synthetic/ddpm64_all/vasc/vasc_00731.png
vasc,synth,data/synthetic/ddpm64_all/vasc/vasc_00732.png
vasc,synth,data/synthetic/ddpm64_all/vasc/vasc_00733.png
vasc,synth,data/synthetic/ddpm64_all/vasc/vasc_00734.png
vasc,synth,data/synthetic/ddpm64_all/vasc/vasc_00735.png
vasc,synth,data/synthetic/ddpm64_all/vasc/vasc_00736.png
vasc,synth,data/synthetic/ddpm64_all/vasc/vasc_00737.png
vasc,synth,data/synthetic/ddpm64_all/vasc/vasc_00738.png
vasc,synth,data/synthetic/ddpm64_all/vasc/vasc_00739.png
vasc,synth,data/synthetic/ddpm64_all/vasc/vasc_00740.png
vasc,synth,data/synthetic/ddpm64_all/vasc/vasc_00741.png
vasc,synth,data/synthetic/ddpm64_all/vasc/vasc_00742.png
vasc,synth,data/synthetic/ddpm64_all/vasc/vasc_00743.png
vasc,synth,data/synthetic/ddpm64_all/vasc/vasc_00744.png
vasc,synth,data/synthetic/ddpm64_all/vasc/vasc_00745.png
vasc,synth,data/synthetic/ddpm64_all/vasc/vasc_00746.png
vasc,synth,data/synthetic/ddpm64_all/vasc/vasc_00747.png
vasc,synth,data/synthetic/ddpm64_all/vasc/vasc_00748.png
vasc,synth,data/synthetic/ddpm64_all/vasc/vasc_00749.png
vasc,synth,data/synthetic/ddpm64_all/vasc/vasc_00750.png
vasc,synth,data/synthetic/ddpm64_all/vasc/vasc_00751.png
vasc,synth,data/synthetic/ddpm64_all/vasc/vasc_00752.png
vasc,synth,data/synthetic/ddpm64_all/vasc/vasc_00753.png
vasc,synth,data/synthetic/ddpm64_all/vasc/vasc_00754.png
vasc,synth,data/synthetic/ddpm64_all/vasc/vasc_00755.png
vasc,synth,data/synthetic/ddpm64_all/vasc/vasc_00756.png
vasc,synth,data/synthetic/ddpm64_all/vasc/vasc_00757.png
vasc,synth,data/synthetic/ddpm64_all/vasc/vasc_00758.png
vasc,synth,data/synthetic/ddpm64_all/vasc/vasc_00759.png
vasc,synth,data/synthetic/ddpm64_all/vasc/vasc_00760.png
vasc,synth,data/synthetic/ddpm64_all/vasc/vasc_00761.png
vasc,synth,data/synthetic/ddpm64_all/vasc/vasc_00762.png
vasc,synth,data/synthetic/ddpm64_all/vasc/vasc_00763.png
vasc,synth,data/synthetic/ddpm64_all/vasc/vasc_00764.png
vasc,synth,data/synthetic/ddpm64_all/vasc/vasc_00765.png
vasc,synth,data/synthetic/ddpm64_all/vasc/vasc_00766.png
vasc,synth,data/synthetic/ddpm64_all/vasc/vasc_00767.png
vasc,synth,data/synthetic/ddpm64_all/vasc/vasc_00768.png
vasc,synth,data/synthetic/ddpm64_all/vasc/vasc_00769.png
vasc,synth,data/synthetic/ddpm64_all/vasc/vasc_00770.png
vasc,synth,data/synthetic/ddpm64_all/vasc/vasc_00771.png
vasc,synth,data/synthetic/ddpm64_all/vasc/vasc_00772.png
vasc,synth,data/synthetic/ddpm64_all/vasc/vasc_00773.png
vasc,synth,data/synthetic/ddpm64_all/vasc/vasc_00774.png
vasc,synth,data/synthetic/ddpm64_all/vasc/vasc_00775.png
vasc,synth,data/synthetic/ddpm64_all/vasc/vasc_00776.png
vasc,synth,data/synthetic/ddpm64_all/vasc/vasc_00777.png
vasc,synth,data/synthetic/ddpm64_all/vasc/vasc_00778.png
vasc,synth,data/synthetic/ddpm64_all/vasc/vasc_00779.png
vasc,synth,data/synthetic/ddpm64_all/vasc/vasc_00780.png
vasc,synth,data/synthetic/ddpm64_all/vasc/vasc_00781.png
vasc,synth,data/synthetic/ddpm64_all/vasc/vasc_00782.png
vasc,synth,data/synthetic/ddpm64_all/vasc/vasc_00783.png
vasc,synth,data/synthetic/ddpm64_all/vasc/vasc_00784.png
vasc,synth,data/synthetic/ddpm64_all/vasc/vasc_00785.png
vasc,synth,data/synthetic/ddpm64_all/vasc/vasc_00786.png
vasc,synth,data/synthetic/ddpm64_all/vasc/vasc_00787.png
vasc,synth,data/synthetic/ddpm64_all/vasc/vasc_00788.png
vasc,synth,data/synthetic/ddpm64_all/vasc/vasc_00789.png
vasc,synth,data/synthetic/ddpm64_all/vasc/vasc_00790.png
vasc,synth,data/synthetic/ddpm64_all/vasc/vasc_00791.png
vasc,synth,data/synthetic/ddpm64_all/vasc/vasc_00792.png
vasc,synth,data/synthetic/ddpm64_all/vasc/vasc_00793.png
vasc,synth,data/synthetic/ddpm64_all/vasc/vasc_00794.png
vasc,synth,data/synthetic/ddpm64_all/vasc/vasc_00795.png
vasc,synth,data/synthetic/ddpm64_all/vasc/vasc_00796.png
vasc,synth,data/synthetic/ddpm64_all/vasc/vasc_00797.png
vasc,synth,data/synthetic/ddpm64_all/vasc/vasc_00798.png
vasc,synth,data/synthetic/ddpm64_all/vasc/vasc_00799.png
vasc,synth,data/synthetic/ddpm64_all/vasc/vasc_00800.png
vasc,synth,data/synthetic/ddpm64_all/vasc/vasc_00801.png
vasc,synth,data/synthetic/ddpm64_all/vasc/vasc_00802.png
vasc,synth,data/synthetic/ddpm64_all/vasc/vasc_00803.png
vasc,synth,data/synthetic/ddpm64_all/vasc/vasc_00804.png
vasc,synth,data/synthetic/ddpm64_all/vasc/vasc_00805.png
vasc,synth,data/synthetic/ddpm64_all/vasc/vasc_00806.png
vasc,synth,data/synthetic/ddpm64_all/vasc/vasc_00807.png
vasc,synth,data/synthetic/ddpm64_all/vasc/vasc_00808.png
vasc,synth,data/synthetic/ddpm64_all/vasc/vasc_00809.png
vasc,synth,data/synthetic/ddpm64_all/vasc/vasc_00810.png
vasc,synth,data/synthetic/ddpm64_all/vasc/vasc_00811.png
vasc,synth,data/synthetic/ddpm64_all/vasc/vasc_00812.png
vasc,synth,data/synthetic/ddpm64_all/vasc/vasc_00813.png
vasc,synth,data/synthetic/ddpm64_all/vasc/vasc_00814.png
vasc,synth,data/synthetic/ddpm64_all/vasc/vasc_00815.png
vasc,synth,data/synthetic/ddpm64_all/vasc/vasc_00816.png
vasc,synth,data/synthetic/ddpm64_all/vasc/vasc_00817.png
vasc,synth,data/synthetic/ddpm64_all/vasc/vasc_00818.png
vasc,synth,data/synthetic/ddpm64_all/vasc/vasc_00819.png
vasc,synth,data/synthetic/ddpm64_all/vasc/vasc_00820.png
vasc,synth,data/synthetic/ddpm64_all/vasc/vasc_00821.png
vasc,synth,data/synthetic/ddpm64_all/vasc/vasc_00822.png
vasc,synth,data/synthetic/ddpm64_all/vasc/vasc_00823.png
vasc,synth,data/synthetic/ddpm64_all/vasc/vasc_00824.png
vasc,synth,data/synthetic/ddpm64_all/vasc/vasc_00825.png
vasc,synth,data/synthetic/ddpm64_all/vasc/vasc_00826.png
vasc,synth,data/synthetic/ddpm64_all/vasc/vasc_00827.png
vasc,synth,data/synthetic/ddpm64_all/vasc/vasc_00828.png
vasc,synth,data/synthetic/ddpm64_all/vasc/vasc_00829.png
vasc,synth,data/synthetic/ddpm64_all/vasc/vasc_00830.png
vasc,synth,data/synthetic/ddpm64_all/vasc/vasc_00831.png
vasc,synth,data/synthetic/ddpm64_all/vasc/vasc_00832.png
vasc,synth,data/synthetic/ddpm64_all/vasc/vasc_00833.png
vasc,synth,data/synthetic/ddpm64_all/vasc/vasc_00834.png
vasc,synth,data/synthetic/ddpm64_all/vasc/vasc_00835.png
vasc,synth,data/synthetic/ddpm64_all/vasc/vasc_00836.png
vasc,synth,data/synthetic/ddpm64_all/vasc/vasc_00837.png
vasc,synth,data/synthetic/ddpm64_all/vasc/vasc_00838.png
vasc,synth,data/synthetic/ddpm64_all/vasc/vasc_00839.png
vasc,synth,data/synthetic/ddpm64_all/vasc/vasc_00840.png
vasc,synth,data/synthetic/ddpm64_all/vasc/vasc_00841.png
vasc,synth,data/synthetic/ddpm64_all/vasc/vasc_00842.png
vasc,synth,data/synthetic/ddpm64_all/vasc/vasc_00843.png
vasc,synth,data/synthetic/ddpm64_all/vasc/vasc_00844.png
vasc,synth,data/synthetic/ddpm64_all/vasc/vasc_00845.png
vasc,synth,data/synthetic/ddpm64_all/vasc/vasc_00846.png
vasc,synth,data/synthetic/ddpm64_all/vasc/vasc_00847.png
vasc,synth,data/synthetic/ddpm64_all/vasc/vasc_00848.png
vasc,synth,data/synthetic/ddpm64_all/vasc/vasc_00849.png
vasc,synth,data/synthetic/ddpm64_all/vasc/vasc_00850.png
vasc,synth,data/synthetic/ddpm64_all/vasc/vasc_00851.png
vasc,synth,data/synthetic/ddpm64_all/vasc/vasc_00852.png
vasc,synth,data/synthetic/ddpm64_all/vasc/vasc_00853.png
vasc,synth,data/synthetic/ddpm64_all/vasc/vasc_00854.png
vasc,synth,data/synthetic/ddpm64_all/vasc/vasc_00855.png
vasc,synth,data/synthetic/ddpm64_all/vasc/vasc_00856.png
vasc,synth,data/synthetic/ddpm64_all/vasc/vasc_00857.png
vasc,synth,data/synthetic/ddpm64_all/vasc/vasc_00858.png
vasc,synth,data/synthetic/ddpm64_all/vasc/vasc_00859.png
vasc,synth,data/synthetic/ddpm64_all/vasc/vasc_00860.png
vasc,synth,data/synthetic/ddpm64_all/vasc/vasc_00861.png
vasc,synth,data/synthetic/ddpm64_all/vasc/vasc_00862.png
vasc,synth,data/synthetic/ddpm64_all/vasc/vasc_00863.png
vasc,synth,data/synthetic/ddpm64_all/vasc/vasc_00864.png
vasc,synth,data/synthetic/ddpm64_all/vasc/vasc_00865.png
vasc,synth,data/synthetic/ddpm64_all/vasc/vasc_00866.png
vasc,synth,data/synthetic/ddpm64_all/vasc/vasc_00867.png
vasc,synth,data/synthetic/ddpm64_all/vasc/vasc_00868.png
vasc,synth,data/synthetic/ddpm64_all/vasc/vasc_00869.png
vasc,synth,data/synthetic/ddpm64_all/vasc/vasc_00870.png
vasc,synth,data/synthetic/ddpm64_all/vasc/vasc_00871.png
vasc,synth,data/synthetic/ddpm64_all/vasc/vasc_00872.png
vasc,synth,data/synthetic/ddpm64_all/vasc/vasc_00873.png
vasc,synth,data/synthetic/ddpm64_all/vasc/vasc_00874.png
vasc,synth,data/synthetic/ddpm64_all/vasc/vasc_00875.png
vasc,synth,data/synthetic/ddpm64_all/vasc/vasc_00876.png
vasc,synth,data/synthetic/ddpm64_all/vasc/vasc_00877.png
vasc,synth,data/synthetic/ddpm64_all/vasc/vasc_00878.png
vasc,synth,data/synthetic/ddpm64_all/vasc/vasc_00879.png
vasc,synth,data/synthetic/ddpm64_all/vasc/vasc_00880.png
vasc,synth,data/synthetic/ddpm64_all/vasc/vasc_00881.png
vasc,synth,data/synthetic/ddpm64_all/vasc/vasc_00882.png
vasc,synth,data/synthetic/ddpm64_all/vasc/vasc_00883.png
vasc,synth,data/synthetic/ddpm64_all/vasc/vasc_00884.png
vasc,synth,data/synthetic/ddpm64_all/vasc/vasc_00885.png
vasc,synth,data/synthetic/ddpm64_all/vasc/vasc_00886.png
vasc,synth,data/synthetic/ddpm64_all/vasc/vasc_00887.png
vasc,synth,data/synthetic/ddpm64_all/vasc/vasc_00888.png
vasc,synth,data/synthetic/ddpm64_all/vasc/vasc_00889.png
vasc,synth,data/synthetic/ddpm64_all/vasc/vasc_00890.png
vasc,synth,data/synthetic/ddpm64_all/vasc/vasc_00891.png
vasc,synth,data/synthetic/ddpm64_all/vasc/vasc_00892.png
vasc,synth,data/synthetic/ddpm64_all/vasc/vasc_00893.png
vasc,synth,data/synthetic/ddpm64_all/vasc/vasc_00894.png
vasc,synth,data/synthetic/ddpm64_all/vasc/vasc_00895.png
vasc,synth,data/synthetic/ddpm64_all/vasc/vasc_00896.png
vasc,synth,data/synthetic/ddpm64_all/vasc/vasc_00897.png
vasc,synth,data/synthetic/ddpm64_all/vasc/vasc_00898.png
vasc,synth,data/synthetic/ddpm64_all/vasc/vasc_00899.png
vasc,synth,data/synthetic/ddpm64_all/vasc/vasc_00900.png
vasc,synth,data/synthetic/ddpm64_all/vasc/vasc_00901.png
vasc,synth,data/synthetic/ddpm64_all/vasc/vasc_00902.png
vasc,synth,data/synthetic/ddpm64_all/vasc/vasc_00903.png
vasc,synth,data/synthetic/ddpm64_all/vasc/vasc_00904.png
vasc,synth,data/synthetic/ddpm64_all/vasc/vasc_00905.png
vasc,synth,data/synthetic/ddpm64_all/vasc/vasc_00906.png
vasc,synth,data/synthetic/ddpm64_all/vasc/vasc_00907.png
vasc,synth,data/synthetic/ddpm64_all/vasc/vasc_00908.png
vasc,synth,data/synthetic/ddpm64_all/vasc/vasc_00909.png
vasc,synth,data/synthetic/ddpm64_all/vasc/vasc_00910.png
vasc,synth,data/synthetic/ddpm64_all/vasc/vasc_00911.png
vasc,synth,data/synthetic/ddpm64_all/vasc/vasc_00912.png
vasc,synth,data/synthetic/ddpm64_all/vasc/vasc_00913.png
vasc,synth,data/synthetic/ddpm64_all/vasc/vasc_00914.png
vasc,synth,data/synthetic/ddpm64_all/vasc/vasc_00915.png
vasc,synth,data/synthetic/ddpm64_all/vasc/vasc_00916.png
vasc,synth,data/synthetic/ddpm64_all/vasc/vasc_00917.png
vasc,synth,data/synthetic/ddpm64_all/vasc/vasc_00918.png
vasc,synth,data/synthetic/ddpm64_all/vasc/vasc_00919.png
vasc,synth,data/synthetic/ddpm64_all/vasc/vasc_00920.png
vasc,synth,data/synthetic/ddpm64_all/vasc/vasc_00921.png
vasc,synth,data/synthetic/ddpm64_all/vasc/vasc_00922.png
vasc,synth,data/synthetic/ddpm64_all/vasc/vasc_00923.png
vasc,synth,data/synthetic/ddpm64_all/vasc/vasc_00924.png
vasc,synth,data/synthetic/ddpm64_all/vasc/vasc_00925.png
vasc,synth,data/synthetic/ddpm64_all/vasc/vasc_00926.png
vasc,synth,data/synthetic/ddpm64_all/vasc/vasc_00927.png
vasc,synth,data/synthetic/ddpm64_all/vasc/vasc_00928.png
vasc,synth,data/synthetic/ddpm64_all/vasc/vasc_00929.png
vasc,synth,data/synthetic/ddpm64_all/vasc/vasc_00930.png
vasc,synth,data/synthetic/ddpm64_all/vasc/vasc_00931.png
vasc,synth,data/synthetic/ddpm64_all/vasc/vasc_00932.png
vasc,synth,data/synthetic/ddpm64_all/vasc/vasc_00933.png
vasc,synth,data/synthetic/ddpm64_all/vasc/vasc_00934.png
vasc,synth,data/synthetic/ddpm64_all/vasc/vasc_00935.png
vasc,synth,data/synthetic/ddpm64_all/vasc/vasc_00936.png
vasc,synth,data/synthetic/ddpm64_all/vasc/vasc_00937.png
vasc,synth,data/synthetic/ddpm64_all/vasc/vasc_00938.png
vasc,synth,data/synthetic/ddpm64_all/vasc/vasc_00939.png
vasc,synth,data/synthetic/ddpm64_all/vasc/vasc_00940.png
vasc,synth,data/synthetic/ddpm64_all/vasc/vasc_00941.png
vasc,synth,data/synthetic/ddpm64_all/vasc/vasc_00942.png
vasc,synth,data/synthetic/ddpm64_all/vasc/vasc_00943.png
vasc,synth,data/synthetic/ddpm64_all/vasc/vasc_00944.png
vasc,synth,data/synthetic/ddpm64_all/vasc/vasc_00945.png
vasc,synth,data/synthetic/ddpm64_all/vasc/vasc_00946.png
vasc,synth,data/synthetic/ddpm64_all/vasc/vasc_00947.png
vasc,synth,data/synthetic/ddpm64_all/vasc/vasc_00948.png
vasc,synth,data/synthetic/ddpm64_all/vasc/vasc_00949.png
vasc,synth,data/synthetic/ddpm64_all/vasc/vasc_00950.png
vasc,synth,data/synthetic/ddpm64_all/vasc/vasc_00951.png
vasc,synth,data/synthetic/ddpm64_all/vasc/vasc_00952.png
vasc,synth,data/synthetic/ddpm64_all/vasc/vasc_00953.png
vasc,synth,data/synthetic/ddpm64_all/vasc/vasc_00954.png
vasc,synth,data/synthetic/ddpm64_all/vasc/vasc_00955.png
vasc,synth,data/synthetic/ddpm64_all/vasc/vasc_00956.png
vasc,synth,data/synthetic/ddpm64_all/vasc/vasc_00957.png
vasc,synth,data/synthetic/ddpm64_all/vasc/vasc_00958.png
vasc,synth,data/synthetic/ddpm64_all/vasc/vasc_00959.png
vasc,synth,data/synthetic/ddpm64_all/vasc/vasc_00960.png
vasc,synth,data/synthetic/ddpm64_all/vasc/vasc_00961.png
vasc,synth,data/synthetic/ddpm64_all/vasc/vasc_00962.png
vasc,synth,data/synthetic/ddpm64_all/vasc/vasc_00963.png
vasc,synth,data/synthetic/ddpm64_all/vasc/vasc_00964.png
vasc,synth,data/synthetic/ddpm64_all/vasc/vasc_00965.png
vasc,synth,data/synthetic/ddpm64_all/vasc/vasc_00966.png
vasc,synth,data/synthetic/ddpm64_all/vasc/vasc_00967.png
vasc,synth,data/synthetic/ddpm64_all/vasc/vasc_00968.png
vasc,synth,data/synthetic/ddpm64_all/vasc/vasc_00969.png
vasc,synth,data/synthetic/ddpm64_all/vasc/vasc_00970.png
vasc,synth,data/synthetic/ddpm64_all/vasc/vasc_00971.png
vasc,synth,data/synthetic/ddpm64_all/vasc/vasc_00972.png
vasc,synth,data/synthetic/ddpm64_all/vasc/vasc_00973.png
vasc,synth,data/synthetic/ddpm64_all/vasc/vasc_00974.png
vasc,synth,data/synthetic/ddpm64_all/vasc/vasc_00975.png
vasc,synth,data/synthetic/ddpm64_all/vasc/vasc_00976.png
vasc,synth,data/synthetic/ddpm64_all/vasc/vasc_00977.png
vasc,synth,data/synthetic/ddpm64_all/vasc/vasc_00978.png
vasc,synth,data/synthetic/ddpm64_all/vasc/vasc_00979.png
vasc,synth,data/synthetic/ddpm64_all/vasc/vasc_00980.png
vasc,synth,data/synthetic/ddpm64_all/vasc/vasc_00981.png
vasc,synth,data/synthetic/ddpm64_all/vasc/vasc_00982.png
vasc,synth,data/synthetic/ddpm64_all/vasc/vasc_00983.png
vasc,synth,data/synthetic/ddpm64_all/vasc/vasc_00984.png
vasc,synth,data/synthetic/ddpm64_all/vasc/vasc_00985.png
vasc,synth,data/synthetic/ddpm64_all/vasc/vasc_00986.png
vasc,synth,data/synthetic/ddpm64_all/vasc/vasc_00987.png
vasc,synth,data/synthetic/ddpm64_all/vasc/vasc_00988.png
vasc,synth,data/synthetic/ddpm64_all/vasc/vasc_00989.png
vasc,synth,data/synthetic/ddpm64_all/vasc/vasc_00990.png
vasc,synth,data/synthetic/ddpm64_all/vasc/vasc_00991.png
vasc,synth,data/synthetic/ddpm64_all/vasc/vasc_00992.png
vasc,synth,data/synthetic/ddpm64_all/vasc/vasc_00993.png
vasc,synth,data/synthetic/ddpm64_all/vasc/vasc_00994.png
vasc,synth,data/synthetic/ddpm64_all/vasc/vasc_00995.png
vasc,synth,data/synthetic/ddpm64_all/vasc/vasc_00996.png
vasc,synth,data/synthetic/ddpm64_all/vasc/vasc_00997.png
vasc,synth,data/synthetic/ddpm64_all/vasc/vasc_00998.png
vasc,synth,data/synthetic/ddpm64_all/vasc/vasc_00999.png
